Nivel,Número de Vacantes,OPEC,Asignación salarial,Experiencia,Dependencias ,Estudio
Instructor,6,228934,4065092,"Doce(12) meses de EXPERIENCIA RELACIONADA, 
 Y, Doce(12) meses de EXPERIENCIA DOCENTE, 
 O, Doce(12) meses de Experiencia relacionada con el ejercicio de enseñanza de idiomas y acreditar la totalidad de las catorce (14) certificaciones de la ruta formativa en “Competencias Integrales para la Cualificación del Instructor SENA","Dependencia: ANTIOQUIA- COMPLEJO TECNOLOGICO PARA LA GESTION AGROEMPRESARIAL,  Municipio: Caucasia, Total vacantes: 1","Título de PROFESIONAL en NBC: EDUCACION
 ,O, NBC:   LENGUAS MODERNAS, LITERATURA, LINGUISTICA Y AFINES."
Profesional,2,228944,7477656,Veintiuno(21) meses de EXPERIENCIA PROFESIONAL RELACIONADA,"Dependencia: ANTIOQUIA- CENTRO DE FORMACION EN DISEÑO, CONFECCION Y MODA,  Municipio: Itagüí, Total vacantes: 1","Título de PROFESIONAL en NBC: ADMINISTRACION
 ,O, NBC:   ARQUITECTURA
 ,O, NBC:   CONTADURIA PUBLICA
 ,O, NBC:   DERECHO Y AFINES
 ,O, NBC:   ECONOMIA
 ,O, NBC:   INGENIERIA ADMINISTRATIVA Y AFINES
 ,O, NBC:   INGENIERIA DE SISTEMAS, TELEMATICA Y AFINES
 ,O, NBC:   INGENIERIA INDUSTRIAL Y AFINES.

Titulo de postgrado en la modalidad de ESPECIALIZACION EN AREAS RELACIONADAS CON LAS FUNCIONES DEL EMPLEO."
Instructor,1,228945,4065092,"Seis(6) meses de EXPERIENCIA DOCENTE, 
 Y, Seis(6) meses de experiencia relacionada con la participación en grupos de investigación registrados en COLCIENCIAS y en la gestión de semilleros de investigación desarrollando proyectos en una de las líneas de investigación avaladas institucionalmente por el SENA y en labores de Formación Profesional","Dependencia: CAUCA-CENTRO DE COMERCIO Y SERVICIOS,  Municipio: Popayán, Total vacantes: 1","Título de MAESTRIA en NBC: ECONOMIA
 ,O, NBC:   EDUCACION
 ,O, NBC:   INGENIERIA AGROINDUSTRIAL, ALIMENTOS Y AFINES
 ,O, NBC:   OTRAS INGENIERIAS
 ,Y, Título de PROFESIONAL en NBC: ECONOMIA
 ,O, NBC:   EDUCACION
 ,O, NBC:   INGENIERIA AGROINDUSTRIAL, ALIMENTOS Y AFINES
 ,O, NBC:   OTRAS INGENIERIAS."
Instructor,7,228946,4065092,"Doce(12) meses de EXPERIENCIA RELACIONADA, 
 Y, Doce(12) meses de EXPERIENCIA DOCENTE, 
 O, Doce(12) meses de Experiencia relacionada con el ejercicio de interacción consigo mismo, con los demás, con la naturaleza y con la trascendencia y acreditar la totalidad de las catorce (14) certificaciones de la ruta formativa en “Competencias Integrales para la Cualificación del Instructor SENA","Dependencia: HUILA- CENTRO DE GESTION Y DESARROLLO SOSTENIBLE SURCOLOMBIANO,  Municipio: Pitalito, Total vacantes: 1","Título de PROFESIONAL en NBC: ANTROPOLOGIA Y ARTES LIBERALES
 ,O, NBC:   CIENCIA POLITICA, RELACIONES INTERNACIONALES
 ,O, NBC:   DERECHO Y AFINES
 ,O, NBC:   EDUCACION
 ,O, NBC:   FILOSOFIA, TEOLOGIA Y AFINES
 ,O, NBC:   PSICOLOGIA
 ,O, NBC:   SOCIOLOGIA, TRABAJO SOCIAL Y AFINES."
Profesional,1,228947,8208795,"Quince(15) meses de experiencia relacionada con implementación de procesos de innovación, o investigación o producción académica, o divulgación científica, o propiedad intelectual, o transferencia tecnológica, o metodologías de evaluación de procesos y seguimiento a proyectos de ciencia, tecnología e innovación","Dependencia: GUAJIRA-CENTRO INDUSTRIAL Y DE ENERGÍAS ALTERNATIVAS,  Municipio: Riohacha, Total vacantes: 1","Título de PROFESIONAL en NBC: ADMINISTRACION
 ,O, NBC:   INGENIERIA DE SISTEMAS, TELEMATICA Y AFINES
 ,O, NBC:   INGENIERIA ELECTRONICA, TELECOMUNICACIONES Y AFINES
 ,O, NBC:   INGENIERIA INDUSTRIAL Y AFINES
 ,O, NBC:   INGENIERIA MECANICA Y AFINES.

Titulo de postgrado en la modalidad de MAESTRIA en NBC: ADMINISTRACION
 ,O, NBC:   INGENIERIA DE SISTEMAS, TELEMATICA Y AFINES
 ,O, NBC:   INGENIERIA ELECTRONICA, TELECOMUNICACIONES Y AFINES
 ,O, NBC:   INGENIERIA INDUSTRIAL Y AFINES
 ,O, NBC:   INGENIERIA MECANICA Y AFINES.


,Y, acreditar una (1) certificación, de entre las siguientes opciones: (1) Fortalecimiento de las Capacidades en Marco Lógico; (2) Fortalecimiento de las Capacidades en Propiedad Intelectual para Investigadores; (3) Escritura y Producción Intelectual o Escritura de Artículos Científicos y Tecnológicos; (4) Herramientas y Competencias para la generación de Innovación; (5) Definición de Indicadores y Vigilancia Tecnológica."
Profesional,1,228948,8208795,"Quince(15) meses de experiencia relacionada con implementación de procesos de innovación, o investigación o producción académica, o divulgación científica, o propiedad intelectual, o transferencia tecnológica, o metodologías de evaluación de procesos y seguimiento a proyectos de ciencia, tecnología e innovación","Dependencia: SANTANDER-CENTRO INDUSTRIAL Y DEL DESARROLLO TECNOLÓGICO,  Municipio: Barrancabermeja, Total vacantes: 1","Título de PROFESIONAL en NBC: DISENO
 ,O, NBC:   INGENIERIA INDUSTRIAL Y AFINES
 ,O, NBC:   OTRAS INGENIERIAS.

Titulo de postgrado en la modalidad de MAESTRIA en NBC: DISENO
 ,O, NBC:   INGENIERIA INDUSTRIAL Y AFINES
 ,O, NBC:   OTRAS INGENIERIAS.


,Y, acreditar una (1) certificación, de entre las siguientes opciones: (1) Fortalecimiento de las Capacidades en Marco Lógico; (2) Fortalecimiento de las Capacidades en Propiedad Intelectual para Investigadores; (3) Escritura y Producción Intelectual o Escritura de Artículos Científicos y Tecnológicos; (4) Herramientas y Competencias para la generación de Innovación; (5) Definición de Indicadores y Vigilancia Tecnológica."
Instructor,2,228949,4065092,"Seis(6) meses de EXPERIENCIA DOCENTE, 
 Y, Seis(6) meses de experiencia relacionada con la participación en grupos de investigación registrados en COLCIENCIAS y en la gestión de semilleros de investigación desarrollando proyectos en una de las líneas de investigación avaladas institucionalmente por el SENA y en labores de Formación Profesional","Dependencia: RISARALDA-CENTRO ATENCIÓN SECTOR AGROPECUARIO,  Municipio: Pereira, Total vacantes: 2","Título de MAESTRIA en NBC: AGRONOMIA
 ,O, NBC:   EDUCACION
 ,O, NBC:   INGENIERIA AGROINDUSTRIAL, ALIMENTOS Y AFINES
 ,O, NBC:   INGENIERIA AGRONOMICA, PECUARIA Y AFINES
 ,O, NBC:   INGENIERIA INDUSTRIAL Y AFINES
 ,O, NBC:   MEDICINA VETERINARIA
 ,O, NBC:   OTRAS INGENIERIAS
 ,O, NBC:   ZOOTECNIA
 ,Y, Título de PROFESIONAL en NBC: AGRONOMIA
 ,O, NBC:   EDUCACION
 ,O, NBC:   INGENIERIA AGROINDUSTRIAL, ALIMENTOS Y AFINES
 ,O, NBC:   INGENIERIA AGRONOMICA, PECUARIA Y AFINES
 ,O, NBC:   INGENIERIA INDUSTRIAL Y AFINES
 ,O, NBC:   MEDICINA VETERINARIA
 ,O, NBC:   OTRAS INGENIERIAS
 ,O, NBC:   ZOOTECNIA."
Profesional,1,228950,9095760,"Diez y ocho(18) meses de experiencia relacionada con implementación de procesos de innovación, o investigación o producción académica, o divulgación científica, o propiedad intelectual, o transferencia tecnológica, o metodologías de evaluación de procesos y seguimiento a proyectos de ciencia, tecnología e innovación","Dependencia: ATLANTICO- CENTRO INDUSTRIAL Y DE AVIACION,  Municipio: Barranquilla, Total vacantes: 1","Título de PROFESIONAL en NBC: INGENIERIA DE SISTEMAS, TELEMATICA Y AFINES
 ,O, NBC:   INGENIERIA ELECTRONICA, TELECOMUNICACIONES Y AFINES.

Titulo de postgrado en la modalidad de MAESTRIA en NBC: INGENIERIA DE SISTEMAS, TELEMATICA Y AFINES
 ,O, NBC:   INGENIERIA ELECTRONICA, TELECOMUNICACIONES Y AFINES.
 ,Y, Acreditar una (1) certificación, de entre las siguientes opciones: (1) Fortalecimiento de las Capacidades en Marco Lógico; (2) Fortalecimiento de las Capacidades en Propiedad Intelectual para Investigadores; (3) Escritura y Producción Intelectual o Escritura de Artículos Científicos y Tecnológicos; (4) Herramientas y Competencias para la Generación de Innovación; (5) Definición de Indicadores de Innovación y Vigilancia Tecnológica."
Instructor,2,228951,4065092,"Seis(6) meses de EXPERIENCIA DOCENTE, 
 Y, Seis(6) meses de experiencia relacionada con la participación en grupos de investigación registrados en COLCIENCIAS y en la gestión de semilleros de investigación desarrollando proyectos en una de las líneas de investigación avaladas institucionalmente por el SENA y en labores de Formación Profesional","Dependencia: CESAR- CENTRO AGROEMPRESARIAL,  Municipio: Aguachica, Total vacantes: 2","Título de MAESTRIA en NBC: EDUCACION
 ,O, NBC:   INGENIERIA DE SISTEMAS, TELEMATICA Y AFINES
 ,O, NBC:   INGENIERIA ELECTRONICA, TELECOMUNICACIONES Y AFINES
 ,O, NBC:   OTRAS INGENIERIAS
 ,O, NBC:   ZOOTECNIA
 ,Y, Título de PROFESIONAL en NBC: EDUCACION
 ,O, NBC:   INGENIERIA DE SISTEMAS, TELEMATICA Y AFINES
 ,O, NBC:   INGENIERIA ELECTRONICA, TELECOMUNICACIONES Y AFINES
 ,O, NBC:   OTRAS INGENIERIAS
 ,O, NBC:   ZOOTECNIA."
Profesional,2,228952,9095760,"Diez y ocho(18) meses de experiencia relacionada con implementación de procesos de innovación, o investigación o producción académica, o divulgación científica, o propiedad intelectual, o transferencia tecnológica, o metodologías de evaluación de procesos y seguimiento a proyectos de ciencia, tecnología e innovación","Dependencia: VALLE-CENTRO NACIONAL DE ASISTENCIA TECNICA A LA INDUSTRIA ASTIN,  Municipio: Cali, Total vacantes: 2","Título de PROFESIONAL en NBC: ADMINISTRACION
 ,O, NBC:   ARQUITECTURA
 ,O, NBC:   ARTES PLASTICAS, VISUALES Y AFINES
 ,O, NBC:   ARTES REPRESENTATIVAS
 ,O, NBC:   BIOLOGIA, MICROBIOLOGIA Y AFINES
 ,O, NBC:   DISENO
 ,O, NBC:   FISICA
 ,O, NBC:   INGENIERIA AGROINDUSTRIAL, ALIMENTOS Y AFINES
 ,O, NBC:   INGENIERIA AMBIENTAL, SANITARIA Y AFINES
 ,O, NBC:   INGENIERIA BIOMEDICA Y AFINES
 ,O, NBC:   INGENIERIA DE MINAS, METALURGIA Y AFINES
 ,O, NBC:   INGENIERIA DE SISTEMAS, TELEMATICA Y AFINES
 ,O, NBC:   INGENIERIA ELECTRICA Y AFINES
 ,O, NBC:   INGENIERIA ELECTRONICA, TELECOMUNICACIONES Y AFINES
 ,O, NBC:   INGENIERIA INDUSTRIAL Y AFINES
 ,O, NBC:   INGENIERIA MECANICA Y AFINES
 ,O, NBC:   INGENIERIA QUIMICA Y AFINES
 ,O, NBC:   MATEMATICAS, ESTADISTICA Y AFINES
 ,O, NBC:   PUBLICIDAD Y AFINES
 ,O, NBC:   QUIMICA Y AFINES.

Titulo de postgrado en la modalidad de MAESTRIA en NBC: ADMINISTRACION
 ,O, NBC:   ARQUITECTURA
 ,O, NBC:   ARTES PLASTICAS, VISUALES Y AFINES
 ,O, NBC:   ARTES REPRESENTATIVAS
 ,O, NBC:   BIOLOGIA, MICROBIOLOGIA Y AFINES
 ,O, NBC:   DISENO
 ,O, NBC:   FISICA
 ,O, NBC:   INGENIERIA AGROINDUSTRIAL, ALIMENTOS Y AFINES
 ,O, NBC:   INGENIERIA AMBIENTAL, SANITARIA Y AFINES
 ,O, NBC:   INGENIERIA BIOMEDICA Y AFINES
 ,O, NBC:   INGENIERIA DE MINAS, METALURGIA Y AFINES
 ,O, NBC:   INGENIERIA DE SISTEMAS, TELEMATICA Y AFINES
 ,O, NBC:   INGENIERIA ELECTRICA Y AFINES
 ,O, NBC:   INGENIERIA ELECTRONICA, TELECOMUNICACIONES Y AFINES
 ,O, NBC:   INGENIERIA INDUSTRIAL Y AFINES
 ,O, NBC:   INGENIERIA MECANICA Y AFINES
 ,O, NBC:   INGENIERIA QUIMICA Y AFINES
 ,O, NBC:   MATEMATICAS, ESTADISTICA Y AFINES
 ,O, NBC:   PUBLICIDAD Y AFINES
 ,O, NBC:   QUIMICA Y AFINES.
 ,Y, Acreditar una (1) certificación, de entre las siguientes opciones: (1) Fortalecimiento de las Capacidades en Marco Lógico; (2) Fortalecimiento de las Capacidades en Propiedad Intelectual para Investigadores; (3) Escritura y Producción Intelectual o Escritura de Artículos Científicos y Tecnológicos; (4) Herramientas y Competencias para la Generación de Innovación; (5) Definición de Indicadores de Innovación y Vigilancia Tecnológica."
Profesional,1,228953,8208795,"Quince(15) meses de experiencia relacionada con implementación de procesos de innovación, o investigación o producción académica, o divulgación científica, o propiedad intelectual, o transferencia tecnológica, o metodologías de evaluación de procesos y seguimiento a proyectos de ciencia, tecnología e innovación","Dependencia: DISTRITO CAPITAL- CENTRO DE GESTION DE MERCADOS, LOGISTICA Y TECNOLOGIAS DE LA INFORMACION,  Municipio: Bogotá D.C., Total vacantes: 1","Título de PROFESIONAL en NBC: INGENIERIA DE SISTEMAS, TELEMATICA Y AFINES
 ,O, NBC:   INGENIERIA ELECTRONICA, TELECOMUNICACIONES Y AFINES
 ,O, NBC:   INGENIERIA INDUSTRIAL Y AFINES
 ,O, NBC:   OTRAS INGENIERIAS
 ,O, NBC:   PUBLICIDAD Y AFINES.

Titulo de postgrado en la modalidad de MAESTRIA en NBC: INGENIERIA DE SISTEMAS, TELEMATICA Y AFINES
 ,O, NBC:   INGENIERIA ELECTRONICA, TELECOMUNICACIONES Y AFINES
 ,O, NBC:   INGENIERIA INDUSTRIAL Y AFINES
 ,O, NBC:   OTRAS INGENIERIAS
 ,O, NBC:   PUBLICIDAD Y AFINES.


,Y, acreditar una (1) certificación, de entre las siguientes opciones: (1) Fortalecimiento de las Capacidades en Marco Lógico; (2) Fortalecimiento de las Capacidades en Propiedad Intelectual para Investigadores; (3) Escritura y Producción Intelectual o Escritura de Artículos Científicos y Tecnológicos; (4) Herramientas y Competencias para la generación de Innovación; (5) Definición de Indicadores y Vigilancia Tecnológica."
Profesional,1,228954,8208795,"Quince(15) meses de experiencia relacionada con implementación de procesos de innovación, o investigación o producción académica, o divulgación científica, o propiedad intelectual, o transferencia tecnológica, o metodologías de evaluación de procesos y seguimiento a proyectos de ciencia, tecnología e innovación","Dependencia: SANTANDER-CENTRO INDUSTRIAL DEL DISEÑO Y LA MANUFACTURA,  Municipio: Floridablanca, Total vacantes: 1","Título de PROFESIONAL en NBC: ARQUITECTURA
 ,O, NBC:   ARTES PLASTICAS, VISUALES Y AFINES
 ,O, NBC:   ARTES REPRESENTATIVAS
 ,O, NBC:   BIOLOGIA, MICROBIOLOGIA Y AFINES
 ,O, NBC:   DISENO
 ,O, NBC:   FISICA
 ,O, NBC:   INGENIERIA AGROINDUSTRIAL, ALIMENTOS Y AFINES
 ,O, NBC:   INGENIERIA AMBIENTAL, SANITARIA Y AFINES
 ,O, NBC:   INGENIERIA BIOMEDICA Y AFINES
 ,O, NBC:   INGENIERIA DE SISTEMAS, TELEMATICA Y AFINES
 ,O, NBC:   INGENIERIA ELECTRICA Y AFINES
 ,O, NBC:   INGENIERIA ELECTRONICA, TELECOMUNICACIONES Y AFINES
 ,O, NBC:   INGENIERIA INDUSTRIAL Y AFINES
 ,O, NBC:   INGENIERIA MECANICA Y AFINES
 ,O, NBC:   INGENIERIA QUIMICA Y AFINES
 ,O, NBC:   MATEMATICAS, ESTADISTICA Y AFINES
 ,O, NBC:   PUBLICIDAD Y AFINES
 ,O, NBC:   QUIMICA Y AFINES.

Titulo de postgrado en la modalidad de MAESTRIA en NBC: ARQUITECTURA
 ,O, NBC:   ARTES PLASTICAS, VISUALES Y AFINES
 ,O, NBC:   ARTES REPRESENTATIVAS
 ,O, NBC:   BIOLOGIA, MICROBIOLOGIA Y AFINES
 ,O, NBC:   DISENO
 ,O, NBC:   FISICA
 ,O, NBC:   INGENIERIA AGROINDUSTRIAL, ALIMENTOS Y AFINES
 ,O, NBC:   INGENIERIA AMBIENTAL, SANITARIA Y AFINES
 ,O, NBC:   INGENIERIA BIOMEDICA Y AFINES
 ,O, NBC:   INGENIERIA DE SISTEMAS, TELEMATICA Y AFINES
 ,O, NBC:   INGENIERIA ELECTRICA Y AFINES
 ,O, NBC:   INGENIERIA ELECTRONICA, TELECOMUNICACIONES Y AFINES
 ,O, NBC:   INGENIERIA INDUSTRIAL Y AFINES
 ,O, NBC:   INGENIERIA MECANICA Y AFINES
 ,O, NBC:   INGENIERIA QUIMICA Y AFINES
 ,O, NBC:   MATEMATICAS, ESTADISTICA Y AFINES
 ,O, NBC:   PUBLICIDAD Y AFINES
 ,O, NBC:   QUIMICA Y AFINES.
 ,Y, Acreditar una (1) certificación, de entre las siguientes opciones: (1) Fortalecimiento de las Capacidades en Marco Lógico; (2) Fortalecimiento de las Capacidades en Propiedad Intelectual para Investigadores; (3) Escritura y Producción Intelectual o Escritura de Artículos Científicos y Tecnológicos; (4) Herramientas y Competencias para la Generación de Innovación; (5) Definición de Indicadores de Innovación y Vigilancia Tecnológica."
Profesional,1,228955,9095760,"Diez y ocho(18) meses de experiencia relacionada con implementación de procesos de innovación, o investigación o producción académica, o divulgación científica, o propiedad intelectual, o transferencia tecnológica, o metodologías de evaluación de procesos y seguimiento a proyectos de ciencia, tecnología e innovación","Dependencia: SANTANDER-CENTRO DE SERVICIOS EMPRESARIALES Y TURÍSTICOS,  Municipio: Bucaramanga, Total vacantes: 1","Título de PROFESIONAL en NBC: INGENIERIA DE SISTEMAS, TELEMATICA Y AFINES
 ,O, NBC:   INGENIERIA INDUSTRIAL Y AFINES
 ,O, NBC:   OTRAS INGENIERIAS
 ,O, NBC:   PUBLICIDAD Y AFINES.

Titulo de postgrado en la modalidad de MAESTRIA en NBC: INGENIERIA DE SISTEMAS, TELEMATICA Y AFINES
 ,O, NBC:   INGENIERIA INDUSTRIAL Y AFINES
 ,O, NBC:   OTRAS INGENIERIAS
 ,O, NBC:   PUBLICIDAD Y AFINES.


,Y, acreditar una (1) certificación, de entre las siguientes opciones: (1) Fortalecimiento de las Capacidades en Marco Lógico; (2) Fortalecimiento de las Capacidades en Propiedad Intelectual para Investigadores; (3) Escritura y Producción Intelectual o Escritura de Artículos Científicos y Tecnológicos; (4) Herramientas y Competencias para la generación de Innovación; (5) Definición de Indicadores y Vigilancia Tecnológica."
Instructor,1,228956,4065092,"Seis(6) meses de EXPERIENCIA DOCENTE, 
 Y, Seis(6) meses de experiencia relacionada con la participación en grupos de investigación registrados en COLCIENCIAS y en la gestión de semilleros de investigación desarrollando proyectos en una de las líneas de investigación avaladas institucionalmente por el SENA y en labores de Formación Profesional","Dependencia: ANTIOQUIA - CENTRO TEXTIL Y DE GESTION INDUSTRIAL,  Municipio: Medellín, Total vacantes: 1","Título de MAESTRIA en NBC: ARTES PLASTICAS, VISUALES Y AFINES
 ,O, NBC:   ARTES REPRESENTATIVAS
 ,O, NBC:   DISENO
 ,O, NBC:   EDUCACION
 ,O, NBC:   INGENIERIA DE SISTEMAS, TELEMATICA Y AFINES
 ,O, NBC:   INGENIERIA ELECTRICA Y AFINES
 ,O, NBC:   INGENIERIA ELECTRONICA, TELECOMUNICACIONES Y AFINES
 ,O, NBC:   INGENIERIA INDUSTRIAL Y AFINES
 ,O, NBC:   INGENIERIA MECANICA Y AFINES
 ,O, NBC:   INGENIERIA QUIMICA Y AFINES
 ,O, NBC:   OTRAS INGENIERIAS
 ,O, NBC:   PUBLICIDAD Y AFINES
 ,Y, Título de PROFESIONAL en NBC: ARTES PLASTICAS, VISUALES Y AFINES
 ,O, NBC:   ARTES REPRESENTATIVAS
 ,O, NBC:   DISENO
 ,O, NBC:   EDUCACION
 ,O, NBC:   INGENIERIA DE SISTEMAS, TELEMATICA Y AFINES
 ,O, NBC:   INGENIERIA ELECTRICA Y AFINES
 ,O, NBC:   INGENIERIA ELECTRONICA, TELECOMUNICACIONES Y AFINES
 ,O, NBC:   INGENIERIA INDUSTRIAL Y AFINES
 ,O, NBC:   INGENIERIA MECANICA Y AFINES
 ,O, NBC:   INGENIERIA QUIMICA Y AFINES
 ,O, NBC:   OTRAS INGENIERIAS
 ,O, NBC:   PUBLICIDAD Y AFINES."
Profesional,1,228958,8208795,"Quince(15) meses de experiencia relacionada con implementación de procesos de innovación, o investigación o producción académica, o divulgación científica, o propiedad intelectual, o transferencia tecnológica, o metodologías de evaluación de procesos y seguimiento a proyectos de ciencia, tecnología e innovación","Dependencia: VALLE-CENTRO AGROPECUARIO DE BUGA,  Municipio: Guadalajara De Buga, Total vacantes: 1","Título de PROFESIONAL en NBC: BIOLOGIA, MICROBIOLOGIA Y AFINES
 ,O, NBC:   INGENIERIA AGRICOLA, FORESTAL Y AFINES
 ,O, NBC:   INGENIERIA AGROINDUSTRIAL, ALIMENTOS Y AFINES
 ,O, NBC:   INGENIERIA AMBIENTAL, SANITARIA Y AFINES
 ,O, NBC:   INGENIERIA INDUSTRIAL Y AFINES.

Titulo de postgrado en la modalidad de MAESTRIA en NBC: BIOLOGIA, MICROBIOLOGIA Y AFINES
 ,O, NBC:   INGENIERIA AGRICOLA, FORESTAL Y AFINES
 ,O, NBC:   INGENIERIA AGROINDUSTRIAL, ALIMENTOS Y AFINES
 ,O, NBC:   INGENIERIA AMBIENTAL, SANITARIA Y AFINES
 ,O, NBC:   INGENIERIA INDUSTRIAL Y AFINES.


,Y, acreditar una (1) certificación, de entre las siguientes opciones: (1) Fortalecimiento de las Capacidades en Marco Lógico; (2) Fortalecimiento de las Capacidades en Propiedad Intelectual para Investigadores; (3) Escritura y Producción Intelectual o Escritura de Artículos Científicos y Tecnológicos; (4) Herramientas y Competencias para la generación de Innovación; (5) Definición de Indicadores y Vigilancia Tecnológica."
Profesional,2,228959,9095760,"Diez y ocho(18) meses de experiencia relacionada con implementación de procesos de innovación, o investigación o producción académica, o divulgación científica, o propiedad intelectual, o transferencia tecnológica, o metodologías de evaluación de procesos y seguimiento a proyectos de ciencia, tecnología e innovación","Dependencia: HUILA-CENTRO DE LA INDUSTRIA, LA EMPRESA Y LOS SERVICIOS,  Municipio: Neiva, Total vacantes: 2","Título de PROFESIONAL en NBC: ARQUITECTURA
 ,O, NBC:   ARTES PLASTICAS, VISUALES Y AFINES
 ,O, NBC:   ARTES REPRESENTATIVAS
 ,O, NBC:   BIOLOGIA, MICROBIOLOGIA Y AFINES
 ,O, NBC:   DISENO
 ,O, NBC:   ECONOMIA
 ,O, NBC:   FISICA
 ,O, NBC:   INGENIERIA AGROINDUSTRIAL, ALIMENTOS Y AFINES
 ,O, NBC:   INGENIERIA AMBIENTAL, SANITARIA Y AFINES
 ,O, NBC:   INGENIERIA BIOMEDICA Y AFINES
 ,O, NBC:   INGENIERIA DE SISTEMAS, TELEMATICA Y AFINES
 ,O, NBC:   INGENIERIA ELECTRICA Y AFINES
 ,O, NBC:   INGENIERIA ELECTRONICA, TELECOMUNICACIONES Y AFINES
 ,O, NBC:   INGENIERIA INDUSTRIAL Y AFINES
 ,O, NBC:   INGENIERIA MECANICA Y AFINES
 ,O, NBC:   INGENIERIA QUIMICA Y AFINES
 ,O, NBC:   MATEMATICAS, ESTADISTICA Y AFINES
 ,O, NBC:   OTRAS INGENIERIAS
 ,O, NBC:   PUBLICIDAD Y AFINES
 ,O, NBC:   QUIMICA Y AFINES.

Titulo de postgrado en la modalidad de MAESTRIA en NBC: ARQUITECTURA
 ,O, NBC:   ARTES PLASTICAS, VISUALES Y AFINES
 ,O, NBC:   ARTES REPRESENTATIVAS
 ,O, NBC:   BIOLOGIA, MICROBIOLOGIA Y AFINES
 ,O, NBC:   DISENO
 ,O, NBC:   ECONOMIA
 ,O, NBC:   FISICA
 ,O, NBC:   INGENIERIA AGROINDUSTRIAL, ALIMENTOS Y AFINES
 ,O, NBC:   INGENIERIA AMBIENTAL, SANITARIA Y AFINES
 ,O, NBC:   INGENIERIA BIOMEDICA Y AFINES
 ,O, NBC:   INGENIERIA DE SISTEMAS, TELEMATICA Y AFINES
 ,O, NBC:   INGENIERIA ELECTRICA Y AFINES
 ,O, NBC:   INGENIERIA ELECTRONICA, TELECOMUNICACIONES Y AFINES
 ,O, NBC:   INGENIERIA INDUSTRIAL Y AFINES
 ,O, NBC:   INGENIERIA MECANICA Y AFINES
 ,O, NBC:   INGENIERIA QUIMICA Y AFINES
 ,O, NBC:   MATEMATICAS, ESTADISTICA Y AFINES
 ,O, NBC:   OTRAS INGENIERIAS
 ,O, NBC:   PUBLICIDAD Y AFINES
 ,O, NBC:   QUIMICA Y AFINES.
 ,Y, Acreditar una (1) certificación, de entre las siguientes opciones: (1) Fortalecimiento de las Capacidades en Marco Lógico; (2) Fortalecimiento de las Capacidades en Propiedad Intelectual para Investigadores; (3) Escritura y Producción Intelectual o Escritura de Artículos Científicos y Tecnológicos; (4) Herramientas y Competencias para la Generación de Innovación; (5) Definición de Indicadores de Innovación y Vigilancia Tecnológica."
Instructor,1,228960,4065092,"Seis(6) meses de EXPERIENCIA DOCENTE, 
 Y, Seis(6) meses de experiencia relacionada con la participación en grupos de investigación registrados en COLCIENCIAS y en la gestión de semilleros de investigación desarrollando proyectos en una de las líneas de investigación avaladas institucionalmente por el SENA y en labores de Formación Profesional","Dependencia: HUILA-CENTRO AGROEMPRESARIAL Y DESARROLLO PECUARIO DEL HUILA,  Municipio: Garzón, Total vacantes: 1","Título de MAESTRIA en NBC: ADMINISTRACION
 ,O, NBC:   EDUCACION
 ,O, NBC:   INGENIERIA DE SISTEMAS, TELEMATICA Y AFINES
 ,O, NBC:   MEDICINA VETERINARIA
 ,O, NBC:   OTRAS INGENIERIAS
 ,Y, Título de PROFESIONAL en NBC: ADMINISTRACION
 ,O, NBC:   EDUCACION
 ,O, NBC:   INGENIERIA DE SISTEMAS, TELEMATICA Y AFINES
 ,O, NBC:   MEDICINA VETERINARIA
 ,O, NBC:   OTRAS INGENIERIAS."
Profesional,1,228961,6188097,Doce(12) meses de EXPERIENCIA PROFESIONAL RELACIONADA,"Dependencia: DIRECCION GENERAL- DIRECCION DE PLANEACION Y DIRECCIONAMIENTO CORPORATIVO,  Municipio: Bogotá D.C., Total vacantes: 1","Título de PROFESIONAL en NBC: ADMINISTRACION
 ,O, NBC:   CIENCIA POLITICA, RELACIONES INTERNACIONALES
 ,O, NBC:   CONTADURIA PUBLICA
 ,O, NBC:   ECONOMIA
 ,O, NBC:   INGENIERIA ADMINISTRATIVA Y AFINES
 ,O, NBC:   INGENIERIA DE SISTEMAS, TELEMATICA Y AFINES
 ,O, NBC:   INGENIERIA INDUSTRIAL Y AFINES
 ,O, NBC:   MATEMATICAS, ESTADISTICA Y AFINES
 ,O, NBC:   OTRAS INGENIERIAS
 ,O, NBC:   SOCIOLOGIA, TRABAJO SOCIAL Y AFINES.

Titulo de postgrado en la modalidad de ESPECIALIZACION EN AREAS RELACIONADAS CON LAS FUNCIONES DEL EMPLEO."
Instructor,3,228962,4065092,"Seis(6) meses de EXPERIENCIA DOCENTE, 
 Y, Seis(6) meses de experiencia relacionada con la participación en grupos de investigación registrados en COLCIENCIAS y en la gestión de semilleros de investigación desarrollando proyectos en una de las líneas de investigación avaladas institucionalmente por el SENA y en labores de Formación Profesional","Dependencia: DISTRITO CAPITAL- CENTRO NACIONAL DE HOTELERIA, TURISMO Y ALIMENTOS,  Municipio: Bogotá D.C., Total vacantes: 3","Título de MAESTRIA en NBC: EDUCACION
 ,O, NBC:   INGENIERIA AGROINDUSTRIAL, ALIMENTOS Y AFINES
 ,O, NBC:   OTRAS INGENIERIAS
 ,O, NBC:   OTROS PROGRAMAS ASOCIADOS A BELLAS ARTES
 ,O, NBC:   QUIMICA Y AFINES
 ,Y, Título de PROFESIONAL en NBC: EDUCACION
 ,O, NBC:   INGENIERIA AGROINDUSTRIAL, ALIMENTOS Y AFINES
 ,O, NBC:   OTRAS INGENIERIAS
 ,O, NBC:   OTROS PROGRAMAS ASOCIADOS A BELLAS ARTES
 ,O, NBC:   QUIMICA Y AFINES."
Instructor,2,228964,4065092,"Seis(6) meses de EXPERIENCIA DOCENTE, 
 Y, Seis(6) meses de experiencia relacionada con la participación en grupos de investigación registrados en COLCIENCIAS y en la gestión de semilleros de investigación desarrollando proyectos en una de las líneas de investigación avaladas institucionalmente por el SENA y en labores de Formación Profesional","Dependencia: META-CENTRO AGROINDUSTRIAL DEL META,  Municipio: Villavicencio, Total vacantes: 2","Título de MAESTRIA en NBC: AGRONOMIA
 ,O, NBC:   EDUCACION
 ,O, NBC:   INGENIERIA AGROINDUSTRIAL, ALIMENTOS Y AFINES
 ,O, NBC:   INGENIERIA AGRONOMICA, PECUARIA Y AFINES
 ,O, NBC:   OTRAS INGENIERIAS
 ,Y, Título de PROFESIONAL en NBC: AGRONOMIA
 ,O, NBC:   EDUCACION
 ,O, NBC:   INGENIERIA AGROINDUSTRIAL, ALIMENTOS Y AFINES
 ,O, NBC:   INGENIERIA AGRONOMICA, PECUARIA Y AFINES
 ,O, NBC:   OTRAS INGENIERIAS."
Instructor,1,228965,4065092,"Doce(12) meses de EXPERIENCIA RELACIONADA, 
 Y, Doce(12) meses de EXPERIENCIA DOCENTE, 
 O, Doce(12) meses de Experiencia relacionada con el ejercicio de trazo y corte en confección industrial y acreditar la totalidad de las catorce (14) certificaciones de la ruta formativa en “Competencias Integrales para la Cualificación del Instructor SENA","Dependencia: DISTRITO CAPITAL-CENTRO DE MANUFACTURA EN TEXTIL Y CUERO,  Municipio: Bogotá D.C., Total vacantes: 1","Título de PROFESIONAL en NBC: DISENO
 ,O, NBC:   INGENIERIA INDUSTRIAL Y AFINES."
Instructor,3,228966,4065092,"Seis(6) meses de EXPERIENCIA DOCENTE, 
 Y, Seis(6) meses de experiencia relacionada con la participación en grupos de investigación registrados en COLCIENCIAS y en la gestión de semilleros de investigación desarrollando proyectos en una de las líneas de investigación avaladas institucionalmente por el SENA y en labores de Formación Profesional","Dependencia: ANTIOQUIA- CENTRO DE SERVICIOS Y GESTIÓN EMPRESARIAL,  Municipio: Medellín, Total vacantes: 3","Título de MAESTRIA en NBC: ADMINISTRACION
 ,O, NBC:   ARTES PLASTICAS, VISUALES Y AFINES
 ,O, NBC:   DISENO
 ,O, NBC:   ECONOMIA
 ,O, NBC:   EDUCACION
 ,O, NBC:   INGENIERIA DE SISTEMAS, TELEMATICA Y AFINES
 ,O, NBC:   INGENIERIA ELECTRONICA, TELECOMUNICACIONES Y AFINES
 ,O, NBC:   OTRAS INGENIERIAS
 ,Y, Título de PROFESIONAL en NBC: ADMINISTRACION
 ,O, NBC:   ARTES PLASTICAS, VISUALES Y AFINES
 ,O, NBC:   DISENO
 ,O, NBC:   ECONOMIA
 ,O, NBC:   EDUCACION
 ,O, NBC:   INGENIERIA DE SISTEMAS, TELEMATICA Y AFINES
 ,O, NBC:   INGENIERIA ELECTRONICA, TELECOMUNICACIONES Y AFINES
 ,O, NBC:   OTRAS INGENIERIAS."
Instructor,10,228967,4065092,"Seis(6) meses de experiencia relacionada con la participación en grupos de investigación registrados en COLCIENCIAS y en la gestión de semilleros de investigación desarrollando proyectos en una de las líneas de investigación avaladas institucionalmente por el SENA y en labores de Formación Profesional, 
 Y, Seis(6) meses de EXPERIENCIA DOCENTE","Dependencia: CALDAS-CENTRO DE AUTOMATIZACIÓN INDUSTRIAL,  Municipio: Manizales, Total vacantes: 6","Título de MAESTRIA en NBC: ADMINISTRACION
 ,O, NBC:   ARQUITECTURA
 ,O, NBC:   ARTES PLASTICAS, VISUALES Y AFINES
 ,O, NBC:   ARTES REPRESENTATIVAS
 ,O, NBC:   BIOLOGIA, MICROBIOLOGIA Y AFINES
 ,O, NBC:   DISENO
 ,O, NBC:   EDUCACION
 ,O, NBC:   FISICA
 ,O, NBC:   INGENIERIA AGROINDUSTRIAL, ALIMENTOS Y AFINES
 ,O, NBC:   INGENIERIA AMBIENTAL, SANITARIA Y AFINES
 ,O, NBC:   INGENIERIA BIOMEDICA Y AFINES
 ,O, NBC:   INGENIERIA DE SISTEMAS, TELEMATICA Y AFINES
 ,O, NBC:   INGENIERIA ELECTRICA Y AFINES
 ,O, NBC:   INGENIERIA ELECTRONICA, TELECOMUNICACIONES Y AFINES
 ,O, NBC:   INGENIERIA INDUSTRIAL Y AFINES
 ,O, NBC:   INGENIERIA MECANICA Y AFINES
 ,O, NBC:   INGENIERIA QUIMICA Y AFINES
 ,O, NBC:   OTRAS INGENIERIAS
 ,O, NBC:   PUBLICIDAD Y AFINES
 ,O, NBC:   QUIMICA Y AFINES
 ,Y, Título de PROFESIONAL en NBC: ADMINISTRACION
 ,O, NBC:   ARQUITECTURA
 ,O, NBC:   ARTES PLASTICAS, VISUALES Y AFINES
 ,O, NBC:   ARTES REPRESENTATIVAS
 ,O, NBC:   BIOLOGIA, MICROBIOLOGIA Y AFINES
 ,O, NBC:   DISENO
 ,O, NBC:   EDUCACION
 ,O, NBC:   FISICA
 ,O, NBC:   INGENIERIA AGROINDUSTRIAL, ALIMENTOS Y AFINES
 ,O, NBC:   INGENIERIA AMBIENTAL, SANITARIA Y AFINES
 ,O, NBC:   INGENIERIA BIOMEDICA Y AFINES
 ,O, NBC:   INGENIERIA DE SISTEMAS, TELEMATICA Y AFINES
 ,O, NBC:   INGENIERIA ELECTRICA Y AFINES
 ,O, NBC:   INGENIERIA ELECTRONICA, TELECOMUNICACIONES Y AFINES
 ,O, NBC:   INGENIERIA INDUSTRIAL Y AFINES
 ,O, NBC:   INGENIERIA MECANICA Y AFINES
 ,O, NBC:   INGENIERIA QUIMICA Y AFINES
 ,O, NBC:   OTRAS INGENIERIAS
 ,O, NBC:   PUBLICIDAD Y AFINES
 ,O, NBC:   QUIMICA Y AFINES."
Profesional,1,228968,8208795,"Quince(15) meses de experiencia relacionada con implementación de procesos de innovación, o investigación o producción académica, o divulgación científica, o propiedad intelectual, o transferencia tecnológica, o metodologías de evaluación de procesos y seguimiento a proyectos de ciencia, tecnología e innovación","Dependencia: ATLANTICO- CENTRO NACIONAL COLOMBO ALEMAN,  Municipio: Barranquilla, Total vacantes: 1","Título de PROFESIONAL en NBC: INGENIERIA DE SISTEMAS, TELEMATICA Y AFINES
 ,O, NBC:   INGENIERIA ELECTRONICA, TELECOMUNICACIONES Y AFINES.

Titulo de postgrado en la modalidad de MAESTRIA en NBC: INGENIERIA DE SISTEMAS, TELEMATICA Y AFINES
 ,O, NBC:   INGENIERIA ELECTRONICA, TELECOMUNICACIONES Y AFINES.


,Y, acreditar una (1) certificación, de entre las siguientes opciones: (1) Fortalecimiento de las Capacidades en Marco Lógico; (2) Fortalecimiento de las Capacidades en Propiedad Intelectual para Investigadores; (3) Escritura y Producción Intelectual o Escritura de Artículos Científicos y Tecnológicos; (4) Herramientas y Competencias para la generación de Innovación; (5) Definición de Indicadores y Vigilancia Tecnológica."
Técnico,1,228969,4637276,Doce(12) meses de EXPERIENCIA RELACIONADA,"Dependencia: DIRECCIÓN GENERAL-SECRETARÍA GENERAL,  Municipio: Bogotá D.C., Total vacantes: 1","Título de TECNOLOGICA en NBC: ADMINISTRACION
 ,O, NBC:   CONTADURIA PUBLICA
 ,O, NBC:   ECONOMIA
 ,O, NBC:   INGENIERIA INDUSTRIAL Y AFINES
 ,O, NBC:   PSICOLOGIA
 ,O, NBC:   SALUD PUBLICA
 ,O, NBC:   SOCIOLOGIA, TRABAJO SOCIAL Y AFINES
 ,O, NBC:   TERAPIAS.

Titulo de postgrado en la modalidad de ESPECIALIZACION TECNOLOGICA en NBC: ADMINISTRACION
 ,O, NBC:   CONTADURIA PUBLICA
 ,O, NBC:   ECONOMIA
 ,O, NBC:   INGENIERIA INDUSTRIAL Y AFINES
 ,O, NBC:   PSICOLOGIA
 ,O, NBC:   SALUD PUBLICA
 ,O, NBC:   SOCIOLOGIA, TRABAJO SOCIAL Y AFINES
 ,O, NBC:   TERAPIAS."
Instructor,1,228970,4065092,"Seis(6) meses de EXPERIENCIA DOCENTE, 
 Y, Seis(6) meses de experiencia relacionada con la participación en grupos de investigación registrados en COLCIENCIAS y en la gestión de semilleros de investigación desarrollando proyectos en una de las líneas de investigación avaladas institucionalmente por el SENA y en labores de Formación Profesional","Dependencia: CUNDINAMARCA- CENTRO DE DESARROLLO AGROEMPRESARIAL,  Municipio: Chía, Total vacantes: 1","Título de MAESTRIA en NBC: ARTES PLASTICAS, VISUALES Y AFINES
 ,O, NBC:   DISENO
 ,O, NBC:   EDUCACION
 ,O, NBC:   INGENIERIA AGROINDUSTRIAL, ALIMENTOS Y AFINES
 ,O, NBC:   INGENIERIA AGRONOMICA, PECUARIA Y AFINES
 ,O, NBC:   OTRAS INGENIERIAS
 ,O, NBC:   ZOOTECNIA
 ,Y, Título de PROFESIONAL en NBC: ARTES PLASTICAS, VISUALES Y AFINES
 ,O, NBC:   DISENO
 ,O, NBC:   EDUCACION
 ,O, NBC:   INGENIERIA AGROINDUSTRIAL, ALIMENTOS Y AFINES
 ,O, NBC:   INGENIERIA AGRONOMICA, PECUARIA Y AFINES
 ,O, NBC:   OTRAS INGENIERIAS
 ,O, NBC:   ZOOTECNIA."
Instructor,2,228971,4065092,"Seis(6) meses de EXPERIENCIA DOCENTE, 
 Y, Seis(6) meses de experiencia relacionada con la participación en grupos de investigación registrados en COLCIENCIAS y en la gestión de semilleros de investigación desarrollando proyectos en una de las líneas de investigación avaladas institucionalmente por el SENA y en labores de Formación Profesional","Dependencia: SANTANDER-CENTRO AGROTURÍSTICO,  Municipio: San Gil, Total vacantes: 2","Título de MAESTRIA en NBC: ADMINISTRACION
 ,O, NBC:   DISENO
 ,O, NBC:   EDUCACION
 ,O, NBC:   INGENIERIA AGRONOMICA, PECUARIA Y AFINES
 ,O, NBC:   INGENIERIA AMBIENTAL, SANITARIA Y AFINES
 ,O, NBC:   INGENIERIA ELECTRONICA, TELECOMUNICACIONES Y AFINES
 ,O, NBC:   OTRAS INGENIERIAS
 ,O, NBC:   ZOOTECNIA
 ,Y, Título de PROFESIONAL en NBC: ADMINISTRACION
 ,O, NBC:   DISENO
 ,O, NBC:   EDUCACION
 ,O, NBC:   INGENIERIA AGRONOMICA, PECUARIA Y AFINES
 ,O, NBC:   INGENIERIA AMBIENTAL, SANITARIA Y AFINES
 ,O, NBC:   INGENIERIA ELECTRONICA, TELECOMUNICACIONES Y AFINES
 ,O, NBC:   OTRAS INGENIERIAS
 ,O, NBC:   ZOOTECNIA."
Instructor,3,228972,4065092,"Seis(6) meses de EXPERIENCIA DOCENTE, 
 Y, Seis(6) meses de experiencia relacionada con la participación en grupos de investigación registrados en COLCIENCIAS y en la gestión de semilleros de investigación desarrollando proyectos en una de las líneas de investigación avaladas institucionalmente por el SENA y en labores de Formación Profesional","Dependencia: NORTE DE SANTANDER- CENTRO DE FORMACION PARA EL DESARROLLO RURAL Y MINERO,  Municipio: Cúcuta, Total vacantes: 3","Título de MAESTRIA en NBC: ARQUITECTURA
 ,O, NBC:   BIOLOGIA, MICROBIOLOGIA Y AFINES
 ,O, NBC:   EDUCACION
 ,O, NBC:   INGENIERIA DE MINAS, METALURGIA Y AFINES
 ,O, NBC:   OTRAS INGENIERIAS
 ,Y, Título de PROFESIONAL en NBC: ARQUITECTURA
 ,O, NBC:   BIOLOGIA, MICROBIOLOGIA Y AFINES
 ,O, NBC:   EDUCACION
 ,O, NBC:   INGENIERIA DE MINAS, METALURGIA Y AFINES
 ,O, NBC:   OTRAS INGENIERIAS."
Instructor,1,228973,4065092,"Seis(6) meses de EXPERIENCIA DOCENTE, 
 Y, Seis(6) meses de experiencia relacionada con la participación en grupos de investigación registrados en COLCIENCIAS y en la gestión de semilleros de investigación desarrollando proyectos en una de las líneas de investigación avaladas institucionalmente por el SENA y en labores de Formación Profesional","Dependencia: VALLE-CENTRO DE TECNOLOGÍAS AGROINDUSTRIALES,  Municipio: Cartago, Total vacantes: 1","Título de MAESTRIA en NBC: EDUCACION
 ,O, NBC:   INGENIERIA AGRICOLA, FORESTAL Y AFINES
 ,O, NBC:   INGENIERIA AGROINDUSTRIAL, ALIMENTOS Y AFINES
 ,O, NBC:   INGENIERIA AGRONOMICA, PECUARIA Y AFINES
 ,O, NBC:   INGENIERIA AMBIENTAL, SANITARIA Y AFINES
 ,O, NBC:   OTRAS INGENIERIAS
 ,O, NBC:   ZOOTECNIA
 ,Y, Título de PROFESIONAL en NBC: EDUCACION
 ,O, NBC:   INGENIERIA AGRICOLA, FORESTAL Y AFINES
 ,O, NBC:   INGENIERIA AGROINDUSTRIAL, ALIMENTOS Y AFINES
 ,O, NBC:   INGENIERIA AGRONOMICA, PECUARIA Y AFINES
 ,O, NBC:   INGENIERIA AMBIENTAL, SANITARIA Y AFINES
 ,O, NBC:   OTRAS INGENIERIAS
 ,O, NBC:   ZOOTECNIA."
Instructor,1,228974,4065092,"Seis(6) meses de EXPERIENCIA DOCENTE, 
 Y, Seis(6) meses de experiencia relacionada con la participación en grupos de investigación registrados en COLCIENCIAS y en la gestión de semilleros de investigación desarrollando proyectos en una de las líneas de investigación avaladas institucionalmente por el SENA y en labores de Formación Profesional","Dependencia: ANTIOQUIA- COMPLEJO TECNOLOGICO, TURISTICO Y AGROINDUSTRIAL DEL OCCIDENTE ANTIOQUEÑO,  Municipio: Santa Fé de Antioquia, Total vacantes: 1","Título de MAESTRIA en NBC: EDUCACION
 ,O, NBC:   INGENIERIA AGROINDUSTRIAL, ALIMENTOS Y AFINES
 ,O, NBC:   OTRAS INGENIERIAS
 ,O, NBC:   PUBLICIDAD Y AFINES
 ,Y, Título de PROFESIONAL en NBC: EDUCACION
 ,O, NBC:   INGENIERIA AGROINDUSTRIAL, ALIMENTOS Y AFINES
 ,O, NBC:   OTRAS INGENIERIAS
 ,O, NBC:   PUBLICIDAD Y AFINES."
Instructor,2,228975,4065092,"Seis(6) meses de EXPERIENCIA DOCENTE, 
 Y, Seis(6) meses de experiencia relacionada con la participación en grupos de investigación registrados en COLCIENCIAS y en la gestión de semilleros de investigación desarrollando proyectos en una de las líneas de investigación avaladas institucionalmente por el SENA y en labores de Formación Profesional","Dependencia: ANTIOQUIA- CENTRO DE SERVICIOS DE SALUD,  Municipio: Medellín, Total vacantes: 2","Título de MAESTRIA en NBC: BIOLOGIA, MICROBIOLOGIA Y AFINES
 ,O, NBC:   EDUCACION
 ,O, NBC:   INGENIERIA QUIMICA Y AFINES
 ,O, NBC:   OTRAS INGENIERIAS
 ,Y, Título de PROFESIONAL en NBC: BIOLOGIA, MICROBIOLOGIA Y AFINES
 ,O, NBC:   EDUCACION
 ,O, NBC:   INGENIERIA QUIMICA Y AFINES
 ,O, NBC:   OTRAS INGENIERIAS."
Instructor,7,228976,4065092,"Seis(6) meses de EXPERIENCIA DOCENTE, 
 Y, Seis(6) meses de experiencia relacionada con la participación en grupos de investigación registrados en COLCIENCIAS y en la gestión de semilleros de investigación desarrollando proyectos en una de las líneas de investigación avaladas institucionalmente por el SENA y en labores de Formación Profesional","Dependencia: HUILA-CENTRO DE LA INDUSTRIA, LA EMPRESA Y LOS SERVICIOS,  Municipio: Neiva, Total vacantes: 7","Título de MAESTRIA en NBC: ARQUITECTURA
 ,O, NBC:   ARTES PLASTICAS, VISUALES Y AFINES
 ,O, NBC:   ARTES REPRESENTATIVAS
 ,O, NBC:   BIOLOGIA, MICROBIOLOGIA Y AFINES
 ,O, NBC:   DISENO
 ,O, NBC:   ECONOMIA
 ,O, NBC:   EDUCACION
 ,O, NBC:   FISICA
 ,O, NBC:   INGENIERIA AGROINDUSTRIAL, ALIMENTOS Y AFINES
 ,O, NBC:   INGENIERIA AMBIENTAL, SANITARIA Y AFINES
 ,O, NBC:   INGENIERIA BIOMEDICA Y AFINES
 ,O, NBC:   INGENIERIA DE SISTEMAS, TELEMATICA Y AFINES
 ,O, NBC:   INGENIERIA ELECTRICA Y AFINES
 ,O, NBC:   INGENIERIA ELECTRONICA, TELECOMUNICACIONES Y AFINES
 ,O, NBC:   INGENIERIA INDUSTRIAL Y AFINES
 ,O, NBC:   INGENIERIA MECANICA Y AFINES
 ,O, NBC:   INGENIERIA QUIMICA Y AFINES
 ,O, NBC:   MATEMATICAS, ESTADISTICA Y AFINES
 ,O, NBC:   OTRAS INGENIERIAS
 ,O, NBC:   PUBLICIDAD Y AFINES
 ,O, NBC:   QUIMICA Y AFINES
 ,Y, Título de PROFESIONAL en NBC: ARQUITECTURA
 ,O, NBC:   ARTES PLASTICAS, VISUALES Y AFINES
 ,O, NBC:   ARTES REPRESENTATIVAS
 ,O, NBC:   BIOLOGIA, MICROBIOLOGIA Y AFINES
 ,O, NBC:   DISENO
 ,O, NBC:   ECONOMIA
 ,O, NBC:   EDUCACION
 ,O, NBC:   FISICA
 ,O, NBC:   INGENIERIA AGROINDUSTRIAL, ALIMENTOS Y AFINES
 ,O, NBC:   INGENIERIA AMBIENTAL, SANITARIA Y AFINES
 ,O, NBC:   INGENIERIA BIOMEDICA Y AFINES
 ,O, NBC:   INGENIERIA DE SISTEMAS, TELEMATICA Y AFINES
 ,O, NBC:   INGENIERIA ELECTRICA Y AFINES
 ,O, NBC:   INGENIERIA ELECTRONICA, TELECOMUNICACIONES Y AFINES
 ,O, NBC:   INGENIERIA INDUSTRIAL Y AFINES
 ,O, NBC:   INGENIERIA MECANICA Y AFINES
 ,O, NBC:   INGENIERIA QUIMICA Y AFINES
 ,O, NBC:   MATEMATICAS, ESTADISTICA Y AFINES
 ,O, NBC:   OTRAS INGENIERIAS
 ,O, NBC:   PUBLICIDAD Y AFINES
 ,O, NBC:   QUIMICA Y AFINES."
Instructor,4,228978,4065092,"Seis(6) meses de EXPERIENCIA DOCENTE, 
 Y, Seis(6) meses de experiencia relacionada con la participación en grupos de investigación registrados en COLCIENCIAS y en la gestión de semilleros de investigación desarrollando proyectos en una de las líneas de investigación avaladas institucionalmente por el SENA y en labores de Formación Profesional","Dependencia: HUILA-CENTRO DE FORMACIÓN AGROINDUSTRIAL,  Municipio: Campoalegre, Total vacantes: 2","Título de MAESTRIA en NBC: BIOLOGIA, MICROBIOLOGIA Y AFINES
 ,O, NBC:   EDUCACION
 ,O, NBC:   INGENIERIA AGRICOLA, FORESTAL Y AFINES
 ,O, NBC:   INGENIERIA AGROINDUSTRIAL, ALIMENTOS Y AFINES
 ,O, NBC:   OTRAS INGENIERIAS
 ,Y, Título de PROFESIONAL en NBC: BIOLOGIA, MICROBIOLOGIA Y AFINES
 ,O, NBC:   EDUCACION
 ,O, NBC:   INGENIERIA AGRICOLA, FORESTAL Y AFINES
 ,O, NBC:   INGENIERIA AGROINDUSTRIAL, ALIMENTOS Y AFINES
 ,O, NBC:   OTRAS INGENIERIAS."
Instructor,1,228979,4065092,"Seis(6) meses de experiencia relacionada con la participación en grupos de investigación registrados en COLCIENCIAS y en la gestión de semilleros de investigación desarrollando proyectos en una de las líneas de investigación avaladas institucionalmente por el SENA y en labores de Formación Profesional, 
 Y, Seis(6) meses de EXPERIENCIA DOCENTE","Dependencia: CAUCA-CENTRO AGROPECUARIO,  Municipio: Popayán, Total vacantes: 1","Título de MAESTRIA en NBC: BIOLOGIA, MICROBIOLOGIA Y AFINES
 ,O, NBC:   EDUCACION
 ,O, NBC:   INGENIERIA AGRICOLA, FORESTAL Y AFINES
 ,O, NBC:   INGENIERIA AMBIENTAL, SANITARIA Y AFINES
 ,O, NBC:   OTRAS INGENIERIAS
 ,Y, Título de PROFESIONAL en NBC: BIOLOGIA, MICROBIOLOGIA Y AFINES
 ,O, NBC:   EDUCACION
 ,O, NBC:   INGENIERIA AGRICOLA, FORESTAL Y AFINES
 ,O, NBC:   INGENIERIA AMBIENTAL, SANITARIA Y AFINES
 ,O, NBC:   OTRAS INGENIERIAS."
Profesional,2,228980,8208795,"Quince(15) meses de experiencia relacionada con implementación de procesos de innovación, o investigación o producción académica, o divulgación científica, o propiedad intelectual, o transferencia tecnológica, o metodologías de evaluación de procesos y seguimiento a proyectos de ciencia, tecnología e innovación","Dependencia: CALDAS- CENTRO DE PROCESOS INDUSTRIALES Y CONSTRUCCION,  Municipio: Manizales, Total vacantes: 1","Título de PROFESIONAL en NBC: ARQUITECTURA
 ,O, NBC:   INGENIERIA AGRICOLA, FORESTAL Y AFINES
 ,O, NBC:   INGENIERIA AMBIENTAL, SANITARIA Y AFINES
 ,O, NBC:   INGENIERIA CIVIL Y AFINES
 ,O, NBC:   INGENIERIA DE SISTEMAS, TELEMATICA Y AFINES
 ,O, NBC:   INGENIERIA ELECTRICA Y AFINES
 ,O, NBC:   INGENIERIA ELECTRONICA, TELECOMUNICACIONES Y AFINES
 ,O, NBC:   INGENIERIA INDUSTRIAL Y AFINES
 ,O, NBC:   INGENIERIA MECANICA Y AFINES
 ,O, NBC:   INGENIERIA QUIMICA Y AFINES.

Titulo de postgrado en la modalidad de MAESTRIA en NBC: ARQUITECTURA
 ,O, NBC:   INGENIERIA AGRICOLA, FORESTAL Y AFINES
 ,O, NBC:   INGENIERIA AMBIENTAL, SANITARIA Y AFINES
 ,O, NBC:   INGENIERIA CIVIL Y AFINES
 ,O, NBC:   INGENIERIA DE SISTEMAS, TELEMATICA Y AFINES
 ,O, NBC:   INGENIERIA ELECTRICA Y AFINES
 ,O, NBC:   INGENIERIA ELECTRONICA, TELECOMUNICACIONES Y AFINES
 ,O, NBC:   INGENIERIA INDUSTRIAL Y AFINES
 ,O, NBC:   INGENIERIA MECANICA Y AFINES
 ,O, NBC:   INGENIERIA QUIMICA Y AFINES.
 ,Y, Acreditar una (1) certificación, de entre las siguientes opciones: (1) Fortalecimiento de las Capacidades en Marco Lógico; (2) Fortalecimiento de las Capacidades en Propiedad Intelectual para Investigadores; (3) Escritura y Producción Intelectual o Escritura de Artículos Científicos y Tecnológicos; (4) Herramientas y Competencias para la Generación de Innovación; (5) Definición de Indicadores de Innovación y Vigilancia Tecnológica."
Instructor,3,228981,4065092,"Seis(6) meses de EXPERIENCIA DOCENTE, 
 Y, Seis(6) meses de experiencia relacionada con la participación en grupos de investigación registrados en COLCIENCIAS y en la gestión de semilleros de investigación desarrollando proyectos en una de las líneas de investigación avaladas institucionalmente por el SENA y en labores de Formación Profesional","Dependencia: CUNDINAMARCA- CENTRO DE LA TECNOLOGIA DEL DISEÑO Y LA PRODUCTIVIDAD EMPRESARIAL,  Municipio: Girardot, Total vacantes: 3","Título de MAESTRIA en NBC: BIOLOGIA, MICROBIOLOGIA Y AFINES
 ,O, NBC:   EDUCACION
 ,O, NBC:   INGENIERIA AGROINDUSTRIAL, ALIMENTOS Y AFINES
 ,O, NBC:   INGENIERIA ELECTRONICA, TELECOMUNICACIONES Y AFINES
 ,O, NBC:   OTRAS INGENIERIAS
 ,O, NBC:   PUBLICIDAD Y AFINES
 ,Y, Título de PROFESIONAL en NBC: BIOLOGIA, MICROBIOLOGIA Y AFINES
 ,O, NBC:   EDUCACION
 ,O, NBC:   INGENIERIA AGROINDUSTRIAL, ALIMENTOS Y AFINES
 ,O, NBC:   INGENIERIA ELECTRONICA, TELECOMUNICACIONES Y AFINES
 ,O, NBC:   OTRAS INGENIERIAS
 ,O, NBC:   PUBLICIDAD Y AFINES."
Instructor,1,228982,4065092,"Seis(6) meses de EXPERIENCIA DOCENTE, 
 Y, Seis(6) meses de experiencia relacionada con la participación en grupos de investigación registrados en COLCIENCIAS y en la gestión de semilleros de investigación desarrollando proyectos en una de las líneas de investigación avaladas institucionalmente por el SENA y en labores de Formación Profesional","Dependencia: CASANARE- CENTRO AGROINDUSTRIAL Y FORTALECIMIENTO EMPRESARIAL DE CASANARE,  Municipio: Yopal, Total vacantes: 1","Título de MAESTRIA en NBC: EDUCACION
 ,O, NBC:   INGENIERIA AGRICOLA, FORESTAL Y AFINES
 ,O, NBC:   INGENIERIA DE SISTEMAS, TELEMATICA Y AFINES
 ,O, NBC:   INGENIERIA ELECTRONICA, TELECOMUNICACIONES Y AFINES
 ,O, NBC:   INGENIERIA INDUSTRIAL Y AFINES
 ,O, NBC:   OTRAS INGENIERIAS
 ,Y, Título de PROFESIONAL en NBC: EDUCACION
 ,O, NBC:   INGENIERIA AGRICOLA, FORESTAL Y AFINES
 ,O, NBC:   INGENIERIA DE SISTEMAS, TELEMATICA Y AFINES
 ,O, NBC:   INGENIERIA ELECTRONICA, TELECOMUNICACIONES Y AFINES
 ,O, NBC:   INGENIERIA INDUSTRIAL Y AFINES
 ,O, NBC:   OTRAS INGENIERIAS."
Instructor,2,228983,4065092,"Seis(6) meses de EXPERIENCIA DOCENTE, 
 Y, Seis(6) meses de experiencia relacionada con la participación en grupos de investigación registrados en COLCIENCIAS y en la gestión de semilleros de investigación desarrollando proyectos en una de las líneas de investigación avaladas institucionalmente por el SENA y en labores de Formación Profesional","Dependencia: ARAUCA- CENTRO DE GESTION Y DESARROLLO AGROINDUSTRIAL DE ARAUCA,  Municipio: Saravena, Total vacantes: 1","Título de MAESTRIA en NBC: EDUCACION
 ,O, NBC:   INGENIERIA AGROINDUSTRIAL, ALIMENTOS Y AFINES
 ,O, NBC:   INGENIERIA AMBIENTAL, SANITARIA Y AFINES
 ,O, NBC:   INGENIERIA ELECTRONICA, TELECOMUNICACIONES Y AFINES
 ,O, NBC:   OTRAS INGENIERIAS
 ,Y, Título de PROFESIONAL en NBC: EDUCACION
 ,O, NBC:   INGENIERIA AGROINDUSTRIAL, ALIMENTOS Y AFINES
 ,O, NBC:   INGENIERIA AMBIENTAL, SANITARIA Y AFINES
 ,O, NBC:   INGENIERIA ELECTRONICA, TELECOMUNICACIONES Y AFINES
 ,O, NBC:   OTRAS INGENIERIAS."
Instructor,2,228984,4065092,"Seis(6) meses de EXPERIENCIA DOCENTE, 
 Y, Seis(6) meses de experiencia relacionada con la participación en grupos de investigación registrados en COLCIENCIAS y en la gestión de semilleros de investigación desarrollando proyectos en una de las líneas de investigación avaladas institucionalmente por el SENA y en labores de Formación Profesional","Dependencia: SANTANDER-CENTRO INDUSTRIAL DE MANTENIMIENTO INTEGRAL,  Municipio: Girón, Total vacantes: 2","Título de MAESTRIA en NBC: DISENO
 ,O, NBC:   EDUCACION
 ,O, NBC:   INGENIERIA DE SISTEMAS, TELEMATICA Y AFINES
 ,O, NBC:   INGENIERIA ELECTRICA Y AFINES
 ,O, NBC:   INGENIERIA INDUSTRIAL Y AFINES
 ,O, NBC:   INGENIERIA MECANICA Y AFINES
 ,O, NBC:   OTRAS INGENIERIAS
 ,Y, Título de PROFESIONAL en NBC: DISENO
 ,O, NBC:   EDUCACION
 ,O, NBC:   INGENIERIA DE SISTEMAS, TELEMATICA Y AFINES
 ,O, NBC:   INGENIERIA ELECTRICA Y AFINES
 ,O, NBC:   INGENIERIA INDUSTRIAL Y AFINES
 ,O, NBC:   INGENIERIA MECANICA Y AFINES
 ,O, NBC:   OTRAS INGENIERIAS."
Instructor,1,228985,4065092,"Seis(6) meses de experiencia relacionada con la participación en grupos de investigación registrados en COLCIENCIAS y en la gestión de semilleros de investigación desarrollando proyectos en una de las líneas de investigación avaladas institucionalmente por el SENA y en labores de Formación Profesional, 
 Y, Seis(6) meses de EXPERIENCIA DOCENTE","Dependencia: SUCRE-CENTRO DE LA INNOVACION, LA TECNOLOGIA Y LOS SERVICIOS,  Municipio: Sincelejo, Total vacantes: 1","Título de MAESTRIA en NBC: BIOLOGIA, MICROBIOLOGIA Y AFINES
 ,O, NBC:   EDUCACION
 ,O, NBC:   INGENIERIA QUIMICA Y AFINES
 ,O, NBC:   OTRAS INGENIERIAS
 ,O, NBC:   PSICOLOGIA
 ,Y, Título de PROFESIONAL en NBC: BIOLOGIA, MICROBIOLOGIA Y AFINES
 ,O, NBC:   EDUCACION
 ,O, NBC:   INGENIERIA QUIMICA Y AFINES
 ,O, NBC:   OTRAS INGENIERIAS
 ,O, NBC:   PSICOLOGIA."
Profesional,1,228986,8208795,"Quince(15) meses de experiencia relacionada con implementación de procesos de innovación, o investigación o producción académica, o divulgación científica, o propiedad intelectual, o transferencia tecnológica, o metodologías de evaluación de procesos y seguimiento a proyectos de ciencia, tecnología e innovación","Dependencia: ANTIOQUIA-CENTRO DE LA INNOVACION, LA AGROINDUSTRIA Y LA AVIACION,  Municipio: Rionegro, Total vacantes: 1","Título de PROFESIONAL en NBC: BIOLOGIA, MICROBIOLOGIA Y AFINES
 ,O, NBC:   INGENIERIA AGROINDUSTRIAL, ALIMENTOS Y AFINES
 ,O, NBC:   INGENIERIA AGRONOMICA, PECUARIA Y AFINES
 ,O, NBC:   INGENIERIA DE SISTEMAS, TELEMATICA Y AFINES
 ,O, NBC:   INGENIERIA ELECTRONICA, TELECOMUNICACIONES Y AFINES
 ,O, NBC:   INGENIERIA QUIMICA Y AFINES.

Titulo de postgrado en la modalidad de MAESTRIA en NBC: BIOLOGIA, MICROBIOLOGIA Y AFINES
 ,O, NBC:   INGENIERIA AGROINDUSTRIAL, ALIMENTOS Y AFINES
 ,O, NBC:   INGENIERIA AGRONOMICA, PECUARIA Y AFINES
 ,O, NBC:   INGENIERIA DE SISTEMAS, TELEMATICA Y AFINES
 ,O, NBC:   INGENIERIA ELECTRONICA, TELECOMUNICACIONES Y AFINES
 ,O, NBC:   INGENIERIA QUIMICA Y AFINES.


,Y, acreditar una (1) certificación, de entre las siguientes opciones: (1) Fortalecimiento de las Capacidades en Marco Lógico; (2) Fortalecimiento de las Capacidades en Propiedad Intelectual para Investigadores; (3) Escritura y Producción Intelectual o Escritura de Artículos Científicos y Tecnológicos; (4) Herramientas y Competencias para la generación de Innovación; (5) Definición de Indicadores y Vigilancia Tecnológica."
Profesional,1,228987,8208795,"Quince(15) meses de experiencia relacionada con implementación de procesos de innovación, o investigación o producción académica, o divulgación científica, o propiedad intelectual, o transferencia tecnológica, o metodologías de evaluación de procesos y seguimiento a proyectos de ciencia, tecnología e innovación","Dependencia: NORTE DE SANTANDER- CENTRO DE FORMACION PARA EL DESARROLLO RURAL Y MINERO,  Municipio: Cúcuta, Total vacantes: 1","Título de PROFESIONAL en NBC: ARQUITECTURA
 ,O, NBC:   BIOLOGIA, MICROBIOLOGIA Y AFINES
 ,O, NBC:   INGENIERIA DE MINAS, METALURGIA Y AFINES
 ,O, NBC:   OTRAS INGENIERIAS.

Titulo de postgrado en la modalidad de MAESTRIA en NBC: ARQUITECTURA
 ,O, NBC:   BIOLOGIA, MICROBIOLOGIA Y AFINES
 ,O, NBC:   INGENIERIA DE MINAS, METALURGIA Y AFINES
 ,O, NBC:   OTRAS INGENIERIAS.
 ,Y, Acreditar una (1) certificación, de entre las siguientes opciones: (1) Fortalecimiento de las Capacidades en Marco Lógico; (2) Fortalecimiento de las Capacidades en Propiedad Intelectual para Investigadores; (3) Escritura y Producción Intelectual o Escritura de Artículos Científicos y Tecnológicos; (4) Herramientas y Competencias para la Generación de Innovación; (5) Definición de Indicadores de Innovación y Vigilancia Tecnológica."
Instructor,1,228988,4065092,"Doce(12) meses de EXPERIENCIA RELACIONADA, 
 Y, Doce(12) meses de EXPERIENCIA DOCENTE, 
 O, Doce(12) meses de Experiencia relacionada con el ejercicio de motocicletas y acreditar la totalidad de las catorce (14) certificaciones de la ruta formativa en “Competencias Integrales para la Cualificación del Instructor SENA","Dependencia: NORTE DE SANTANDER- CENTRO DE LA INDUSTRIA, LA EMPRESA Y LOS SERVICIOS,  Municipio: Cúcuta, Total vacantes: 1","Título de PROFESIONAL en NBC: INGENIERIA INDUSTRIAL Y AFINES
 ,O, NBC:   INGENIERIA MECANICA Y AFINES."
Profesional,1,228989,8208795,"Quince(15) meses de experiencia relacionada con implementación de procesos de innovación, o investigación o producción académica, o divulgación científica, o propiedad intelectual, o transferencia tecnológica, o metodologías de evaluación de procesos y seguimiento a proyectos de ciencia, tecnología e innovación","Dependencia: ANTIOQUIA- COMPLEJO TECNOLOGICO AGROINDUSTRIAL, PECUARIO Y TURISTICO,  Municipio: Apartadó, Total vacantes: 1","Título de PROFESIONAL en NBC: ADMINISTRACION
 ,O, NBC:   BIOLOGIA, MICROBIOLOGIA Y AFINES
 ,O, NBC:   INGENIERIA AGRONOMICA, PECUARIA Y AFINES
 ,O, NBC:   INGENIERIA DE SISTEMAS, TELEMATICA Y AFINES.

Titulo de postgrado en la modalidad de MAESTRIA en NBC: ADMINISTRACION
 ,O, NBC:   BIOLOGIA, MICROBIOLOGIA Y AFINES
 ,O, NBC:   INGENIERIA AGRONOMICA, PECUARIA Y AFINES
 ,O, NBC:   INGENIERIA DE SISTEMAS, TELEMATICA Y AFINES.


,Y, acreditar una (1) certificación, de entre las siguientes opciones: (1) Fortalecimiento de las Capacidades en Marco Lógico; (2) Fortalecimiento de las Capacidades en Propiedad Intelectual para Investigadores; (3) Escritura y Producción Intelectual o Escritura de Artículos Científicos y Tecnológicos; (4) Herramientas y Competencias para la generación de Innovación; (5) Definición de Indicadores y Vigilancia Tecnológica."
Profesional,1,228990,8208795,"Quince(15) meses de experiencia relacionada con implementación de procesos de innovación, o investigación o producción académica, o divulgación científica, o propiedad intelectual, o transferencia tecnológica, o metodologías de evaluación de procesos y seguimiento a proyectos de ciencia, tecnología e innovación","Dependencia: SANTANDER-CENTRO INDUSTRIAL DE MANTENIMIENTO INTEGRAL,  Municipio: Girón, Total vacantes: 1","Título de PROFESIONAL en NBC: DISENO
 ,O, NBC:   INGENIERIA DE SISTEMAS, TELEMATICA Y AFINES
 ,O, NBC:   INGENIERIA ELECTRICA Y AFINES
 ,O, NBC:   INGENIERIA INDUSTRIAL Y AFINES
 ,O, NBC:   INGENIERIA MECANICA Y AFINES.

Titulo de postgrado en la modalidad de MAESTRIA en NBC: DISENO
 ,O, NBC:   INGENIERIA DE SISTEMAS, TELEMATICA Y AFINES
 ,O, NBC:   INGENIERIA ELECTRICA Y AFINES
 ,O, NBC:   INGENIERIA INDUSTRIAL Y AFINES
 ,O, NBC:   INGENIERIA MECANICA Y AFINES.
 ,Y, Acreditar una (1) certificación, de entre las siguientes opciones: (1) Fortalecimiento de las Capacidades en Marco Lógico; (2) Fortalecimiento de las Capacidades en Propiedad Intelectual para Investigadores; (3) Escritura y Producción Intelectual o Escritura de Artículos Científicos y Tecnológicos; (4) Herramientas y Competencias para la Generación de Innovación; (5) Definición de Indicadores de Innovación y Vigilancia Tecnológica."
Profesional,1,228991,8208795,"Quince(15) meses de experiencia relacionada con implementación de procesos de innovación, o investigación o producción académica, o divulgación científica, o propiedad intelectual, o transferencia tecnológica, o metodologías de evaluación de procesos y seguimiento a proyectos de ciencia, tecnología e innovación","Dependencia: ANTIOQUIA-CENTRO TECNOLÓGICO DEL MOBILIARIO,  Municipio: Itagüí, Total vacantes: 1","Título de PROFESIONAL en NBC: ARQUITECTURA
 ,O, NBC:   ARTES PLASTICAS, VISUALES Y AFINES
 ,O, NBC:   ARTES REPRESENTATIVAS
 ,O, NBC:   DISENO
 ,O, NBC:   INGENIERIA MECANICA Y AFINES
 ,O, NBC:   OTRAS INGENIERIAS
 ,O, NBC:   PUBLICIDAD Y AFINES.

Titulo de postgrado en la modalidad de MAESTRIA en NBC: ARQUITECTURA
 ,O, NBC:   ARTES PLASTICAS, VISUALES Y AFINES
 ,O, NBC:   ARTES REPRESENTATIVAS
 ,O, NBC:   DISENO
 ,O, NBC:   INGENIERIA MECANICA Y AFINES
 ,O, NBC:   OTRAS INGENIERIAS
 ,O, NBC:   PUBLICIDAD Y AFINES.


,Y, acreditar una (1) certificación, de entre las siguientes opciones: (1) Fortalecimiento de las Capacidades en Marco Lógico; (2) Fortalecimiento de las Capacidades en Propiedad Intelectual para Investigadores; (3) Escritura y Producción Intelectual o Escritura de Artículos Científicos y Tecnológicos; (4) Herramientas y Competencias para la generación de Innovación; (5) Definición de Indicadores y Vigilancia Tecnológica."
Instructor,2,228992,4065092,"Seis(6) meses de EXPERIENCIA DOCENTE, 
 Y, Seis(6) meses de experiencia relacionada con la participación en grupos de investigación registrados en COLCIENCIAS y en la gestión de semilleros de investigación desarrollando proyectos en una de las líneas de investigación avaladas institucionalmente por el SENA y en labores de Formación Profesional","Dependencia: AMAZONAS- CENTRO PARA LA BIODIVERSIDAD Y EL TURISMO DEL AMAZONAS,  Municipio: Leticia, Total vacantes: 2","Título de MAESTRIA en NBC: BIOLOGIA, MICROBIOLOGIA Y AFINES
 ,O, NBC:   EDUCACION
 ,O, NBC:   INGENIERIA AGROINDUSTRIAL, ALIMENTOS Y AFINES
 ,O, NBC:   INGENIERIA CIVIL Y AFINES
 ,O, NBC:   OTRAS INGENIERIAS
 ,Y, Título de PROFESIONAL en NBC: BIOLOGIA, MICROBIOLOGIA Y AFINES
 ,O, NBC:   EDUCACION
 ,O, NBC:   INGENIERIA AGROINDUSTRIAL, ALIMENTOS Y AFINES
 ,O, NBC:   INGENIERIA CIVIL Y AFINES
 ,O, NBC:   OTRAS INGENIERIAS."
Profesional,1,228993,8208795,"Quince(15) meses de experiencia relacionada con implementación de procesos de innovación, o investigación o producción académica, o divulgación científica, o propiedad intelectual, o transferencia tecnológica, o metodologías de evaluación de procesos y seguimiento a proyectos de ciencia, tecnología e innovación","Dependencia: CESAR-CENTRO DE INNOVACION Y DE GESTION EMPRESARIAL Y CULTURAL,  Municipio: Valledupar, Total vacantes: 1","Título de PROFESIONAL en NBC: INGENIERIA AGROINDUSTRIAL, ALIMENTOS Y AFINES
 ,O, NBC:   INGENIERIA AMBIENTAL, SANITARIA Y AFINES
 ,O, NBC:   INGENIERIA BIOMEDICA Y AFINES
 ,O, NBC:   INGENIERIA DE MINAS, METALURGIA Y AFINES
 ,O, NBC:   INGENIERIA DE SISTEMAS, TELEMATICA Y AFINES
 ,O, NBC:   INGENIERIA ELECTRICA Y AFINES
 ,O, NBC:   INGENIERIA ELECTRONICA, TELECOMUNICACIONES Y AFINES
 ,O, NBC:   INGENIERIA INDUSTRIAL Y AFINES
 ,O, NBC:   INGENIERIA MECANICA Y AFINES
 ,O, NBC:   INGENIERIA QUIMICA Y AFINES.

Titulo de postgrado en la modalidad de MAESTRIA en NBC: INGENIERIA AGROINDUSTRIAL, ALIMENTOS Y AFINES
 ,O, NBC:   INGENIERIA AMBIENTAL, SANITARIA Y AFINES
 ,O, NBC:   INGENIERIA BIOMEDICA Y AFINES
 ,O, NBC:   INGENIERIA DE MINAS, METALURGIA Y AFINES
 ,O, NBC:   INGENIERIA DE SISTEMAS, TELEMATICA Y AFINES
 ,O, NBC:   INGENIERIA ELECTRICA Y AFINES
 ,O, NBC:   INGENIERIA ELECTRONICA, TELECOMUNICACIONES Y AFINES
 ,O, NBC:   INGENIERIA INDUSTRIAL Y AFINES
 ,O, NBC:   INGENIERIA MECANICA Y AFINES
 ,O, NBC:   INGENIERIA QUIMICA Y AFINES.


,Y, acreditar una (1) certificación, de entre las siguientes opciones: (1) Fortalecimiento de las Capacidades en Marco Lógico; (2) Fortalecimiento de las Capacidades en Propiedad Intelectual para Investigadores; (3) Escritura y Producción Intelectual o Escritura de Artículos Científicos y Tecnológicos; (4) Herramientas y Competencias para la generación de Innovación; (5) Definición de Indicadores y Vigilancia Tecnológica."
Instructor,3,228994,4065092,"Seis(6) meses de EXPERIENCIA DOCENTE, 
 Y, Seis(6) meses de experiencia relacionada con la participación en grupos de investigación registrados en COLCIENCIAS y en la gestión de semilleros de investigación desarrollando proyectos en una de las líneas de investigación avaladas institucionalmente por el SENA y en labores de Formación Profesional","Dependencia: DISTRITO CAPITAL- CENTRO DE GESTION DE MERCADOS, LOGISTICA Y TECNOLOGIAS DE LA INFORMACION,  Municipio: Bogotá D.C., Total vacantes: 3","Título de MAESTRIA en NBC: EDUCACION
 ,O, NBC:   INGENIERIA DE SISTEMAS, TELEMATICA Y AFINES
 ,O, NBC:   INGENIERIA ELECTRONICA, TELECOMUNICACIONES Y AFINES
 ,O, NBC:   INGENIERIA INDUSTRIAL Y AFINES
 ,O, NBC:   OTRAS INGENIERIAS
 ,O, NBC:   PUBLICIDAD Y AFINES
 ,Y, Título de PROFESIONAL en NBC: EDUCACION
 ,O, NBC:   INGENIERIA DE SISTEMAS, TELEMATICA Y AFINES
 ,O, NBC:   INGENIERIA ELECTRONICA, TELECOMUNICACIONES Y AFINES
 ,O, NBC:   INGENIERIA INDUSTRIAL Y AFINES
 ,O, NBC:   OTRAS INGENIERIAS
 ,O, NBC:   PUBLICIDAD Y AFINES."
Profesional,1,228995,8208795,"Quince(15) meses de experiencia relacionada con implementación de procesos de innovación, o investigación o producción académica, o divulgación científica, o propiedad intelectual, o transferencia tecnológica, o metodologías de evaluación de procesos y seguimiento a proyectos de ciencia, tecnología e innovación","Dependencia: CALDAS- CENTRO PARA LA FORMACIÓN CAFETERA,  Municipio: Manizales, Total vacantes: 1","Título de PROFESIONAL en NBC: ADMINISTRACION
 ,O, NBC:   INGENIERIA QUIMICA Y AFINES
 ,O, NBC:   MEDICINA VETERINARIA
 ,O, NBC:   OTRAS INGENIERIAS
 ,O, NBC:   ZOOTECNIA.

Titulo de postgrado en la modalidad de MAESTRIA en NBC: ADMINISTRACION
 ,O, NBC:   INGENIERIA QUIMICA Y AFINES
 ,O, NBC:   MEDICINA VETERINARIA
 ,O, NBC:   OTRAS INGENIERIAS
 ,O, NBC:   ZOOTECNIA.


,Y, acreditar una (1) certificación, de entre las siguientes opciones: (1) Fortalecimiento de las Capacidades en Marco Lógico; (2) Fortalecimiento de las Capacidades en Propiedad Intelectual para Investigadores; (3) Escritura y Producción Intelectual o Escritura de Artículos Científicos y Tecnológicos; (4) Herramientas y Competencias para la generación de Innovación; (5) Definición de Indicadores y Vigilancia Tecnológica."
Profesional,1,228996,8208795,"Quince(15) meses de experiencia relacionada con implementación de procesos de innovación, o investigación o producción académica, o divulgación científica, o propiedad intelectual, o transferencia tecnológica, o metodologías de evaluación de procesos y seguimiento a proyectos de ciencia, tecnología e innovación","Dependencia: CUNDINAMARCA- CENTRO DE LA TECNOLOGIA DEL DISEÑO Y LA PRODUCTIVIDAD EMPRESARIAL,  Municipio: Girardot, Total vacantes: 1","Título de PROFESIONAL en NBC: BIOLOGIA, MICROBIOLOGIA Y AFINES
 ,O, NBC:   PUBLICIDAD Y AFINES.

Titulo de postgrado en la modalidad de MAESTRIA en NBC: BIOLOGIA, MICROBIOLOGIA Y AFINES
 ,O, NBC:   PUBLICIDAD Y AFINES.


,Y, acreditar una (1) certificación, de entre las siguientes opciones: (1) Fortalecimiento de las Capacidades en Marco Lógico; (2) Fortalecimiento de las Capacidades en Propiedad Intelectual para Investigadores; (3) Escritura y Producción Intelectual o Escritura de Artículos Científicos y Tecnológicos; (4) Herramientas y Competencias para la generación de Innovación; (5) Definición de Indicadores y Vigilancia Tecnológica."
Instructor,1,228997,4065092,"Seis(6) meses de experiencia relacionada con la participación en grupos de investigación registrados en COLCIENCIAS y en la gestión de semilleros de investigación desarrollando proyectos en una de las líneas de investigación avaladas institucionalmente por el SENA y en labores de Formación Profesional, 
 Y, Seis(6) meses de EXPERIENCIA DOCENTE","Dependencia: QUINDÍO-CENTRO DE COMERCIO Y TURISMO,  Municipio: Armenia, Total vacantes: 1","Título de MAESTRIA en NBC: ADMINISTRACION
 ,O, NBC:   CONTADURIA PUBLICA
 ,O, NBC:   ECONOMIA
 ,O, NBC:   EDUCACION
 ,O, NBC:   INGENIERIA ADMINISTRATIVA Y AFINES
 ,O, NBC:   OTRAS INGENIERIAS
 ,Y, Título de PROFESIONAL en NBC: ADMINISTRACION
 ,O, NBC:   CONTADURIA PUBLICA
 ,O, NBC:   ECONOMIA
 ,O, NBC:   EDUCACION
 ,O, NBC:   INGENIERIA ADMINISTRATIVA Y AFINES
 ,O, NBC:   OTRAS INGENIERIAS."
Profesional,1,228998,8208795,"Quince(15) meses de experiencia relacionada con implementación de procesos de innovación, o investigación o producción académica, o divulgación científica, o propiedad intelectual, o transferencia tecnológica, o metodologías de evaluación de procesos y seguimiento a proyectos de ciencia, tecnología e innovación","Dependencia: CALDAS-CENTRO DE AUTOMATIZACIÓN INDUSTRIAL,  Municipio: Manizales, Total vacantes: 1","Título de PROFESIONAL en NBC: ADMINISTRACION
 ,O, NBC:   ARQUITECTURA
 ,O, NBC:   ARTES PLASTICAS, VISUALES Y AFINES
 ,O, NBC:   ARTES REPRESENTATIVAS
 ,O, NBC:   BIOLOGIA, MICROBIOLOGIA Y AFINES
 ,O, NBC:   DISENO
 ,O, NBC:   FISICA
 ,O, NBC:   INGENIERIA AGROINDUSTRIAL, ALIMENTOS Y AFINES
 ,O, NBC:   INGENIERIA AMBIENTAL, SANITARIA Y AFINES
 ,O, NBC:   INGENIERIA BIOMEDICA Y AFINES
 ,O, NBC:   INGENIERIA DE SISTEMAS, TELEMATICA Y AFINES
 ,O, NBC:   INGENIERIA ELECTRICA Y AFINES
 ,O, NBC:   INGENIERIA ELECTRONICA, TELECOMUNICACIONES Y AFINES
 ,O, NBC:   INGENIERIA INDUSTRIAL Y AFINES
 ,O, NBC:   INGENIERIA MECANICA Y AFINES
 ,O, NBC:   INGENIERIA QUIMICA Y AFINES
 ,O, NBC:   MATEMATICAS, ESTADISTICA Y AFINES
 ,O, NBC:   OTRAS INGENIERIAS
 ,O, NBC:   PUBLICIDAD Y AFINES
 ,O, NBC:   QUIMICA Y AFINES.

Titulo de postgrado en la modalidad de MAESTRIA en NBC: ADMINISTRACION
 ,O, NBC:   ARQUITECTURA
 ,O, NBC:   ARTES PLASTICAS, VISUALES Y AFINES
 ,O, NBC:   ARTES REPRESENTATIVAS
 ,O, NBC:   BIOLOGIA, MICROBIOLOGIA Y AFINES
 ,O, NBC:   DISENO
 ,O, NBC:   FISICA
 ,O, NBC:   INGENIERIA AGROINDUSTRIAL, ALIMENTOS Y AFINES
 ,O, NBC:   INGENIERIA AMBIENTAL, SANITARIA Y AFINES
 ,O, NBC:   INGENIERIA BIOMEDICA Y AFINES
 ,O, NBC:   INGENIERIA DE SISTEMAS, TELEMATICA Y AFINES
 ,O, NBC:   INGENIERIA ELECTRICA Y AFINES
 ,O, NBC:   INGENIERIA ELECTRONICA, TELECOMUNICACIONES Y AFINES
 ,O, NBC:   INGENIERIA INDUSTRIAL Y AFINES
 ,O, NBC:   INGENIERIA MECANICA Y AFINES
 ,O, NBC:   INGENIERIA QUIMICA Y AFINES
 ,O, NBC:   MATEMATICAS, ESTADISTICA Y AFINES
 ,O, NBC:   OTRAS INGENIERIAS
 ,O, NBC:   PUBLICIDAD Y AFINES
 ,O, NBC:   QUIMICA Y AFINES.


,Y, acreditar una (1) certificación, de entre las siguientes opciones: (1) Fortalecimiento de las Capacidades en Marco Lógico; (2) Fortalecimiento de las Capacidades en Propiedad Intelectual para Investigadores; (3) Escritura y Producción Intelectual o Escritura de Artículos Científicos y Tecnológicos; (4) Herramientas y Competencias para la generación de Innovación; (5) Definición de Indicadores y Vigilancia Tecnológica."
Instructor,2,228999,4065092,"Seis(6) meses de EXPERIENCIA DOCENTE, 
 Y, Seis(6) meses de experiencia relacionada con la participación en grupos de investigación registrados en COLCIENCIAS y en la gestión de semilleros de investigación desarrollando proyectos en una de las líneas de investigación avaladas institucionalmente por el SENA y en labores de Formación Profesional","Dependencia: CESAR-CENTRO BIOTECNOLÓGICO DEL CARIBE,  Municipio: Valledupar, Total vacantes: 2","Título de MAESTRIA en NBC: AGRONOMIA
 ,O, NBC:   BIOLOGIA, MICROBIOLOGIA Y AFINES
 ,O, NBC:   EDUCACION
 ,O, NBC:   INGENIERIA AGROINDUSTRIAL, ALIMENTOS Y AFINES
 ,O, NBC:   INGENIERIA AMBIENTAL, SANITARIA Y AFINES
 ,O, NBC:   INGENIERIA DE SISTEMAS, TELEMATICA Y AFINES
 ,O, NBC:   MEDICINA VETERINARIA
 ,O, NBC:   OTRAS INGENIERIAS
 ,Y, Título de PROFESIONAL en NBC: AGRONOMIA
 ,O, NBC:   BIOLOGIA, MICROBIOLOGIA Y AFINES
 ,O, NBC:   EDUCACION
 ,O, NBC:   INGENIERIA AGROINDUSTRIAL, ALIMENTOS Y AFINES
 ,O, NBC:   INGENIERIA AMBIENTAL, SANITARIA Y AFINES
 ,O, NBC:   INGENIERIA DE SISTEMAS, TELEMATICA Y AFINES
 ,O, NBC:   MEDICINA VETERINARIA
 ,O, NBC:   OTRAS INGENIERIAS."
Instructor,2,229000,4065092,"Seis(6) meses de EXPERIENCIA DOCENTE, 
 Y, Seis(6) meses de experiencia relacionada con la participación en grupos de investigación registrados en COLCIENCIAS y en la gestión de semilleros de investigación desarrollando proyectos en una de las líneas de investigación avaladas institucionalmente por el SENA y en labores de Formación Profesional","Dependencia: CORDOBA- CENTRO AGROPECUARIO Y DE BIOTECNOLOGIA EL PORVENIR - CORREGIMIENTO SANTA ISABEL,  Municipio: Montería, Total vacantes: 2","Título de MAESTRIA en NBC: EDUCACION
 ,O, NBC:   INGENIERIA AGRICOLA, FORESTAL Y AFINES
 ,O, NBC:   MEDICINA VETERINARIA
 ,O, NBC:   OTRAS INGENIERIAS
 ,O, NBC:   ZOOTECNIA
 ,Y, Título de PROFESIONAL en NBC: EDUCACION
 ,O, NBC:   INGENIERIA AGRICOLA, FORESTAL Y AFINES
 ,O, NBC:   MEDICINA VETERINARIA
 ,O, NBC:   OTRAS INGENIERIAS
 ,O, NBC:   ZOOTECNIA."
Instructor,2,229001,4065092,"Seis(6) meses de experiencia relacionada con la participación en grupos de investigación registrados en COLCIENCIAS y en la gestión de semilleros de investigación desarrollando proyectos en una de las líneas de investigación avaladas institucionalmente por el SENA y en labores de Formación Profesional, 
 Y, Seis(6) meses de EXPERIENCIA DOCENTE","Dependencia: QUINDÍO-CENTRO AGROINDUSTRIAL,  Municipio: Armenia, Total vacantes: 2","Título de MAESTRIA en NBC: ADMINISTRACION
 ,O, NBC:   EDUCACION
 ,O, NBC:   GEOLOGIA, OTROS PROGRAMAS DE CIENCIAS NATURALES
 ,O, NBC:   INGENIERIA AGRICOLA, FORESTAL Y AFINES
 ,O, NBC:   INGENIERIA AGROINDUSTRIAL, ALIMENTOS Y AFINES
 ,O, NBC:   INGENIERIA AGRONOMICA, PECUARIA Y AFINES
 ,O, NBC:   OTRAS INGENIERIAS
 ,Y, Título de PROFESIONAL en NBC: ADMINISTRACION
 ,O, NBC:   EDUCACION
 ,O, NBC:   GEOLOGIA, OTROS PROGRAMAS DE CIENCIAS NATURALES
 ,O, NBC:   INGENIERIA AGRICOLA, FORESTAL Y AFINES
 ,O, NBC:   INGENIERIA AGROINDUSTRIAL, ALIMENTOS Y AFINES
 ,O, NBC:   INGENIERIA AGRONOMICA, PECUARIA Y AFINES
 ,O, NBC:   OTRAS INGENIERIAS."
Instructor,1,229002,4065092,"Seis(6) meses de EXPERIENCIA DOCENTE, 
 Y, Seis(6) meses de experiencia relacionada con la participación en grupos de investigación registrados en COLCIENCIAS y en la gestión de semilleros de investigación desarrollando proyectos en una de las líneas de investigación avaladas institucionalmente por el SENA y en labores de Formación Profesional","Dependencia: VALLE-CENTRO LATINOAMERICANO DE  ESPECIES MENORES,  Municipio: Tuluá, Total vacantes: 1","Título de MAESTRIA en NBC: AGRONOMIA
 ,O, NBC:   EDUCACION
 ,O, NBC:   INGENIERIA AGRONOMICA, PECUARIA Y AFINES
 ,O, NBC:   INGENIERIA AMBIENTAL, SANITARIA Y AFINES
 ,O, NBC:   INGENIERIA DE SISTEMAS, TELEMATICA Y AFINES
 ,O, NBC:   OTRAS INGENIERIAS
 ,O, NBC:   ZOOTECNIA
 ,Y, Título de PROFESIONAL en NBC: AGRONOMIA
 ,O, NBC:   EDUCACION
 ,O, NBC:   INGENIERIA AGRONOMICA, PECUARIA Y AFINES
 ,O, NBC:   INGENIERIA AMBIENTAL, SANITARIA Y AFINES
 ,O, NBC:   INGENIERIA DE SISTEMAS, TELEMATICA Y AFINES
 ,O, NBC:   OTRAS INGENIERIAS
 ,O, NBC:   ZOOTECNIA."
Instructor,3,229003,4065092,"Seis(6) meses de EXPERIENCIA DOCENTE, 
 Y, Seis(6) meses de experiencia relacionada con la participación en grupos de investigación registrados en COLCIENCIAS y en la gestión de semilleros de investigación desarrollando proyectos en una de las líneas de investigación avaladas institucionalmente por el SENA y en labores de Formación Profesional","Dependencia: CALDAS- CENTRO PARA LA FORMACIÓN CAFETERA,  Municipio: Manizales, Total vacantes: 3","Título de MAESTRIA en NBC: ADMINISTRACION
 ,O, NBC:   EDUCACION
 ,O, NBC:   INGENIERIA QUIMICA Y AFINES
 ,O, NBC:   MEDICINA VETERINARIA
 ,O, NBC:   OTRAS INGENIERIAS
 ,O, NBC:   ZOOTECNIA
 ,Y, Título de PROFESIONAL en NBC: ADMINISTRACION
 ,O, NBC:   EDUCACION
 ,O, NBC:   INGENIERIA QUIMICA Y AFINES
 ,O, NBC:   MEDICINA VETERINARIA
 ,O, NBC:   OTRAS INGENIERIAS
 ,O, NBC:   ZOOTECNIA."
Instructor,3,229004,4065092,"Seis(6) meses de EXPERIENCIA DOCENTE, 
 Y, Seis(6) meses de experiencia relacionada con la participación en grupos de investigación registrados en COLCIENCIAS y en la gestión de semilleros de investigación desarrollando proyectos en una de las líneas de investigación avaladas institucionalmente por el SENA y en labores de Formación Profesional","Dependencia: SANTANDER-CENTRO DE SERVICIOS EMPRESARIALES Y TURÍSTICOS,  Municipio: Bucaramanga, Total vacantes: 3","Título de MAESTRIA en NBC: ADMINISTRACION
 ,O, NBC:   EDUCACION
 ,O, NBC:   INGENIERIA DE SISTEMAS, TELEMATICA Y AFINES
 ,O, NBC:   INGENIERIA INDUSTRIAL Y AFINES
 ,O, NBC:   OTRAS INGENIERIAS
 ,O, NBC:   PUBLICIDAD Y AFINES
 ,Y, Título de PROFESIONAL en NBC: ADMINISTRACION
 ,O, NBC:   EDUCACION
 ,O, NBC:   INGENIERIA DE SISTEMAS, TELEMATICA Y AFINES
 ,O, NBC:   INGENIERIA INDUSTRIAL Y AFINES
 ,O, NBC:   OTRAS INGENIERIAS
 ,O, NBC:   PUBLICIDAD Y AFINES."
Instructor,1,229007,4065092,"Seis(6) meses de EXPERIENCIA DOCENTE, 
 Y, Seis(6) meses de experiencia relacionada con la participación en grupos de investigación registrados en COLCIENCIAS y en la gestión de semilleros de investigación desarrollando proyectos en una de las líneas de investigación avaladas institucionalmente por el SENA y en labores de Formación Profesional","Dependencia: ANTIOQUIA- CENTRO DE LOS RECURSOS NATURALES RENOVABLES - LA SALADA,  Municipio: Caldas, Total vacantes: 1","Título de MAESTRIA en NBC: ECONOMIA
 ,O, NBC:   EDUCACION
 ,O, NBC:   GEOLOGIA, OTROS PROGRAMAS DE CIENCIAS NATURALES
 ,O, NBC:   INGENIERIA AGRICOLA, FORESTAL Y AFINES
 ,O, NBC:   INGENIERIA AGROINDUSTRIAL, ALIMENTOS Y AFINES
 ,O, NBC:   INGENIERIA AGRONOMICA, PECUARIA Y AFINES
 ,O, NBC:   OTRAS INGENIERIAS
 ,Y, Título de PROFESIONAL en NBC: ECONOMIA
 ,O, NBC:   EDUCACION
 ,O, NBC:   GEOLOGIA, OTROS PROGRAMAS DE CIENCIAS NATURALES
 ,O, NBC:   INGENIERIA AGRICOLA, FORESTAL Y AFINES
 ,O, NBC:   INGENIERIA AGROINDUSTRIAL, ALIMENTOS Y AFINES
 ,O, NBC:   INGENIERIA AGRONOMICA, PECUARIA Y AFINES
 ,O, NBC:   OTRAS INGENIERIAS."
Instructor,1,229009,4065092,"Seis(6) meses de EXPERIENCIA DOCENTE, 
 Y, Seis(6) meses de experiencia relacionada con la participación en grupos de investigación registrados en COLCIENCIAS y en la gestión de semilleros de investigación desarrollando proyectos en una de las líneas de investigación avaladas institucionalmente por el SENA y en labores de Formación Profesional","Dependencia: VALLE-CENTRO DE DISEÑO TECNOLÓGICO INDUSTRIAL,  Municipio: Cali, Total vacantes: 1","Título de MAESTRIA en NBC: ARTES PLASTICAS, VISUALES Y AFINES
 ,O, NBC:   ARTES REPRESENTATIVAS
 ,O, NBC:   DISENO
 ,O, NBC:   EDUCACION
 ,O, NBC:   INGENIERIA AGRONOMICA, PECUARIA Y AFINES
 ,O, NBC:   INGENIERIA AMBIENTAL, SANITARIA Y AFINES
 ,O, NBC:   INGENIERIA CIVIL Y AFINES
 ,O, NBC:   INGENIERIA DE SISTEMAS, TELEMATICA Y AFINES
 ,O, NBC:   INGENIERIA ELECTRICA Y AFINES
 ,O, NBC:   INGENIERIA ELECTRONICA, TELECOMUNICACIONES Y AFINES
 ,O, NBC:   INGENIERIA INDUSTRIAL Y AFINES
 ,O, NBC:   INGENIERIA MECANICA Y AFINES
 ,O, NBC:   INGENIERIA QUIMICA Y AFINES
 ,O, NBC:   OTRAS INGENIERIAS
 ,O, NBC:   PUBLICIDAD Y AFINES
 ,Y, Título de PROFESIONAL en NBC: ARTES PLASTICAS, VISUALES Y AFINES
 ,O, NBC:   ARTES REPRESENTATIVAS
 ,O, NBC:   DISENO
 ,O, NBC:   EDUCACION
 ,O, NBC:   INGENIERIA AGRONOMICA, PECUARIA Y AFINES
 ,O, NBC:   INGENIERIA AMBIENTAL, SANITARIA Y AFINES
 ,O, NBC:   INGENIERIA CIVIL Y AFINES
 ,O, NBC:   INGENIERIA DE SISTEMAS, TELEMATICA Y AFINES
 ,O, NBC:   INGENIERIA ELECTRICA Y AFINES
 ,O, NBC:   INGENIERIA ELECTRONICA, TELECOMUNICACIONES Y AFINES
 ,O, NBC:   INGENIERIA INDUSTRIAL Y AFINES
 ,O, NBC:   INGENIERIA MECANICA Y AFINES
 ,O, NBC:   INGENIERIA QUIMICA Y AFINES
 ,O, NBC:   OTRAS INGENIERIAS
 ,O, NBC:   PUBLICIDAD Y AFINES."
Instructor,6,229010,4065092,"Seis(6) meses de EXPERIENCIA DOCENTE, 
 Y, Seis(6) meses de experiencia relacionada con la participación en grupos de investigación registrados en COLCIENCIAS y en la gestión de semilleros de investigación desarrollando proyectos en una de las líneas de investigación avaladas institucionalmente por el SENA y en labores de Formación Profesional","Dependencia: NARIÑO-CENTRO SUR COLOMBIANO DE LOGÍSTICA INTERNACIONAL,  Municipio: Ipiales, Total vacantes: 6","Título de MAESTRIA en NBC: ADMINISTRACION
 ,O, NBC:   ARQUITECTURA
 ,O, NBC:   ARTES PLASTICAS, VISUALES Y AFINES
 ,O, NBC:   ARTES REPRESENTATIVAS
 ,O, NBC:   BIOLOGIA, MICROBIOLOGIA Y AFINES
 ,O, NBC:   DISENO
 ,O, NBC:   ECONOMIA
 ,O, NBC:   EDUCACION
 ,O, NBC:   FISICA
 ,O, NBC:   INGENIERIA AGROINDUSTRIAL, ALIMENTOS Y AFINES
 ,O, NBC:   INGENIERIA AMBIENTAL, SANITARIA Y AFINES
 ,O, NBC:   INGENIERIA BIOMEDICA Y AFINES
 ,O, NBC:   INGENIERIA DE SISTEMAS, TELEMATICA Y AFINES
 ,O, NBC:   INGENIERIA ELECTRICA Y AFINES
 ,O, NBC:   INGENIERIA ELECTRONICA, TELECOMUNICACIONES Y AFINES
 ,O, NBC:   INGENIERIA INDUSTRIAL Y AFINES
 ,O, NBC:   INGENIERIA MECANICA Y AFINES
 ,O, NBC:   INGENIERIA QUIMICA Y AFINES
 ,O, NBC:   MATEMATICAS, ESTADISTICA Y AFINES
 ,O, NBC:   OTRAS INGENIERIAS
 ,O, NBC:   PUBLICIDAD Y AFINES
 ,O, NBC:   QUIMICA Y AFINES
 ,Y, Título de PROFESIONAL en NBC: ADMINISTRACION
 ,O, NBC:   ARQUITECTURA
 ,O, NBC:   ARTES PLASTICAS, VISUALES Y AFINES
 ,O, NBC:   ARTES REPRESENTATIVAS
 ,O, NBC:   BIOLOGIA, MICROBIOLOGIA Y AFINES
 ,O, NBC:   DISENO
 ,O, NBC:   ECONOMIA
 ,O, NBC:   EDUCACION
 ,O, NBC:   FISICA
 ,O, NBC:   INGENIERIA AGROINDUSTRIAL, ALIMENTOS Y AFINES
 ,O, NBC:   INGENIERIA AMBIENTAL, SANITARIA Y AFINES
 ,O, NBC:   INGENIERIA BIOMEDICA Y AFINES
 ,O, NBC:   INGENIERIA DE SISTEMAS, TELEMATICA Y AFINES
 ,O, NBC:   INGENIERIA ELECTRICA Y AFINES
 ,O, NBC:   INGENIERIA ELECTRONICA, TELECOMUNICACIONES Y AFINES
 ,O, NBC:   INGENIERIA INDUSTRIAL Y AFINES
 ,O, NBC:   INGENIERIA MECANICA Y AFINES
 ,O, NBC:   INGENIERIA QUIMICA Y AFINES
 ,O, NBC:   MATEMATICAS, ESTADISTICA Y AFINES
 ,O, NBC:   OTRAS INGENIERIAS
 ,O, NBC:   PUBLICIDAD Y AFINES
 ,O, NBC:   QUIMICA Y AFINES."
Instructor,1,229011,4065092,"Seis(6) meses de EXPERIENCIA DOCENTE, 
 Y, Seis(6) meses de experiencia relacionada con la participación en grupos de investigación registrados en COLCIENCIAS y en la gestión de semilleros de investigación desarrollando proyectos en una de las líneas de investigación avaladas institucionalmente por el SENA y en labores de Formación Profesional","Dependencia: ANTIOQUIA- CENTRO DE FORMACION EN DISEÑO, CONFECCION Y MODA,  Municipio: Itagüí, Total vacantes: 1","Título de MAESTRIA en NBC: ADMINISTRACION
 ,O, NBC:   ARTES PLASTICAS, VISUALES Y AFINES
 ,O, NBC:   DISENO
 ,O, NBC:   EDUCACION
 ,O, NBC:   INGENIERIA DE SISTEMAS, TELEMATICA Y AFINES
 ,O, NBC:   OTRAS INGENIERIAS
 ,O, NBC:   PUBLICIDAD Y AFINES
 ,Y, Título de PROFESIONAL en NBC: ADMINISTRACION
 ,O, NBC:   ARTES PLASTICAS, VISUALES Y AFINES
 ,O, NBC:   DISENO
 ,O, NBC:   EDUCACION
 ,O, NBC:   INGENIERIA DE SISTEMAS, TELEMATICA Y AFINES
 ,O, NBC:   OTRAS INGENIERIAS
 ,O, NBC:   PUBLICIDAD Y AFINES."
Instructor,1,229013,4065092,"Seis(6) meses de EXPERIENCIA DOCENTE, 
 Y, Seis(6) meses de experiencia relacionada con la participación en grupos de investigación registrados en COLCIENCIAS y en la gestión de semilleros de investigación desarrollando proyectos en una de las líneas de investigación avaladas institucionalmente por el SENA y en labores de Formación Profesional","Dependencia: BOYACA- CENTRO DE DESARROLLO AGROPECUARIO Y AGROINDUSTRIAL,  Municipio: Duitama, Total vacantes: 1","Título de MAESTRIA en NBC: ARTES PLASTICAS, VISUALES Y AFINES
 ,O, NBC:   DISENO
 ,O, NBC:   EDUCACION
 ,O, NBC:   INGENIERIA AGROINDUSTRIAL, ALIMENTOS Y AFINES
 ,O, NBC:   OTRAS INGENIERIAS
 ,Y, Título de PROFESIONAL en NBC: ARTES PLASTICAS, VISUALES Y AFINES
 ,O, NBC:   DISENO
 ,O, NBC:   EDUCACION
 ,O, NBC:   INGENIERIA AGROINDUSTRIAL, ALIMENTOS Y AFINES
 ,O, NBC:   OTRAS INGENIERIAS."
Instructor,2,229014,4065092,"Seis(6) meses de EXPERIENCIA DOCENTE, 
 Y, Seis(6) meses de experiencia relacionada con la participación en grupos de investigación registrados en COLCIENCIAS y en la gestión de semilleros de investigación desarrollando proyectos en una de las líneas de investigación avaladas institucionalmente por el SENA y en labores de Formación Profesional","Dependencia: HUILA- CENTRO DE DESARROLLO AGROEMPRESARIAL Y TURISTICO DEL HUILA,  Municipio: La Plata, Total vacantes: 2","Título de MAESTRIA en NBC: EDUCACION
 ,O, NBC:   INGENIERIA AGRICOLA, FORESTAL Y AFINES
 ,O, NBC:   INGENIERIA AGROINDUSTRIAL, ALIMENTOS Y AFINES
 ,O, NBC:   INGENIERIA AGRONOMICA, PECUARIA Y AFINES
 ,O, NBC:   INGENIERIA AMBIENTAL, SANITARIA Y AFINES
 ,O, NBC:   INGENIERIA CIVIL Y AFINES
 ,O, NBC:   INGENIERIA DE SISTEMAS, TELEMATICA Y AFINES
 ,O, NBC:   INGENIERIA ELECTRICA Y AFINES
 ,O, NBC:   INGENIERIA ELECTRONICA, TELECOMUNICACIONES Y AFINES
 ,O, NBC:   INGENIERIA INDUSTRIAL Y AFINES
 ,O, NBC:   INGENIERIA MECANICA Y AFINES
 ,O, NBC:   INGENIERIA QUIMICA Y AFINES
 ,O, NBC:   OTRAS INGENIERIAS
 ,Y, Título de PROFESIONAL en NBC: EDUCACION
 ,O, NBC:   INGENIERIA AGRICOLA, FORESTAL Y AFINES
 ,O, NBC:   INGENIERIA AGROINDUSTRIAL, ALIMENTOS Y AFINES
 ,O, NBC:   INGENIERIA AGRONOMICA, PECUARIA Y AFINES
 ,O, NBC:   INGENIERIA AMBIENTAL, SANITARIA Y AFINES
 ,O, NBC:   INGENIERIA CIVIL Y AFINES
 ,O, NBC:   INGENIERIA DE SISTEMAS, TELEMATICA Y AFINES
 ,O, NBC:   INGENIERIA ELECTRICA Y AFINES
 ,O, NBC:   INGENIERIA ELECTRONICA, TELECOMUNICACIONES Y AFINES
 ,O, NBC:   INGENIERIA INDUSTRIAL Y AFINES
 ,O, NBC:   INGENIERIA MECANICA Y AFINES
 ,O, NBC:   INGENIERIA QUIMICA Y AFINES
 ,O, NBC:   OTRAS INGENIERIAS."
Instructor,2,229016,4065092,"Seis(6) meses de EXPERIENCIA DOCENTE, 
 Y, Seis(6) meses de experiencia relacionada con la participación en grupos de investigación registrados en COLCIENCIAS y en la gestión de semilleros de investigación desarrollando proyectos en una de las líneas de investigación avaladas institucionalmente por el SENA y en labores de Formación Profesional","Dependencia: CESAR-CENTRO DE INNOVACION Y DE GESTION EMPRESARIAL Y CULTURAL,  Municipio: Valledupar, Total vacantes: 2","Título de MAESTRIA en NBC: EDUCACION
 ,O, NBC:   INGENIERIA AGROINDUSTRIAL, ALIMENTOS Y AFINES
 ,O, NBC:   INGENIERIA AMBIENTAL, SANITARIA Y AFINES
 ,O, NBC:   INGENIERIA BIOMEDICA Y AFINES
 ,O, NBC:   INGENIERIA DE MINAS, METALURGIA Y AFINES
 ,O, NBC:   INGENIERIA DE SISTEMAS, TELEMATICA Y AFINES
 ,O, NBC:   INGENIERIA ELECTRICA Y AFINES
 ,O, NBC:   INGENIERIA ELECTRONICA, TELECOMUNICACIONES Y AFINES
 ,O, NBC:   INGENIERIA INDUSTRIAL Y AFINES
 ,O, NBC:   INGENIERIA MECANICA Y AFINES
 ,O, NBC:   INGENIERIA QUIMICA Y AFINES
 ,O, NBC:   OTRAS INGENIERIAS
 ,Y, Título de PROFESIONAL en NBC: EDUCACION
 ,O, NBC:   INGENIERIA AGROINDUSTRIAL, ALIMENTOS Y AFINES
 ,O, NBC:   INGENIERIA AMBIENTAL, SANITARIA Y AFINES
 ,O, NBC:   INGENIERIA BIOMEDICA Y AFINES
 ,O, NBC:   INGENIERIA DE MINAS, METALURGIA Y AFINES
 ,O, NBC:   INGENIERIA DE SISTEMAS, TELEMATICA Y AFINES
 ,O, NBC:   INGENIERIA ELECTRICA Y AFINES
 ,O, NBC:   INGENIERIA ELECTRONICA, TELECOMUNICACIONES Y AFINES
 ,O, NBC:   INGENIERIA INDUSTRIAL Y AFINES
 ,O, NBC:   INGENIERIA MECANICA Y AFINES
 ,O, NBC:   INGENIERIA QUIMICA Y AFINES
 ,O, NBC:   OTRAS INGENIERIAS."
Instructor,2,229017,4065092,"Seis(6) meses de EXPERIENCIA DOCENTE, 
 Y, Seis(6) meses de experiencia relacionada con la participación en grupos de investigación registrados en COLCIENCIAS y en la gestión de semilleros de investigación desarrollando proyectos en una de las líneas de investigación avaladas institucionalmente por el SENA y en labores de Formación Profesional","Dependencia: BOLIVAR- CENTRO AGROEMPRESARIAL Y MINERO,  Municipio: Cartagena De Indias, Total vacantes: 2","Título de MAESTRIA en NBC: EDUCACION
 ,O, NBC:   INGENIERIA AGROINDUSTRIAL, ALIMENTOS Y AFINES
 ,O, NBC:   INGENIERIA AGRONOMICA, PECUARIA Y AFINES
 ,O, NBC:   INGENIERIA DE MINAS, METALURGIA Y AFINES
 ,O, NBC:   INGENIERIA INDUSTRIAL Y AFINES
 ,O, NBC:   OTRAS INGENIERIAS
 ,Y, Título de PROFESIONAL en NBC: EDUCACION
 ,O, NBC:   INGENIERIA AGROINDUSTRIAL, ALIMENTOS Y AFINES
 ,O, NBC:   INGENIERIA AGRONOMICA, PECUARIA Y AFINES
 ,O, NBC:   INGENIERIA DE MINAS, METALURGIA Y AFINES
 ,O, NBC:   INGENIERIA INDUSTRIAL Y AFINES
 ,O, NBC:   OTRAS INGENIERIAS."
Instructor,1,229018,4065092,"Seis(6) meses de EXPERIENCIA DOCENTE, 
 Y, Seis(6) meses de experiencia relacionada con la participación en grupos de investigación registrados en COLCIENCIAS y en la gestión de semilleros de investigación desarrollando proyectos en una de las líneas de investigación avaladas institucionalmente por el SENA y en labores de Formación Profesional","Dependencia: ATLANTICO- CENTRO PARA EL DESARROLLO AGROECOLOGICO Y AGROINDUSTRIAL,  Municipio: Sabanalarga, Total vacantes: 1","Título de MAESTRIA en NBC: EDUCACION
 ,O, NBC:   INGENIERIA AGROINDUSTRIAL, ALIMENTOS Y AFINES
 ,O, NBC:   INGENIERIA AMBIENTAL, SANITARIA Y AFINES
 ,O, NBC:   OTRAS INGENIERIAS
 ,Y, Título de PROFESIONAL en NBC: EDUCACION
 ,O, NBC:   INGENIERIA AGROINDUSTRIAL, ALIMENTOS Y AFINES
 ,O, NBC:   INGENIERIA AMBIENTAL, SANITARIA Y AFINES
 ,O, NBC:   OTRAS INGENIERIAS."
Instructor,1,229019,4065092,"Seis(6) meses de EXPERIENCIA DOCENTE, 
 Y, Seis(6) meses de experiencia relacionada con la participación en grupos de investigación registrados en COLCIENCIAS y en la gestión de semilleros de investigación desarrollando proyectos en una de las líneas de investigación avaladas institucionalmente por el SENA y en labores de Formación Profesional","Dependencia: GUAJIRA-CENTRO AGROEMPRESARIAL Y ACUÍCOLA,  Municipio: Fonseca, Total vacantes: 1","Título de MAESTRIA en NBC: EDUCACION
 ,O, NBC:   INGENIERIA AGROINDUSTRIAL, ALIMENTOS Y AFINES
 ,O, NBC:   INGENIERIA QUIMICA Y AFINES
 ,O, NBC:   OTRAS INGENIERIAS
 ,Y, Título de PROFESIONAL en NBC: EDUCACION
 ,O, NBC:   INGENIERIA AGROINDUSTRIAL, ALIMENTOS Y AFINES
 ,O, NBC:   INGENIERIA QUIMICA Y AFINES
 ,O, NBC:   OTRAS INGENIERIAS."
Instructor,3,229020,4065092,"Seis(6) meses de EXPERIENCIA DOCENTE, 
 Y, Seis(6) meses de experiencia relacionada con la participación en grupos de investigación registrados en COLCIENCIAS y en la gestión de semilleros de investigación desarrollando proyectos en una de las líneas de investigación avaladas institucionalmente por el SENA y en labores de Formación Profesional","Dependencia: HUILA- CENTRO DE GESTION Y DESARROLLO SOSTENIBLE SURCOLOMBIANO,  Municipio: Pitalito, Total vacantes: 3","Título de MAESTRIA en NBC: BIOLOGIA, MICROBIOLOGIA Y AFINES
 ,O, NBC:   EDUCACION
 ,O, NBC:   INGENIERIA AGRICOLA, FORESTAL Y AFINES
 ,O, NBC:   INGENIERIA AGROINDUSTRIAL, ALIMENTOS Y AFINES
 ,O, NBC:   INGENIERIA AGRONOMICA, PECUARIA Y AFINES
 ,O, NBC:   OTRAS INGENIERIAS
 ,Y, Título de PROFESIONAL en NBC: BIOLOGIA, MICROBIOLOGIA Y AFINES
 ,O, NBC:   EDUCACION
 ,O, NBC:   INGENIERIA AGRICOLA, FORESTAL Y AFINES
 ,O, NBC:   INGENIERIA AGROINDUSTRIAL, ALIMENTOS Y AFINES
 ,O, NBC:   INGENIERIA AGRONOMICA, PECUARIA Y AFINES
 ,O, NBC:   OTRAS INGENIERIAS."
Instructor,2,229021,4065092,"Seis(6) meses de EXPERIENCIA DOCENTE, 
 Y, Seis(6) meses de experiencia relacionada con la participación en grupos de investigación registrados en COLCIENCIAS y en la gestión de semilleros de investigación desarrollando proyectos en una de las líneas de investigación avaladas institucionalmente por el SENA y en labores de Formación Profesional","Dependencia: DISTRITO CAPITAL-CENTRO DE GESTIÓN INDUSTRIAL,  Municipio: Bogotá D.C., Total vacantes: 2","Título de MAESTRIA en NBC: BIOLOGIA, MICROBIOLOGIA Y AFINES
 ,O, NBC:   EDUCACION
 ,O, NBC:   INGENIERIA AMBIENTAL, SANITARIA Y AFINES
 ,O, NBC:   INGENIERIA QUIMICA Y AFINES
 ,O, NBC:   OTRAS INGENIERIAS
 ,O, NBC:   QUIMICA Y AFINES
 ,Y, Título de PROFESIONAL en NBC: BIOLOGIA, MICROBIOLOGIA Y AFINES
 ,O, NBC:   EDUCACION
 ,O, NBC:   INGENIERIA AMBIENTAL, SANITARIA Y AFINES
 ,O, NBC:   INGENIERIA QUIMICA Y AFINES
 ,O, NBC:   OTRAS INGENIERIAS
 ,O, NBC:   QUIMICA Y AFINES."
Instructor,2,229022,4065092,"Seis(6) meses de EXPERIENCIA DOCENTE, 
 Y, Seis(6) meses de experiencia relacionada con la participación en grupos de investigación registrados en COLCIENCIAS y en la gestión de semilleros de investigación desarrollando proyectos en una de las líneas de investigación avaladas institucionalmente por el SENA y en labores de Formación Profesional","Dependencia: VAUPES- CENTRO AGROPECUARIO Y DE SERVICIOS AMBIENTALES ""JIRI-JIRIMO"",  Municipio: Mitú, Total vacantes: 1","Título de MAESTRIA en NBC: BIOLOGIA, MICROBIOLOGIA Y AFINES
 ,O, NBC:   EDUCACION
 ,O, NBC:   FISICA
 ,O, NBC:   GEOLOGIA, OTROS PROGRAMAS DE CIENCIAS NATURALES
 ,O, NBC:   OTRAS INGENIERIAS
 ,O, NBC:   QUIMICA Y AFINES
 ,Y, Título de PROFESIONAL en NBC: BIOLOGIA, MICROBIOLOGIA Y AFINES
 ,O, NBC:   EDUCACION
 ,O, NBC:   FISICA
 ,O, NBC:   GEOLOGIA, OTROS PROGRAMAS DE CIENCIAS NATURALES
 ,O, NBC:   OTRAS INGENIERIAS
 ,O, NBC:   QUIMICA Y AFINES."
Instructor,1,229023,4065092,"Seis(6) meses de EXPERIENCIA DOCENTE, 
 Y, Seis(6) meses de experiencia relacionada con la participación en grupos de investigación registrados en COLCIENCIAS y en la gestión de semilleros de investigación desarrollando proyectos en una de las líneas de investigación avaladas institucionalmente por el SENA y en labores de Formación Profesional","Dependencia: BOLIVAR- CENTRO INTERNACIONAL, NAUTICO, FLUVIAL Y PORTUARIO,  Municipio: Cartagena De Indias, Total vacantes: 1","Título de MAESTRIA en NBC: BIOLOGIA, MICROBIOLOGIA Y AFINES
 ,O, NBC:   EDUCACION
 ,O, NBC:   INGENIERIA INDUSTRIAL Y AFINES
 ,O, NBC:   OTRAS INGENIERIAS
 ,Y, Título de PROFESIONAL en NBC: BIOLOGIA, MICROBIOLOGIA Y AFINES
 ,O, NBC:   EDUCACION
 ,O, NBC:   INGENIERIA INDUSTRIAL Y AFINES
 ,O, NBC:   OTRAS INGENIERIAS."
Instructor,2,229024,4065092,"Seis(6) meses de EXPERIENCIA DOCENTE, 
 Y, Seis(6) meses de experiencia relacionada con la participación en grupos de investigación registrados en COLCIENCIAS y en la gestión de semilleros de investigación desarrollando proyectos en una de las líneas de investigación avaladas institucionalmente por el SENA y en labores de Formación Profesional","Dependencia: ANTIOQUIA- CENTRO DEL DISEÑO Y MANUFACTURA DEL CUERO,  Municipio: Itagüí, Total vacantes: 2","Título de MAESTRIA en NBC: EDUCACION
 ,O, NBC:   INGENIERIA BIOMEDICA Y AFINES
 ,O, NBC:   OTRAS INGENIERIAS
 ,Y, Título de PROFESIONAL en NBC: EDUCACION
 ,O, NBC:   INGENIERIA BIOMEDICA Y AFINES
 ,O, NBC:   OTRAS INGENIERIAS."
Instructor,1,229025,4065092,"Seis(6) meses de EXPERIENCIA DOCENTE, 
 Y, Seis(6) meses de experiencia relacionada con la participación en grupos de investigación registrados en COLCIENCIAS y en la gestión de semilleros de investigación desarrollando proyectos en una de las líneas de investigación avaladas institucionalmente por el SENA y en labores de Formación Profesional","Dependencia: ANTIOQUIA- COMPLEJO TECNOLOGICO PARA LA GESTION AGROEMPRESARIAL,  Municipio: Caucasia, Total vacantes: 1","Título de MAESTRIA en NBC: AGRONOMIA
 ,O, NBC:   EDUCACION
 ,O, NBC:   INGENIERIA AGRONOMICA, PECUARIA Y AFINES
 ,O, NBC:   MEDICINA VETERINARIA
 ,O, NBC:   OTRAS INGENIERIAS
 ,O, NBC:   ZOOTECNIA
 ,Y, Título de PROFESIONAL en NBC: AGRONOMIA
 ,O, NBC:   EDUCACION
 ,O, NBC:   INGENIERIA AGRONOMICA, PECUARIA Y AFINES
 ,O, NBC:   MEDICINA VETERINARIA
 ,O, NBC:   OTRAS INGENIERIAS
 ,O, NBC:   ZOOTECNIA."
Instructor,2,229026,4065092,"Seis(6) meses de EXPERIENCIA DOCENTE, 
 Y, Seis(6) meses de experiencia relacionada con la participación en grupos de investigación registrados en COLCIENCIAS y en la gestión de semilleros de investigación desarrollando proyectos en una de las líneas de investigación avaladas institucionalmente por el SENA y en labores de Formación Profesional","Dependencia: RISARALDA-CENTRO DE DISEÑO E INNOVACION TECNOLOGICA INDUSTRIAL,  Municipio: Dosquebradas, Total vacantes: 2","Título de MAESTRIA en NBC: EDUCACION
 ,O, NBC:   INGENIERIA AGROINDUSTRIAL, ALIMENTOS Y AFINES
 ,O, NBC:   INGENIERIA DE SISTEMAS, TELEMATICA Y AFINES
 ,O, NBC:   INGENIERIA ELECTRICA Y AFINES
 ,O, NBC:   INGENIERIA ELECTRONICA, TELECOMUNICACIONES Y AFINES
 ,O, NBC:   INGENIERIA INDUSTRIAL Y AFINES
 ,O, NBC:   OTRAS INGENIERIAS
 ,Y, Título de PROFESIONAL en NBC: EDUCACION
 ,O, NBC:   INGENIERIA AGROINDUSTRIAL, ALIMENTOS Y AFINES
 ,O, NBC:   INGENIERIA DE SISTEMAS, TELEMATICA Y AFINES
 ,O, NBC:   INGENIERIA ELECTRICA Y AFINES
 ,O, NBC:   INGENIERIA ELECTRONICA, TELECOMUNICACIONES Y AFINES
 ,O, NBC:   INGENIERIA INDUSTRIAL Y AFINES
 ,O, NBC:   OTRAS INGENIERIAS."
Instructor,1,229027,4065092,"Seis(6) meses de EXPERIENCIA DOCENTE, 
 Y, Seis(6) meses de experiencia relacionada con la participación en grupos de investigación registrados en COLCIENCIAS y en la gestión de semilleros de investigación desarrollando proyectos en una de las líneas de investigación avaladas institucionalmente por el SENA y en labores de Formación Profesional","Dependencia: DISTRITO CAPITAL-CENTRO DE MATERIALES Y ENSAYOS,  Municipio: Bogotá D.C., Total vacantes: 1","Título de MAESTRIA en NBC: EDUCACION
 ,O, NBC:   INGENIERIA DE MINAS, METALURGIA Y AFINES
 ,O, NBC:   INGENIERIA DE SISTEMAS, TELEMATICA Y AFINES
 ,O, NBC:   INGENIERIA INDUSTRIAL Y AFINES
 ,O, NBC:   OTRAS INGENIERIAS
 ,Y, Título de PROFESIONAL en NBC: EDUCACION
 ,O, NBC:   INGENIERIA DE MINAS, METALURGIA Y AFINES
 ,O, NBC:   INGENIERIA DE SISTEMAS, TELEMATICA Y AFINES
 ,O, NBC:   INGENIERIA INDUSTRIAL Y AFINES
 ,O, NBC:   OTRAS INGENIERIAS."
Instructor,1,229028,4065092,"Seis(6) meses de EXPERIENCIA DOCENTE, 
 Y, Seis(6) meses de experiencia relacionada con la participación en grupos de investigación registrados en COLCIENCIAS y en la gestión de semilleros de investigación desarrollando proyectos en una de las líneas de investigación avaladas institucionalmente por el SENA y en labores de Formación Profesional","Dependencia: DISTRITO CAPITAL-CENTRO DE DISEÑO Y METROLOGÍA,  Municipio: Bogotá D.C., Total vacantes: 1","Título de MAESTRIA en NBC: EDUCACION
 ,O, NBC:   INGENIERIA DE SISTEMAS, TELEMATICA Y AFINES
 ,O, NBC:   INGENIERIA ELECTRICA Y AFINES
 ,O, NBC:   INGENIERIA ELECTRONICA, TELECOMUNICACIONES Y AFINES
 ,O, NBC:   INGENIERIA MECANICA Y AFINES
 ,O, NBC:   INGENIERIA QUIMICA Y AFINES
 ,O, NBC:   OTRAS INGENIERIAS
 ,Y, Título de PROFESIONAL en NBC: EDUCACION
 ,O, NBC:   INGENIERIA DE SISTEMAS, TELEMATICA Y AFINES
 ,O, NBC:   INGENIERIA ELECTRICA Y AFINES
 ,O, NBC:   INGENIERIA ELECTRONICA, TELECOMUNICACIONES Y AFINES
 ,O, NBC:   INGENIERIA MECANICA Y AFINES
 ,O, NBC:   INGENIERIA QUIMICA Y AFINES
 ,O, NBC:   OTRAS INGENIERIAS."
Instructor,2,229029,4065092,"Seis(6) meses de EXPERIENCIA DOCENTE, 
 Y, Seis(6) meses de experiencia relacionada con la participación en grupos de investigación registrados en COLCIENCIAS y en la gestión de semilleros de investigación desarrollando proyectos en una de las líneas de investigación avaladas institucionalmente por el SENA y en labores de Formación Profesional","Dependencia: VALLE-CENTRO DE ELECTRICIDAD Y AUTOMATIZACION INDUSTRIAL CEAI,  Municipio: Cali, Total vacantes: 2","Título de MAESTRIA en NBC: EDUCACION
 ,O, NBC:   INGENIERIA DE SISTEMAS, TELEMATICA Y AFINES
 ,O, NBC:   INGENIERIA ELECTRICA Y AFINES
 ,O, NBC:   INGENIERIA ELECTRONICA, TELECOMUNICACIONES Y AFINES
 ,O, NBC:   INGENIERIA INDUSTRIAL Y AFINES
 ,O, NBC:   INGENIERIA MECANICA Y AFINES
 ,O, NBC:   INGENIERIA QUIMICA Y AFINES
 ,O, NBC:   OTRAS INGENIERIAS
 ,Y, Título de PROFESIONAL en NBC: EDUCACION
 ,O, NBC:   INGENIERIA DE SISTEMAS, TELEMATICA Y AFINES
 ,O, NBC:   INGENIERIA ELECTRICA Y AFINES
 ,O, NBC:   INGENIERIA ELECTRONICA, TELECOMUNICACIONES Y AFINES
 ,O, NBC:   INGENIERIA INDUSTRIAL Y AFINES
 ,O, NBC:   INGENIERIA MECANICA Y AFINES
 ,O, NBC:   INGENIERIA QUIMICA Y AFINES
 ,O, NBC:   OTRAS INGENIERIAS."
Instructor,1,229030,4065092,"Seis(6) meses de EXPERIENCIA DOCENTE, 
 Y, Seis(6) meses de experiencia relacionada con la participación en grupos de investigación registrados en COLCIENCIAS y en la gestión de semilleros de investigación desarrollando proyectos en una de las líneas de investigación avaladas institucionalmente por el SENA y en labores de Formación Profesional","Dependencia: ANTIOQUIA- CENTRO DE TECNOLOGÍA DE LA MANUFACTURA AVANZADA,  Municipio: Medellín, Total vacantes: 1","Título de MAESTRIA en NBC: EDUCACION
 ,O, NBC:   INGENIERIA DE SISTEMAS, TELEMATICA Y AFINES
 ,O, NBC:   INGENIERIA ELECTRONICA, TELECOMUNICACIONES Y AFINES
 ,O, NBC:   INGENIERIA MECANICA Y AFINES
 ,O, NBC:   INGENIERIA QUIMICA Y AFINES
 ,O, NBC:   OTRAS INGENIERIAS
 ,Y, Título de PROFESIONAL en NBC: EDUCACION
 ,O, NBC:   INGENIERIA DE SISTEMAS, TELEMATICA Y AFINES
 ,O, NBC:   INGENIERIA ELECTRONICA, TELECOMUNICACIONES Y AFINES
 ,O, NBC:   INGENIERIA MECANICA Y AFINES
 ,O, NBC:   INGENIERIA QUIMICA Y AFINES
 ,O, NBC:   OTRAS INGENIERIAS."
Instructor,1,229031,4065092,"Seis(6) meses de EXPERIENCIA DOCENTE, 
 Y, Seis(6) meses de experiencia relacionada con la participación en grupos de investigación registrados en COLCIENCIAS y en la gestión de semilleros de investigación desarrollando proyectos en una de las líneas de investigación avaladas institucionalmente por el SENA y en labores de Formación Profesional","Dependencia: CAUCA- CENTRO DE TELEINFORMÁTICA Y PRODUCCIÓN INDUSTRIAL,  Municipio: Popayán, Total vacantes: 1","Título de MAESTRIA en NBC: EDUCACION
 ,O, NBC:   INGENIERIA ELECTRONICA, TELECOMUNICACIONES Y AFINES
 ,O, NBC:   OTRAS INGENIERIAS
 ,Y, Título de PROFESIONAL en NBC: EDUCACION
 ,O, NBC:   INGENIERIA ELECTRONICA, TELECOMUNICACIONES Y AFINES
 ,O, NBC:   OTRAS INGENIERIAS."
Instructor,2,229032,4065092,"Seis(6) meses de EXPERIENCIA DOCENTE, 
 Y, Seis(6) meses de experiencia relacionada con la participación en grupos de investigación registrados en COLCIENCIAS y en la gestión de semilleros de investigación desarrollando proyectos en una de las líneas de investigación avaladas institucionalmente por el SENA y en labores de Formación Profesional","Dependencia: CALDAS- CENTRO DE PROCESOS INDUSTRIALES Y CONSTRUCCION,  Municipio: Manizales, Total vacantes: 2","Título de MAESTRIA en NBC: ARQUITECTURA
 ,O, NBC:   DISENO
 ,O, NBC:   EDUCACION
 ,O, NBC:   INGENIERIA AGRICOLA, FORESTAL Y AFINES
 ,O, NBC:   INGENIERIA AGROINDUSTRIAL, ALIMENTOS Y AFINES
 ,O, NBC:   INGENIERIA AMBIENTAL, SANITARIA Y AFINES
 ,O, NBC:   INGENIERIA CIVIL Y AFINES
 ,O, NBC:   INGENIERIA DE SISTEMAS, TELEMATICA Y AFINES
 ,O, NBC:   INGENIERIA ELECTRICA Y AFINES
 ,O, NBC:   INGENIERIA ELECTRONICA, TELECOMUNICACIONES Y AFINES
 ,O, NBC:   INGENIERIA INDUSTRIAL Y AFINES
 ,O, NBC:   INGENIERIA MECANICA Y AFINES
 ,O, NBC:   INGENIERIA QUIMICA Y AFINES
 ,O, NBC:   OTRAS INGENIERIAS
 ,Y, Título de PROFESIONAL en NBC: ARQUITECTURA
 ,O, NBC:   DISENO
 ,O, NBC:   EDUCACION
 ,O, NBC:   INGENIERIA AGRICOLA, FORESTAL Y AFINES
 ,O, NBC:   INGENIERIA AGROINDUSTRIAL, ALIMENTOS Y AFINES
 ,O, NBC:   INGENIERIA AMBIENTAL, SANITARIA Y AFINES
 ,O, NBC:   INGENIERIA CIVIL Y AFINES
 ,O, NBC:   INGENIERIA DE SISTEMAS, TELEMATICA Y AFINES
 ,O, NBC:   INGENIERIA ELECTRICA Y AFINES
 ,O, NBC:   INGENIERIA ELECTRONICA, TELECOMUNICACIONES Y AFINES
 ,O, NBC:   INGENIERIA INDUSTRIAL Y AFINES
 ,O, NBC:   INGENIERIA MECANICA Y AFINES
 ,O, NBC:   INGENIERIA QUIMICA Y AFINES
 ,O, NBC:   OTRAS INGENIERIAS."
Profesional,1,229033,6188097,Doce(12) meses de EXPERIENCIA PROFESIONAL RELACIONADA,"Dependencia: DIRECCIÓN GENERAL-DIRECCIÓN JURÍDICA,  Municipio: Bogotá D.C., Total vacantes: 1","Título de PROFESIONAL en NBC: ADMINISTRACION
 ,O, NBC:   CONTADURIA PUBLICA
 ,O, NBC:   DERECHO Y AFINES
 ,O, NBC:   INGENIERIA ADMINISTRATIVA Y AFINES.

Titulo de postgrado en la modalidad de ESPECIALIZACION EN AREAS RELACIONADAS CON LAS FUNCIONES DEL EMPLEO."
Instructor,3,229034,4065092,"Doce(12) meses de EXPERIENCIA RELACIONADA, 
 Y, Doce(12) meses de EXPERIENCIA DOCENTE, 
 O, Doce(12) meses de Experiencia relacionada con el ejercicio de diseño y acreditar la totalidad de las catorce (14) certificaciones de la ruta formativa en “Competencias Integrales para la Cualificación del Instructor SENA","Dependencia: ATLANTICO- CENTRO INDUSTRIAL Y DE AVIACION,  Municipio: Barranquilla, Total vacantes: 1",Título de PROFESIONAL en NBC: DISENO.
Instructor,7,229035,4065092,"Doce(12) meses de EXPERIENCIA RELACIONADA, 
 Y, Doce(12) meses de EXPERIENCIA DOCENTE, 
 O, Doce(12) meses de Experiencia relacionada con el ejercicio de producción especies mayores y acreditar la totalidad de las catorce (14) certificaciones de la ruta formativa en “Competencias Integrales para la Cualificación del Instructor SENA","Dependencia: QUINDÍO-CENTRO AGROINDUSTRIAL,  Municipio: Armenia, Total vacantes: 1","Título de PROFESIONAL en NBC: ADMINISTRACION
 ,O, NBC:   AGRONOMIA
 ,O, NBC:   EDUCACION
 ,O, NBC:   INGENIERIA AGRONOMICA, PECUARIA Y AFINES
 ,O, NBC:   MEDICINA VETERINARIA
 ,O, NBC:   ZOOTECNIA."
Instructor,3,229036,4065092,"Doce(12) meses de EXPERIENCIA RELACIONADA, 
 Y, Doce(12) meses de EXPERIENCIA DOCENTE, 
 O, Doce(12) meses de Experiencia relacionada con el ejercicio de procesamiento de alimentos- lácteos y derivados y acreditar la totalidad de las catorce (14) certificaciones de la ruta formativa en “Competencias Integrales para la Cualificación del Instructor SENA","Dependencia: QUINDÍO-CENTRO AGROINDUSTRIAL,  Municipio: Armenia, Total vacantes: 1","Título de PROFESIONAL en NBC: ADMINISTRACION
 ,O, NBC:   INGENIERIA AGROINDUSTRIAL, ALIMENTOS Y AFINES
 ,O, NBC:   QUIMICA Y AFINES
 ,O, NBC:   ZOOTECNIA."
Instructor,1,229037,4065092,"Doce(12) meses de EXPERIENCIA RELACIONADA, 
 Y, Doce(12) meses de EXPERIENCIA DOCENTE, 
 O, Doce(12) meses de Experiencia relacionada con el ejercicio de procesamiento de alimentos- cárnicos y derivados y acreditar la totalidad de las catorce (14) certificaciones de la ruta formativa en “Competencias Integrales para la Cualificación del Instructor SENA","Dependencia: DISTRITO CAPITAL- CENTRO NACIONAL DE HOTELERIA, TURISMO Y ALIMENTOS,  Municipio: Bogotá D.C., Total vacantes: 1","Título de PROFESIONAL en NBC: ADMINISTRACION
 ,O, NBC:   INGENIERIA AGROINDUSTRIAL, ALIMENTOS Y AFINES
 ,O, NBC:   QUIMICA Y AFINES
 ,O, NBC:   ZOOTECNIA."
Instructor,1,229038,4065092,"Doce(12) meses de EXPERIENCIA RELACIONADA, 
 Y, Doce(12) meses de EXPERIENCIA DOCENTE, 
 O, Doce(12) meses de Experiencia relacionada con el ejercicio de procesamiento de alimentos frutas y verduras y acreditar la totalidad de las catorce (14) certificaciones de la ruta formativa en “Competencias Integrales para la Cualificación del Instructor SENA","Dependencia: ATLANTICO- CENTRO PARA EL DESARROLLO AGROECOLOGICO Y AGROINDUSTRIAL,  Municipio: Sabanalarga, Total vacantes: 1","Título de PROFESIONAL en NBC: ADMINISTRACION
 ,O, NBC:   INGENIERIA AGROINDUSTRIAL, ALIMENTOS Y AFINES
 ,O, NBC:   QUIMICA Y AFINES."
Instructor,1,229041,4065092,"Doce(12) meses de EXPERIENCIA RELACIONADA, 
 Y, Doce(12) meses de EXPERIENCIA DOCENTE, 
 O, Doce(12) meses de Experiencia relacionada con el ejercicio de recreación y acreditar la totalidad de las catorce (14) certificaciones de la ruta formativa en “Competencias Integrales para la Cualificación del Instructor SENA","Dependencia: NARIÑO-CENTRO INTERNACIONAL DE PRODUCCIÓN LIMPIA - LOPE,  Municipio: Pasto, Total vacantes: 1","Título de PROFESIONAL en NBC: DEPORTES, EDUCACION FISICA Y RECREACION
 ,O, NBC:   EDUCACION."
Instructor,3,229042,4065092,"Doce(12) meses de EXPERIENCIA RELACIONADA, 
 Y, Doce(12) meses de EXPERIENCIA DOCENTE, 
 O, Doce(12) meses de Experiencia relacionada con el ejercicio de mecanización agrícola y acreditar la totalidad de las catorce (14) certificaciones de la ruta formativa en “Competencias Integrales para la Cualificación del Instructor SENA.","Dependencia: CORDOBA- CENTRO AGROPECUARIO Y DE BIOTECNOLOGIA EL PORVENIR,  Municipio: Montería, Total vacantes: 1","Título de PROFESIONAL en NBC: AGRONOMIA
 ,O, NBC:   EDUCACION
 ,O, NBC:   INGENIERIA AGRICOLA, FORESTAL Y AFINES
 ,O, NBC:   INGENIERIA AGRONOMICA, PECUARIA Y AFINES
 ,O, NBC:   INGENIERIA MECANICA Y AFINES."
Instructor,2,229043,4065092,"Doce(12) meses de EXPERIENCIA RELACIONADA, 
 Y, Doce(12) meses de EXPERIENCIA DOCENTE, 
 O, Doce(12) meses de Experiencia relacionada con el ejercicio de procesamiento de alimentos- panadería y repostería y acreditar la totalidad de las catorce (14) certificaciones de la ruta formativa en “Competencias Integrales para la Cualificación del Instructor SENA","Dependencia: DISTRITO CAPITAL- CENTRO NACIONAL DE HOTELERIA, TURISMO Y ALIMENTOS,  Municipio: Bogotá D.C., Total vacantes: 1","Título de PROFESIONAL en NBC: ADMINISTRACION
 ,O, NBC:   INGENIERIA AGROINDUSTRIAL, ALIMENTOS Y AFINES
 ,O, NBC:   QUIMICA Y AFINES."
Instructor,2,229044,4065092,"Doce(12) meses de EXPERIENCIA RELACIONADA, 
 Y, Doce(12) meses de EXPERIENCIA DOCENTE, 
 O, Doce(12) meses de Experiencia relacionada con el ejercicio de infraestructura y acreditar la totalidad de las catorce (14) certificaciones de la ruta formativa en “Competencias Integrales para la Cualificación del Instructor SENA","Dependencia: ANTIOQUIA- CENTRO DE SERVICIOS Y GESTIÓN EMPRESARIAL,  Municipio: Medellín, Total vacantes: 1","Título de PROFESIONAL en NBC: INGENIERIA DE SISTEMAS, TELEMATICA Y AFINES
 ,O, NBC:   INGENIERIA ELECTRONICA, TELECOMUNICACIONES Y AFINES."
Instructor,3,229045,4065092,"Doce(12) meses de EXPERIENCIA RELACIONADA, 
 Y, Doce(12) meses de EXPERIENCIA DOCENTE, 
 O, Doce(12) meses de Experiencia relacionada con el ejercicio de forestal y acreditar la totalidad de las catorce (14) certificaciones de la ruta formativa en “Competencias Integrales para la Cualificación del Instructor SENA","Dependencia: ATLANTICO- CENTRO PARA EL DESARROLLO AGROECOLOGICO Y AGROINDUSTRIAL,  Municipio: Sabanalarga, Total vacantes: 1","Título de PROFESIONAL en NBC: INGENIERIA AGRICOLA, FORESTAL Y AFINES."
Instructor,9,229046,4065092,"Doce(12) meses de EXPERIENCIA RELACIONADA, 
 Y, Doce(12) meses de EXPERIENCIA DOCENTE, 
 O, Doce(12) meses de Experiencia relacionada con el ejercicio de seguridad y salud en el trabajo y acreditar la totalidad de las catorce (14) certificaciones de la ruta formativa en “Competencias Integrales para la Cualificación del Instructor SENA.","Dependencia: QUINDÍO-CENTRO AGROINDUSTRIAL,  Municipio: Armenia, Total vacantes: 1","Título de PROFESIONAL en NBC: ADMINISTRACION
 ,O, NBC:   ENFERMERIA
 ,O, NBC:   INGENIERIA CIVIL Y AFINES
 ,O, NBC:   INGENIERIA DE MINAS, METALURGIA Y AFINES
 ,O, NBC:   INGENIERIA INDUSTRIAL Y AFINES
 ,O, NBC:   INGENIERIA QUIMICA Y AFINES
 ,O, NBC:   MEDICINA
 ,O, NBC:   OTRAS INGENIERIAS
 ,O, NBC:   SALUD PUBLICA
 ,O, NBC:   SOCIOLOGIA, TRABAJO SOCIAL Y AFINES
 ,O, NBC:   TERAPIAS."
Instructor,2,229047,4065092,"Doce(12) meses de EXPERIENCIA RELACIONADA, 
 Y, Doce(12) meses de EXPERIENCIA DOCENTE, 
 O, Doce(12) meses de Experiencia relacionada con el ejercicio de plásticos y acreditar la totalidad de las catorce (14) certificaciones de la ruta formativa en “Competencias Integrales para la Cualificación del Instructor SENA","Dependencia: DISTRITO CAPITAL-CENTRO METALMECÁNICO,  Municipio: Bogotá D.C., Total vacantes: 2","Título de PROFESIONAL en NBC: INGENIERIA DE MINAS, METALURGIA Y AFINES
 ,O, NBC:   INGENIERIA QUIMICA Y AFINES."
Instructor,4,229049,4065092,"Doce(12) meses de EXPERIENCIA RELACIONADA, 
 Y, Doce(12) meses de EXPERIENCIA DOCENTE, 
 O, Doce(12) meses de Experiencia relacionada con el ejercicio de diseño mecánico y acreditar la totalidad de las catorce (14) certificaciones de la ruta formativa en “Competencias Integrales para la Cualificación del Instructor SENA","Dependencia: ANTIOQUIA-CENTRO DE LA INNOVACION, LA AGROINDUSTRIA Y LA AVIACION,  Municipio: Rionegro, Total vacantes: 1","Título de PROFESIONAL en NBC: EDUCACION
 ,O, NBC:   INGENIERIA DE MINAS, METALURGIA Y AFINES
 ,O, NBC:   INGENIERIA INDUSTRIAL Y AFINES
 ,O, NBC:   INGENIERIA MECANICA Y AFINES
 ,O, NBC:   INGENIERIA QUIMICA Y AFINES."
Profesional,2,229050,5175240,NO REQUIERE EXPERIENCIA,"Dependencia: CUNDINAMARCA- CENTRO DE LA TECNOLOGIA DEL DISEÑO Y LA PRODUCTIVIDAD EMPRESARIAL,  Municipio: Girardot, Total vacantes: 1","Título de PROFESIONAL en NBC: ADMINISTRACION
 ,O, NBC:   CIENCIA POLITICA, RELACIONES INTERNACIONALES
 ,O, NBC:   ECONOMIA
 ,O, NBC:   EDUCACION
 ,O, NBC:   INGENIERIA ADMINISTRATIVA Y AFINES
 ,O, NBC:   INGENIERIA DE SISTEMAS, TELEMATICA Y AFINES
 ,O, NBC:   INGENIERIA INDUSTRIAL Y AFINES.

Titulo de postgrado en la modalidad de ESPECIALIZACION EN AREAS RELACIONADAS CON LAS FUNCIONES DEL EMPLEO."
Profesional,1,229051,5848204,Seis(6) meses de EXPERIENCIA PROFESIONAL RELACIONADA,"Dependencia: CUNDINAMARCA- CENTRO DE DESARROLLO AGROINDUSTRIAL Y EMPRESARIAL,  Municipio: Villeta, Total vacantes: 1","Título de PROFESIONAL en NBC: ADMINISTRACION
 ,O, NBC:   AGRONOMIA
 ,O, NBC:   ANTROPOLOGIA Y ARTES LIBERALES
 ,O, NBC:   ARQUITECTURA
 ,O, NBC:   BACTERIOLOGIA
 ,O, NBC:   BIBLIOTECOLOGIA, OTROS DE CIENCIAS SOCIALES Y HUMANAS
 ,O, NBC:   BIOLOGIA, MICROBIOLOGIA Y AFINES
 ,O, NBC:   CIENCIA POLITICA, RELACIONES INTERNACIONALES
 ,O, NBC:   COMUNICACION SOCIAL, PERIODISMO Y AFINES
 ,O, NBC:   CONTADURIA PUBLICA
 ,O, NBC:   DEPORTES, EDUCACION FISICA Y RECREACION
 ,O, NBC:   DERECHO Y AFINES
 ,O, NBC:   DISENO
 ,O, NBC:   ECONOMIA
 ,O, NBC:   EDUCACION
 ,O, NBC:   ENFERMERIA
 ,O, NBC:   INGENIERIA ADMINISTRATIVA Y AFINES
 ,O, NBC:   INGENIERIA AGRICOLA, FORESTAL Y AFINES
 ,O, NBC:   INGENIERIA AGROINDUSTRIAL, ALIMENTOS Y AFINES
 ,O, NBC:   INGENIERIA AGRONOMICA, PECUARIA Y AFINES
 ,O, NBC:   INGENIERIA AMBIENTAL, SANITARIA Y AFINES
 ,O, NBC:   INGENIERIA BIOMEDICA Y AFINES
 ,O, NBC:   INGENIERIA CIVIL Y AFINES
 ,O, NBC:   INGENIERIA DE MINAS, METALURGIA Y AFINES
 ,O, NBC:   INGENIERIA DE SISTEMAS, TELEMATICA Y AFINES
 ,O, NBC:   INGENIERIA ELECTRICA Y AFINES
 ,O, NBC:   INGENIERIA ELECTRONICA, TELECOMUNICACIONES Y AFINES
 ,O, NBC:   INGENIERIA INDUSTRIAL Y AFINES
 ,O, NBC:   INGENIERIA MECANICA Y AFINES
 ,O, NBC:   INGENIERIA QUIMICA Y AFINES
 ,O, NBC:   LENGUAS MODERNAS, LITERATURA, LINGUISTICA Y AFINES
 ,O, NBC:   MATEMATICAS, ESTADISTICA Y AFINES
 ,O, NBC:   MEDICINA
 ,O, NBC:   MEDICINA VETERINARIA
 ,O, NBC:   ODONTOLOGIA
 ,O, NBC:   OTRAS INGENIERIAS
 ,O, NBC:   OTROS PROGRAMAS ASOCIADOS A BELLAS ARTES
 ,O, NBC:   PSICOLOGIA
 ,O, NBC:   QUIMICA Y AFINES
 ,O, NBC:   SOCIOLOGIA, TRABAJO SOCIAL Y AFINES
 ,O, NBC:   TERAPIAS
 ,O, NBC:   ZOOTECNIA.

Titulo de postgrado en la modalidad de ESPECIALIZACION EN AREAS RELACIONADAS CON LAS FUNCIONES DEL EMPLEO."
Instructor,3,229052,4065092,"Doce(12) meses de EXPERIENCIA RELACIONADA, 
 Y, Doce(12) meses de EXPERIENCIA DOCENTE, 
 O, Doce(12) meses de Experiencia relacionada con el ejercicio de instrumentación y control de procesos y acreditar la totalidad de las catorce (14) certificaciones de la ruta formativa en “Competencias Integrales para la Cualificación del Instructor SENA","Dependencia: BOLIVAR- CENTRO PARA LA INDUSTRIA PETROQUIMICA,  Municipio: Cartagena De Indias, Total vacantes: 1","Título de PROFESIONAL en NBC: INGENIERIA ELECTRICA Y AFINES
 ,O, NBC:   INGENIERIA ELECTRONICA, TELECOMUNICACIONES Y AFINES
 ,O, NBC:   INGENIERIA INDUSTRIAL Y AFINES
 ,O, NBC:   INGENIERIA MECANICA Y AFINES."
Instructor,7,229053,4065092,"Doce(12) meses de EXPERIENCIA RELACIONADA, 
 Y, Doce(12) meses de EXPERIENCIA DOCENTE, 
 O, Doce(12) meses de Experiencia relacionada con el ejercicio de contabilidad y acreditar la totalidad de las catorce (14) certificaciones de la ruta formativa en “Competencias Integrales para la Cualificación del Instructor SENA","Dependencia: BOYACA- CENTRO DE GESTION ADMINISTRATIVA Y FORTALECIMIENTO EMPRESARIAL,  Municipio: Tunja, Total vacantes: 1","Título de PROFESIONAL en NBC: CONTADURIA PUBLICA
 ,O, NBC:   EDUCACION."
Instructor,5,229055,4065092,"Doce(12) meses de EXPERIENCIA RELACIONADA, 
 Y, Doce(12) meses de EXPERIENCIA DOCENTE, 
 O, Doce(12) meses de Experiencia relacionada con el ejercicio de apoyo al diagnóstico y acreditar la totalidad de las catorce (14) certificaciones de la ruta formativa en “Competencias Integrales para la Cualificación del Instructor SENA","Dependencia: CAUCA-CENTRO DE COMERCIO Y SERVICIOS,  Municipio: Santander De Quilichao, Total vacantes: 1",Título de PROFESIONAL en NBC: MEDICINA.
Profesional,1,229056,6500596,Quince(15) meses de EXPERIENCIA PROFESIONAL RELACIONADA,"Dependencia: BOYACA- CENTRO INDUSTRIAL DE MANTENIMIENTO Y MANUFACTURA,  Municipio: Sogamoso, Total vacantes: 1","Título de PROFESIONAL en NBC: FILOSOFIA, TEOLOGIA Y AFINES
 ,O, NBC:   PSICOLOGIA
 ,O, NBC:   SOCIOLOGIA, TRABAJO SOCIAL Y AFINES.

Titulo de postgrado en la modalidad de ESPECIALIZACION EN AREAS RELACIONADAS CON LAS FUNCIONES DEL EMPLEO."
Profesional,1,229057,6188097,Doce(12) meses de EXPERIENCIA PROFESIONAL RELACIONADA,"Dependencia: ANTIOQUIA- CENTRO DE SERVICIOS DE SALUD,  Municipio: Medellín, Total vacantes: 1","Título de PROFESIONAL en NBC: ADMINISTRACION
 ,O, NBC:   CONTADURIA PUBLICA
 ,O, NBC:   DERECHO Y AFINES
 ,O, NBC:   ECONOMIA
 ,O, NBC:   EDUCACION
 ,O, NBC:   FILOSOFIA, TEOLOGIA Y AFINES
 ,O, NBC:   INGENIERIA DE SISTEMAS, TELEMATICA Y AFINES
 ,O, NBC:   INGENIERIA INDUSTRIAL Y AFINES
 ,O, NBC:   PSICOLOGIA
 ,O, NBC:   SOCIOLOGIA, TRABAJO SOCIAL Y AFINES.

Titulo de postgrado en la modalidad de ESPECIALIZACION EN AREAS RELACIONADAS CON LAS FUNCIONES DEL EMPLEO."
Asesor,1,229058,8443931,Diez y ocho(18) meses de EXPERIENCIA PROFESIONAL RELACIONADA,"Dependencia: DISTRITO CAPITAL CENTRO DE SERVICIOS FINANCIEROS,  Municipio: Bogotá D.C., Total vacantes: 1","Título de PROFESIONAL en NBC: ADMINISTRACION
 ,O, NBC:   DERECHO Y AFINES
 ,O, NBC:   ECONOMIA
 ,O, NBC:   EDUCACION
 ,O, NBC:   MATEMATICAS, ESTADISTICA Y AFINES.

Titulo de postgrado en la modalidad de ESPECIALIZACION EN AREAS RELACIONADAS CON LAS FUNCIONES DEL EMPLEO."
Profesional,1,229059,5848204,Seis(6) meses de EXPERIENCIA PROFESIONAL RELACIONADA,"Dependencia: CAUCA- CENTRO DE TELEINFORMÁTICA Y PRODUCCIÓN INDUSTRIAL,  Municipio: Popayán, Total vacantes: 1","Título de PROFESIONAL en NBC: ADMINISTRACION
 ,O, NBC:   AGRONOMIA
 ,O, NBC:   ANTROPOLOGIA Y ARTES LIBERALES
 ,O, NBC:   BIBLIOTECOLOGIA, OTROS DE CIENCIAS SOCIALES Y HUMANAS
 ,O, NBC:   CIENCIA POLITICA, RELACIONES INTERNACIONALES
 ,O, NBC:   COMUNICACION SOCIAL, PERIODISMO Y AFINES
 ,O, NBC:   CONTADURIA PUBLICA
 ,O, NBC:   DERECHO Y AFINES
 ,O, NBC:   DISENO
 ,O, NBC:   ECONOMIA
 ,O, NBC:   EDUCACION
 ,O, NBC:   INGENIERIA ADMINISTRATIVA Y AFINES
 ,O, NBC:   INGENIERIA AGRICOLA, FORESTAL Y AFINES
 ,O, NBC:   INGENIERIA AGROINDUSTRIAL, ALIMENTOS Y AFINES
 ,O, NBC:   INGENIERIA AMBIENTAL, SANITARIA Y AFINES
 ,O, NBC:   INGENIERIA DE SISTEMAS, TELEMATICA Y AFINES
 ,O, NBC:   INGENIERIA INDUSTRIAL Y AFINES
 ,O, NBC:   INGENIERIA MECANICA Y AFINES
 ,O, NBC:   LENGUAS MODERNAS, LITERATURA, LINGUISTICA Y AFINES
 ,O, NBC:   PSICOLOGIA
 ,O, NBC:   ZOOTECNIA.

Titulo de postgrado en la modalidad de ESPECIALIZACION EN AREAS RELACIONADAS CON LAS FUNCIONES DEL EMPLEO."
Instructor,2,229060,4065092,"Seis(6) meses de experiencia relacionada con la participación en grupos de investigación registrados en COLCIENCIAS y en la gestión de semilleros de investigación desarrollando proyectos en una de las líneas de investigación avaladas institucionalmente por el SENA y en labores de Formación Profesional, 
 Y, Seis(6) meses de EXPERIENCIA DOCENTE","Dependencia: BOYACA- CENTRO INDUSTRIAL DE MANTENIMIENTO Y MANUFACTURA,  Municipio: Sogamoso, Total vacantes: 2","Título de MAESTRIA en NBC: ADMINISTRACION
 ,O, NBC:   EDUCACION
 ,O, NBC:   INGENIERIA CIVIL Y AFINES
 ,O, NBC:   INGENIERIA ELECTRICA Y AFINES
 ,O, NBC:   INGENIERIA ELECTRONICA, TELECOMUNICACIONES Y AFINES
 ,O, NBC:   INGENIERIA INDUSTRIAL Y AFINES
 ,O, NBC:   INGENIERIA MECANICA Y AFINES
 ,O, NBC:   OTRAS INGENIERIAS
 ,Y, Título de PROFESIONAL en NBC: ADMINISTRACION
 ,O, NBC:   EDUCACION
 ,O, NBC:   INGENIERIA CIVIL Y AFINES
 ,O, NBC:   INGENIERIA ELECTRICA Y AFINES
 ,O, NBC:   INGENIERIA ELECTRONICA, TELECOMUNICACIONES Y AFINES
 ,O, NBC:   INGENIERIA INDUSTRIAL Y AFINES
 ,O, NBC:   INGENIERIA MECANICA Y AFINES
 ,O, NBC:   OTRAS INGENIERIAS."
Profesional,1,229061,6188097,Doce(12) meses de EXPERIENCIA PROFESIONAL RELACIONADA,"Dependencia: NORTE DE SANTANDER- CENTRO DE FORMACION PARA EL DESARROLLO RURAL Y MINERO,  Municipio: Cúcuta, Total vacantes: 1","Título de PROFESIONAL en NBC: ADMINISTRACION
 ,O, NBC:   AGRONOMIA
 ,O, NBC:   CONTADURIA PUBLICA
 ,O, NBC:   ECONOMIA
 ,O, NBC:   INGENIERIA ADMINISTRATIVA Y AFINES
 ,O, NBC:   INGENIERIA AGRICOLA, FORESTAL Y AFINES
 ,O, NBC:   INGENIERIA AGROINDUSTRIAL, ALIMENTOS Y AFINES
 ,O, NBC:   INGENIERIA AGRONOMICA, PECUARIA Y AFINES
 ,O, NBC:   INGENIERIA INDUSTRIAL Y AFINES.

Titulo de postgrado en la modalidad de ESPECIALIZACION EN AREAS RELACIONADAS CON LAS FUNCIONES DEL EMPLEO."
Profesional,1,229062,5175240,NO REQUIERE EXPERIENCIA,"Dependencia: DIRECCIÓN GENERAL-DIRECCIÓN DE EMPLEO Y TRABAJO,  Municipio: Bogotá D.C., Total vacantes: 1","Título de PROFESIONAL en NBC: ADMINISTRACION
 ,O, NBC:   CONTADURIA PUBLICA
 ,O, NBC:   DERECHO Y AFINES
 ,O, NBC:   ECONOMIA
 ,O, NBC:   INGENIERIA ADMINISTRATIVA Y AFINES
 ,O, NBC:   INGENIERIA AGRONOMICA, PECUARIA Y AFINES
 ,O, NBC:   INGENIERIA DE SISTEMAS, TELEMATICA Y AFINES
 ,O, NBC:   INGENIERIA INDUSTRIAL Y AFINES.

Titulo de postgrado en la modalidad de ESPECIALIZACION EN AREAS RELACIONADAS CON LAS FUNCIONES DEL EMPLEO."
Profesional,1,229064,5175240,NO REQUIERE EXPERIENCIA,"Dependencia: VALLE-CENTRO DE LA CONSTRUCCIÓN,  Municipio: Cali, Total vacantes: 1","Título de PROFESIONAL en NBC: ADMINISTRACION
 ,O, NBC:   CONTADURIA PUBLICA
 ,O, NBC:   DERECHO Y AFINES
 ,O, NBC:   ECONOMIA
 ,O, NBC:   EDUCACION
 ,O, NBC:   ENFERMERIA
 ,O, NBC:   FILOSOFIA, TEOLOGIA Y AFINES
 ,O, NBC:   INGENIERIA DE SISTEMAS, TELEMATICA Y AFINES
 ,O, NBC:   INGENIERIA INDUSTRIAL Y AFINES
 ,O, NBC:   PSICOLOGIA
 ,O, NBC:   SOCIOLOGIA, TRABAJO SOCIAL Y AFINES
 ,O, NBC:   TERAPIAS.

Titulo de postgrado en la modalidad de ESPECIALIZACION EN AREAS RELACIONADAS CON LAS FUNCIONES DEL EMPLEO."
Profesional,1,229066,6188097,Doce(12) meses de EXPERIENCIA PROFESIONAL RELACIONADA,"Dependencia: MAGDALENA-CENTRO DE LOGISTICA Y PROMOCION ECOTURISTICA DEL MAGDALENA,  Municipio: Santa Marta, Total vacantes: 1","Título de PROFESIONAL en NBC: ADMINISTRACION
 ,O, NBC:   BACTERIOLOGIA
 ,O, NBC:   CIENCIA POLITICA, RELACIONES INTERNACIONALES
 ,O, NBC:   COMUNICACION SOCIAL, PERIODISMO Y AFINES
 ,O, NBC:   CONTADURIA PUBLICA
 ,O, NBC:   DERECHO Y AFINES
 ,O, NBC:   ECONOMIA
 ,O, NBC:   EDUCACION
 ,O, NBC:   ENFERMERIA
 ,O, NBC:   INGENIERIA ADMINISTRATIVA Y AFINES
 ,O, NBC:   INGENIERIA INDUSTRIAL Y AFINES
 ,O, NBC:   MEDICINA
 ,O, NBC:   ODONTOLOGIA
 ,O, NBC:   PSICOLOGIA
 ,O, NBC:   SOCIOLOGIA, TRABAJO SOCIAL Y AFINES
 ,O, NBC:   TERAPIAS.

Titulo de postgrado en la modalidad de ESPECIALIZACION EN AREAS RELACIONADAS CON LAS FUNCIONES DEL EMPLEO."
Instructor,8,229067,4065092,"Doce(12) meses de EXPERIENCIA RELACIONADA, 
 Y, Doce(12) meses de EXPERIENCIA DOCENTE, 
 O, Doce(12) meses de Experiencia relacionada con el ejercicio de agricultura y acreditar la totalidad de las catorce (14) certificaciones de la ruta formativa en “Competencias Integrales para la Cualificación del Instructor SENA","Dependencia: ANTIOQUIA-CENTRO DE FORMACIÓN MINERO AMBIENTAL,  Municipio: El Bagre, Total vacantes: 1","Título de PROFESIONAL en NBC: ADMINISTRACION
 ,O, NBC:   AGRONOMIA
 ,O, NBC:   EDUCACION
 ,O, NBC:   INGENIERIA AGRICOLA, FORESTAL Y AFINES
 ,O, NBC:   INGENIERIA AGRONOMICA, PECUARIA Y AFINES."
Instructor,9,229068,4065092,"Doce(12) meses de EXPERIENCIA DOCENTE, 
 Y, Doce(12) meses de EXPERIENCIA RELACIONADA, 
 O, Doce(12) meses de Experiencia relacionada con el ejercicio de agricultura de precisión y acreditar la totalidad de las catorce (14) certificaciones de la ruta formativa en “Competencias Integrales para la Cualificación del Instructor SENA","Dependencia: NORTE DE SANTANDER- CENTRO DE FORMACION PARA EL DESARROLLO RURAL Y MINERO,  Municipio: Cúcuta, Total vacantes: 1","Título de PROFESIONAL en NBC: AGRONOMIA
 ,O, NBC:   EDUCACION
 ,O, NBC:   INGENIERIA AGRICOLA, FORESTAL Y AFINES
 ,O, NBC:   INGENIERIA AGRONOMICA, PECUARIA Y AFINES
 ,O, NBC:   INGENIERIA DE SISTEMAS, TELEMATICA Y AFINES
 ,O, NBC:   INGENIERIA ELECTRONICA, TELECOMUNICACIONES Y AFINES
 ,O, NBC:   INGENIERIA MECANICA Y AFINES."
Instructor,2,229069,4065092,"Doce(12) meses de EXPERIENCIA RELACIONADA, 
 Y, Doce(12) meses de EXPERIENCIA DOCENTE, 
 O, Doce(12) meses de Experiencia relacionada con el ejercicio de análisis químico y acreditar la totalidad de las catorce (14) certificaciones de la ruta formativa en “Competencias Integrales para la Cualificación del Instructor SENA","Dependencia: TOLIMA-CENTRO DE INDUSTRIA Y CONSTRUCCIÓN,  Municipio: Ibagué, Total vacantes: 1","Título de PROFESIONAL en NBC: BIOLOGIA, MICROBIOLOGIA Y AFINES
 ,O, NBC:   EDUCACION
 ,O, NBC:   INGENIERIA QUIMICA Y AFINES
 ,O, NBC:   QUIMICA Y AFINES."
Instructor,5,229071,4065092,"Doce(12) meses de EXPERIENCIA RELACIONADA, 
 Y, Doce(12) meses de EXPERIENCIA DOCENTE, 
 O, Doce(12) meses de Experiencia relacionada con el ejercicio de arquitectura y decoración y acreditar la totalidad de las catorce (14) certificaciones de la ruta formativa en “Competencias Integrales para la Cualificación del Instructor SENA","Dependencia: SUCRE-CENTRO DE LA INNOVACION, LA TECNOLOGIA Y LOS SERVICIOS,  Municipio: Sincelejo, Total vacantes: 1","Título de PROFESIONAL en NBC: ADMINISTRACION
 ,O, NBC:   ARQUITECTURA
 ,O, NBC:   DISENO
 ,O, NBC:   INGENIERIA CIVIL Y AFINES."
Instructor,1,229073,4065092,"Doce(12) meses de EXPERIENCIA RELACIONADA, 
 Y, Doce(12) meses de EXPERIENCIA DOCENTE, 
 O, Doce(12) meses de Experiencia relacionada con el ejercicio de mesa y bar y acreditar la totalidad de las catorce (14) certificaciones de la ruta formativa en “Competencias Integrales para la Cualificación del Instructor SENA","Dependencia: SAN ANDRES- CENTRO DE FORMACION TURISTICA, GENTE DE MAR Y DE SERVICIOS,  Municipio: San Andrés, Total vacantes: 1",Título de PROFESIONAL en NBC: ADMINISTRACION.
Profesional,1,229074,8208795,"Quince(15) meses de experiencia relacionada con implementación de procesos de innovación, o investigación o producción académica, o divulgación científica, o propiedad intelectual, o transferencia tecnológica, o metodologías de evaluación de procesos y seguimiento a proyectos de ciencia, tecnología e innovación","Dependencia: SANTANDER-CENTRO AGROEMPRESARIAL Y TURÍSTICO DE LOS ANDES,  Municipio: Málaga, Total vacantes: 1","Título de PROFESIONAL en NBC: ADMINISTRACION
 ,O, NBC:   INGENIERIA AGRONOMICA, PECUARIA Y AFINES
 ,O, NBC:   INGENIERIA DE SISTEMAS, TELEMATICA Y AFINES
 ,O, NBC:   INGENIERIA INDUSTRIAL Y AFINES
 ,O, NBC:   MEDICINA VETERINARIA.

Titulo de postgrado en la modalidad de MAESTRIA en NBC: ADMINISTRACION
 ,O, NBC:   INGENIERIA AGRONOMICA, PECUARIA Y AFINES
 ,O, NBC:   INGENIERIA DE SISTEMAS, TELEMATICA Y AFINES
 ,O, NBC:   INGENIERIA INDUSTRIAL Y AFINES
 ,O, NBC:   MEDICINA VETERINARIA.


,Y, acreditar una (1) certificación, de entre las siguientes opciones: (1) Fortalecimiento de las Capacidades en Marco Lógico; (2) Fortalecimiento de las Capacidades en Propiedad Intelectual para Investigadores; (3) Escritura y Producción Intelectual o Escritura de Artículos Científicos y Tecnológicos; (4) Herramientas y Competencias para la generación de Innovación; (5) Definición de Indicadores y Vigilancia Tecnológica."
Profesional,1,229075,8208795,"Quince(15) meses de experiencia relacionada con implementación de procesos de innovación, o investigación o producción académica, o divulgación científica, o propiedad intelectual, o transferencia tecnológica, o metodologías de evaluación de procesos y seguimiento a proyectos de ciencia, tecnología e innovación","Dependencia: TOLIMA-CENTRO DE COMERCIO Y SERVICIOS,  Municipio: Ibagué, Total vacantes: 1","Título de PROFESIONAL en NBC: ADMINISTRACION
 ,O, NBC:   CONTADURIA PUBLICA
 ,O, NBC:   DEPORTES, EDUCACION FISICA Y RECREACION
 ,O, NBC:   ECONOMIA
 ,O, NBC:   INGENIERIA ADMINISTRATIVA Y AFINES
 ,O, NBC:   INGENIERIA DE SISTEMAS, TELEMATICA Y AFINES
 ,O, NBC:   INGENIERIA ELECTRONICA, TELECOMUNICACIONES Y AFINES
 ,O, NBC:   INGENIERIA INDUSTRIAL Y AFINES.

Titulo de postgrado en la modalidad de MAESTRIA en NBC: ADMINISTRACION
 ,O, NBC:   CONTADURIA PUBLICA
 ,O, NBC:   DEPORTES, EDUCACION FISICA Y RECREACION
 ,O, NBC:   ECONOMIA
 ,O, NBC:   INGENIERIA ADMINISTRATIVA Y AFINES
 ,O, NBC:   INGENIERIA DE SISTEMAS, TELEMATICA Y AFINES
 ,O, NBC:   INGENIERIA ELECTRONICA, TELECOMUNICACIONES Y AFINES
 ,O, NBC:   INGENIERIA INDUSTRIAL Y AFINES.


,Y, acreditar una (1) certificación, de entre las siguientes opciones: (1) Fortalecimiento de las Capacidades en Marco Lógico; (2) Fortalecimiento de las Capacidades en Propiedad Intelectual para Investigadores; (3) Escritura y Producción Intelectual o Escritura de Artículos Científicos y Tecnológicos; (4) Herramientas y Competencias para la generación de Innovación; (5) Definición de Indicadores y Vigilancia Tecnológica."
Profesional,1,229076,8208795,"Quince(15) meses de experiencia relacionada con implementación de procesos de innovación, o investigación o producción académica, o divulgación científica, o propiedad intelectual, o transferencia tecnológica, o metodologías de evaluación de procesos y seguimiento a proyectos de ciencia, tecnología e innovación","Dependencia: CUNDINAMARCA-CENTRO AGROECOLÓGICO Y EMPRESARIAL,  Municipio: Fusagasugá, Total vacantes: 1","Título de PROFESIONAL en NBC: ARTES PLASTICAS, VISUALES Y AFINES
 ,O, NBC:   DISENO
 ,O, NBC:   INGENIERIA AGROINDUSTRIAL, ALIMENTOS Y AFINES
 ,O, NBC:   INGENIERIA AGRONOMICA, PECUARIA Y AFINES
 ,O, NBC:   INGENIERIA DE SISTEMAS, TELEMATICA Y AFINES
 ,O, NBC:   ZOOTECNIA.

Titulo de postgrado en la modalidad de MAESTRIA en NBC: ARTES PLASTICAS, VISUALES Y AFINES
 ,O, NBC:   DISENO
 ,O, NBC:   INGENIERIA AGROINDUSTRIAL, ALIMENTOS Y AFINES
 ,O, NBC:   INGENIERIA AGRONOMICA, PECUARIA Y AFINES
 ,O, NBC:   INGENIERIA DE SISTEMAS, TELEMATICA Y AFINES
 ,O, NBC:   ZOOTECNIA.


,Y, acreditar una (1) certificación, de entre las siguientes opciones: (1) Fortalecimiento de las Capacidades en Marco Lógico; (2) Fortalecimiento de las Capacidades en Propiedad Intelectual para Investigadores; (3) Escritura y Producción Intelectual o Escritura de Artículos Científicos y Tecnológicos; (4) Herramientas y Competencias para la generación de Innovación; (5) Definición de Indicadores y Vigilancia Tecnológica."
Profesional,1,229078,8208795,"Quince(15) meses de experiencia relacionada con implementación de procesos de innovación, o investigación o producción académica, o divulgación científica, o propiedad intelectual, o transferencia tecnológica, o metodologías de evaluación de procesos y seguimiento a proyectos de ciencia, tecnología e innovación","Dependencia: NARIÑO-CENTRO INTERNACIONAL DE PRODUCCIÓN LIMPIA - LOPE,  Municipio: Pasto, Total vacantes: 1","Título de PROFESIONAL en NBC: ADMINISTRACION
 ,O, NBC:   ECONOMIA
 ,O, NBC:   INGENIERIA DE SISTEMAS, TELEMATICA Y AFINES
 ,O, NBC:   INGENIERIA ELECTRONICA, TELECOMUNICACIONES Y AFINES
 ,O, NBC:   INGENIERIA INDUSTRIAL Y AFINES
 ,O, NBC:   INGENIERIA MECANICA Y AFINES.

Titulo de postgrado en la modalidad de MAESTRIA en NBC: ADMINISTRACION
 ,O, NBC:   ECONOMIA
 ,O, NBC:   INGENIERIA DE SISTEMAS, TELEMATICA Y AFINES
 ,O, NBC:   INGENIERIA ELECTRONICA, TELECOMUNICACIONES Y AFINES
 ,O, NBC:   INGENIERIA INDUSTRIAL Y AFINES
 ,O, NBC:   INGENIERIA MECANICA Y AFINES.


,Y, acreditar una (1) certificación, de entre las siguientes opciones: (1) Fortalecimiento de las Capacidades en Marco Lógico; (2) Fortalecimiento de las Capacidades en Propiedad Intelectual para Investigadores; (3) Escritura y Producción Intelectual o Escritura de Artículos Científicos y Tecnológicos; (4) Herramientas y Competencias para la generación de Innovación; (5) Definición de Indicadores y Vigilancia Tecnológica."
Profesional,1,229079,8208795,"Quince(15) meses de experiencia relacionada con implementación de procesos de innovación, o investigación o producción académica, o divulgación científica, o propiedad intelectual, o transferencia tecnológica, o metodologías de evaluación de procesos y seguimiento a proyectos de ciencia, tecnología e innovación","Dependencia: DISTRITO CAPITAL CENTRO DE GESTIÓN ADMINISTRATIVA,  Municipio: Bogotá D.C., Total vacantes: 1","Título de PROFESIONAL en NBC: ADMINISTRACION
 ,O, NBC:   INGENIERIA DE SISTEMAS, TELEMATICA Y AFINES
 ,O, NBC:   PSICOLOGIA.

Titulo de postgrado en la modalidad de MAESTRIA en NBC: ADMINISTRACION
 ,O, NBC:   INGENIERIA DE SISTEMAS, TELEMATICA Y AFINES
 ,O, NBC:   PSICOLOGIA.


,Y, acreditar una (1) certificación, de entre las siguientes opciones: (1) Fortalecimiento de las Capacidades en Marco Lógico; (2) Fortalecimiento de las Capacidades en Propiedad Intelectual para Investigadores; (3) Escritura y Producción Intelectual o Escritura de Artículos Científicos y Tecnológicos; (4) Herramientas y Competencias para la generación de Innovación; (5) Definición de Indicadores y Vigilancia Tecnológica."
Profesional,2,229080,8208795,"Quince(15) meses de experiencia relacionada con implementación de procesos de innovación, o investigación o producción académica, o divulgación científica, o propiedad intelectual, o transferencia tecnológica, o metodologías de evaluación de procesos y seguimiento a proyectos de ciencia, tecnología e innovación","Dependencia: DISTRITO CAPITAL CENTRO DE SERVICIOS FINANCIEROS,  Municipio: Bogotá D.C., Total vacantes: 1","Título de PROFESIONAL en NBC: ADMINISTRACION
 ,O, NBC:   CONTADURIA PUBLICA
 ,O, NBC:   ECONOMIA
 ,O, NBC:   INGENIERIA DE SISTEMAS, TELEMATICA Y AFINES.

Titulo de postgrado en la modalidad de MAESTRIA en NBC: ADMINISTRACION
 ,O, NBC:   CONTADURIA PUBLICA
 ,O, NBC:   ECONOMIA
 ,O, NBC:   INGENIERIA DE SISTEMAS, TELEMATICA Y AFINES.


,Y, acreditar una (1) certificación, de entre las siguientes opciones: (1) Fortalecimiento de las Capacidades en Marco Lógico; (2) Fortalecimiento de las Capacidades en Propiedad Intelectual para Investigadores; (3) Escritura y Producción Intelectual o Escritura de Artículos Científicos y Tecnológicos; (4) Herramientas y Competencias para la generación de Innovación; (5) Definición de Indicadores y Vigilancia Tecnológica."
Profesional,1,229081,8208795,"Quince(15) meses de experiencia relacionada con implementación de procesos de innovación, o investigación o producción académica, o divulgación científica, o propiedad intelectual, o transferencia tecnológica, o metodologías de evaluación de procesos y seguimiento a proyectos de ciencia, tecnología e innovación","Dependencia: CORDOBA- CENTRO AGROPECUARIO Y DE BIOTECNOLOGIA EL PORVENIR - CORREGIMIENTO SANTA ISABEL,  Municipio: Montería, Total vacantes: 1","Título de PROFESIONAL en NBC: INGENIERIA AGRICOLA, FORESTAL Y AFINES
 ,O, NBC:   INGENIERIA AGROINDUSTRIAL, ALIMENTOS Y AFINES
 ,O, NBC:   MEDICINA VETERINARIA
 ,O, NBC:   ZOOTECNIA.

Titulo de postgrado en la modalidad de MAESTRIA en NBC: INGENIERIA AGRICOLA, FORESTAL Y AFINES
 ,O, NBC:   INGENIERIA AGROINDUSTRIAL, ALIMENTOS Y AFINES
 ,O, NBC:   MEDICINA VETERINARIA
 ,O, NBC:   ZOOTECNIA.


,Y, acreditar una (1) certificación, de entre las siguientes opciones: (1) Fortalecimiento de las Capacidades en Marco Lógico; (2) Fortalecimiento de las Capacidades en Propiedad Intelectual para Investigadores; (3) Escritura y Producción Intelectual o Escritura de Artículos Científicos y Tecnológicos; (4) Herramientas y Competencias para la generación de Innovación; (5) Definición de Indicadores y Vigilancia Tecnológica."
Profesional,1,229082,8208795,"Quince(15) meses de experiencia relacionada con implementación de procesos de innovación, o investigación o producción académica, o divulgación científica, o propiedad intelectual, o transferencia tecnológica, o metodologías de evaluación de procesos y seguimiento a proyectos de ciencia, tecnología e innovación","Dependencia: SANTANDER-CENTRO DE GESTIÓN AGROEMPRESARIAL DEL ORIENTE,  Municipio: Vélez, Total vacantes: 1","Título de PROFESIONAL en NBC: BIOLOGIA, MICROBIOLOGIA Y AFINES
 ,O, NBC:   MEDICINA VETERINARIA.

Titulo de postgrado en la modalidad de MAESTRIA en NBC: BIOLOGIA, MICROBIOLOGIA Y AFINES
 ,O, NBC:   MEDICINA VETERINARIA.


,Y, acreditar una (1) certificación, de entre las siguientes opciones: (1) Fortalecimiento de las Capacidades en Marco Lógico; (2) Fortalecimiento de las Capacidades en Propiedad Intelectual para Investigadores; (3) Escritura y Producción Intelectual o Escritura de Artículos Científicos y Tecnológicos; (4) Herramientas y Competencias para la generación de Innovación; (5) Definición de Indicadores y Vigilancia Tecnológica."
Profesional,1,229083,5175240,NO REQUIERE EXPERIENCIA,"Dependencia: SANTANDER-CENTRO DE SERVICIOS EMPRESARIALES Y TURÍSTICOS,  Municipio: Bucaramanga, Total vacantes: 1","Título de PROFESIONAL en NBC: ADMINISTRACION
 ,O, NBC:   ARTES PLASTICAS, VISUALES Y AFINES
 ,O, NBC:   BACTERIOLOGIA
 ,O, NBC:   BIBLIOTECOLOGIA, OTROS DE CIENCIAS SOCIALES Y HUMANAS
 ,O, NBC:   BIOLOGIA, MICROBIOLOGIA Y AFINES
 ,O, NBC:   CIENCIA POLITICA, RELACIONES INTERNACIONALES
 ,O, NBC:   COMUNICACION SOCIAL, PERIODISMO Y AFINES
 ,O, NBC:   COMUNICACION SOCIAL, PERIODISMO Y AFINES
 ,O, NBC:   CONTADURIA PUBLICA
 ,O, NBC:   DEPORTES, EDUCACION FISICA Y RECREACION
 ,O, NBC:   DERECHO Y AFINES
 ,O, NBC:   DISENO
 ,O, NBC:   ECONOMIA
 ,O, NBC:   EDUCACION
 ,O, NBC:   ENFERMERIA
 ,O, NBC:   INGENIERIA ADMINISTRATIVA Y AFINES
 ,O, NBC:   INGENIERIA AGRICOLA, FORESTAL Y AFINES
 ,O, NBC:   INGENIERIA AGROINDUSTRIAL, ALIMENTOS Y AFINES
 ,O, NBC:   INGENIERIA AGRONOMICA, PECUARIA Y AFINES
 ,O, NBC:   INGENIERIA AMBIENTAL, SANITARIA Y AFINES
 ,O, NBC:   INGENIERIA BIOMEDICA Y AFINES
 ,O, NBC:   INGENIERIA CIVIL Y AFINES
 ,O, NBC:   INGENIERIA DE MINAS, METALURGIA Y AFINES
 ,O, NBC:   INGENIERIA DE SISTEMAS, TELEMATICA Y AFINES
 ,O, NBC:   INGENIERIA ELECTRICA Y AFINES
 ,O, NBC:   INGENIERIA ELECTRONICA, TELECOMUNICACIONES Y AFINES
 ,O, NBC:   INGENIERIA INDUSTRIAL Y AFINES
 ,O, NBC:   INGENIERIA MECANICA Y AFINES
 ,O, NBC:   INGENIERIA QUIMICA Y AFINES
 ,O, NBC:   LENGUAS MODERNAS, LITERATURA, LINGUISTICA Y AFINES
 ,O, NBC:   MATEMATICAS, ESTADISTICA Y AFINES
 ,O, NBC:   MEDICINA VETERINARIA
 ,O, NBC:   OTRAS INGENIERIAS
 ,O, NBC:   OTROS PROGRAMAS ASOCIADOS A BELLAS ARTES
 ,O, NBC:   PSICOLOGIA
 ,O, NBC:   QUIMICA Y AFINES
 ,O, NBC:   SOCIOLOGIA, TRABAJO SOCIAL Y AFINES
 ,O, NBC:   TERAPIAS
 ,O, NBC:   ZOOTECNIA.

Titulo de postgrado en la modalidad de ESPECIALIZACION EN AREAS RELACIONADAS CON LAS FUNCIONES DEL EMPLEO."
Profesional,1,229085,9095760,"Diez y ocho(18) meses de experiencia relacionada con implementación de procesos de innovación, o investigación o producción académica, o divulgación científica, o propiedad intelectual, o transferencia tecnológica, o metodologías de evaluación de procesos y seguimiento a proyectos de ciencia, tecnología e innovación","Dependencia: CALDAS- CENTRO PARA LA FORMACIÓN CAFETERA,  Municipio: Manizales, Total vacantes: 1","Título de PROFESIONAL en NBC: ADMINISTRACION.

Titulo de postgrado en la modalidad de MAESTRIA en NBC: ADMINISTRACION.
 ,Y, Acreditar una (1) certificación, de entre las siguientes opciones: (1) Fortalecimiento de las Capacidades en Marco Lógico; (2) Fortalecimiento de las Capacidades en Propiedad Intelectual para Investigadores; (3) Escritura y Producción Intelectual o Escritura de Artículos Científicos y Tecnológicos; (4) Herramientas y Competencias para la Generación de Innovación; (5) Definición de Indicadores de Innovación y Vigilancia Tecnológica."
Profesional,1,229086,9095760,"Diez y ocho(18) meses de experiencia relacionada con implementación de procesos de innovación, o investigación o producción académica, o divulgación científica, o propiedad intelectual, o transferencia tecnológica, o metodologías de evaluación de procesos y seguimiento a proyectos de ciencia, tecnología e innovación","Dependencia: ATLANTICO- CENTRO DE COMERCIO Y SERVICIOS,  Municipio: Barranquilla, Total vacantes: 1","Título de PROFESIONAL en NBC: ADMINISTRACION
 ,O, NBC:   ECONOMIA
 ,O, NBC:   INGENIERIA DE SISTEMAS, TELEMATICA Y AFINES
 ,O, NBC:   PSICOLOGIA.

Titulo de postgrado en la modalidad de MAESTRIA en NBC: ADMINISTRACION
 ,O, NBC:   ECONOMIA
 ,O, NBC:   INGENIERIA DE SISTEMAS, TELEMATICA Y AFINES
 ,O, NBC:   PSICOLOGIA.
 ,Y, Acreditar una (1) certificación, de entre las siguientes opciones: (1) Fortalecimiento de las Capacidades en Marco Lógico; (2) Fortalecimiento de las Capacidades en Propiedad Intelectual para Investigadores; (3) Escritura y Producción Intelectual o Escritura de Artículos Científicos y Tecnológicos; (4) Herramientas y Competencias para la Generación de Innovación; (5) Definición de Indicadores de Innovación y Vigilancia Tecnológica."
Instructor,2,229087,4065092,"Doce(12) meses de EXPERIENCIA DOCENTE, 
 Y, Doce(12) meses de EXPERIENCIA RELACIONADA, 
 Y, Seis(6) meses de EXPERIENCIA LABORAL","Dependencia: SAN ANDRES- CENTRO DE FORMACION TURISTICA, GENTE DE MAR Y DE SERVICIOS,  Municipio: Providencia, Total vacantes: 1","Título de TECNOLOGICA en NBC: AGRONOMIA
 ,O, NBC: BIOLOGIA, MICROBIOLOGIA Y AFINES
 ,O, NBC: INGENIERIA AGRICOLA, FORESTAL Y AFINES
 ,O, NBC: INGENIERIA AGROINDUSTRIAL, ALIMENTOS Y AFINES
 ,O, NBC: INGENIERIA AGRONOMICA, PECUARIA Y AFINES
 ,O, NBC: MEDICINA VETERINARIA
 ,O, NBC: ZOOTECNIA.
 ,Y, Hablar los idiomas castellano e inglés, para lo cual deberán acreditar nivel de inglés (B2), de conformidad con la Ley 47 de 1993 o las normas que lo modifiquen, actualicen o sustituyan.
 Acreditar el requisito de residencia permanente con la tarjeta de circulación y residencia O.C.C.R.E de conformidad con el Decreto 2767 de 1991 o las normas que lo modifiquen, actualicen o sustituyan.
 Nivel de lengua mínimo B2 de acuerdo al MCER. Los exámenes admitidos deben corresponder a la lista de exámenes aprobados por la NTC5580 (Icontec-Men), y aquellas normas que la modifiquen, actualicen o sustituyan, tener una vigencia de 2 años, corresponder a las 4 habilidades de dominio de lengua (Listening, Reading, Speaking, Writing.
 Acreditar una (1) certificación, de entre las siguientes opciones: (1) Extensión Rural, (2) Asistencia Técnica o (3) Formulación y Evaluación de Proyectos."
Profesional,1,229088,7477656,Veintiuno(21) meses de EXPERIENCIA PROFESIONAL RELACIONADA,"Dependencia: CESAR- DESPACHO DIRECCIÓN,  Municipio: Valledupar, Total vacantes: 1","Título de PROFESIONAL en NBC: ADMINISTRACION
 ,O, NBC:   CIENCIA POLITICA, RELACIONES INTERNACIONALES
 ,O, NBC:   CONTADURIA PUBLICA
 ,O, NBC:   DERECHO Y AFINES
 ,O, NBC:   ECONOMIA
 ,O, NBC:   EDUCACION
 ,O, NBC:   INGENIERIA ADMINISTRATIVA Y AFINES
 ,O, NBC:   INGENIERIA DE SISTEMAS, TELEMATICA Y AFINES
 ,O, NBC:   INGENIERIA INDUSTRIAL Y AFINES
 ,O, NBC:   MATEMATICAS, ESTADISTICA Y AFINES
 ,O, NBC:   SOCIOLOGIA, TRABAJO SOCIAL Y AFINES.

Titulo de postgrado en la modalidad de ESPECIALIZACION EN AREAS RELACIONADAS CON LAS FUNCIONES DEL EMPLEO."
Instructor,1,229090,4065092,"Doce(12) meses de EXPERIENCIA RELACIONADA, 
 Y, Doce(12) meses de EXPERIENCIA DOCENTE, 
 O, Doce(12) meses de Experiencia relacionada con el ejercicio de sistema de telecomunicaciones y acreditar la totalidad de las catorce (14) certificaciones de la ruta formativa en “Competencias Integrales para la Cualificación del Instructor SENA","Dependencia: ANTIOQUIA- CENTRO DE TECNOLOGÍA DE LA MANUFACTURA AVANZADA,  Municipio: Medellín, Total vacantes: 1","Título de PROFESIONAL en NBC: INGENIERIA DE SISTEMAS, TELEMATICA Y AFINES
 ,O, NBC:   INGENIERIA ELECTRICA Y AFINES
 ,O, NBC:   INGENIERIA ELECTRONICA, TELECOMUNICACIONES Y AFINES."
Instructor,8,229091,4065092,"Doce(12) meses de EXPERIENCIA RELACIONADA, 
 Y, Doce(12) meses de EXPERIENCIA DOCENTE, 
 O, Doce(12) meses de Experiencia relacionada con el ejercicio de cocina y acreditar la totalidad de las catorce (14) certificaciones de la ruta formativa en “Competencias Integrales para la Cualificación del Instructor SENA","Dependencia: HUILA- CENTRO DE DESARROLLO AGROEMPRESARIAL Y TURISTICO DEL HUILA,  Municipio: La Plata, Total vacantes: 1","Título de PROFESIONAL en NBC: ADMINISTRACION
 ,O, NBC:   ANTROPOLOGIA Y ARTES LIBERALES
 ,O, NBC:   OTROS PROGRAMAS ASOCIADOS A BELLAS ARTES."
Instructor,1,229092,4065092,"Doce(12) meses de EXPERIENCIA RELACIONADA, 
 Y, Doce(12) meses de EXPERIENCIA DOCENTE, 
 O, Doce(12) meses de Experiencia relacionada con el ejercicio de transporte marítimo y acreditar la totalidad de las catorce (14) certificaciones de la ruta formativa en “Competencias Integrales para la Cualificación del Instructor SENA","Dependencia: ANTIOQUIA- COMPLEJO TECNOLOGICO AGROINDUSTRIAL, PECUARIO Y TURISTICO,  Municipio: Apartadó, Total vacantes: 1","Título de PROFESIONAL en NBC: FORMACION RELACIONADA CON EL CAMPO MILITAR O POLICIAL
 ,O, NBC:   INGENIERIA MECANICA Y AFINES."
Instructor,3,229094,4065092,"Doce(12) meses de EXPERIENCIA RELACIONADA, 
 Y, Doce(12) meses de EXPERIENCIA DOCENTE, 
 O, Doce(12) meses de Experiencia relacionada con el ejercicio de minería y acreditar la totalidad de las catorce (14) certificaciones de la ruta formativa en “Competencias Integrales para la Cualificación del Instructor SENA","Dependencia: CUNDINAMARCA- CENTRO DE DESARROLLO AGROEMPRESARIAL,  Municipio: Chía, Total vacantes: 1","Título de PROFESIONAL en NBC: INGENIERIA DE MINAS, METALURGIA Y AFINES."
Instructor,2,229095,4065092,"Doce(12) meses de EXPERIENCIA RELACIONADA, 
 Y, Doce(12) meses de EXPERIENCIA DOCENTE, 
 O, Doce(12) meses de Experiencia relacionada con el ejercicio de edumática en la formación profesional y acreditar la totalidad de las catorce (14) certificaciones de la ruta formativa en “Competencias Integrales para la Cualificación del Instructor SENA","Dependencia: VALLE-CENTRO DE BIOTECNOLOGÍA INDUSTRIAL,  Municipio: Palmira, Total vacantes: 1","Título de PROFESIONAL en NBC: ADMINISTRACION
 ,O, NBC:   EDUCACION
 ,O, NBC:   INGENIERIA DE SISTEMAS, TELEMATICA Y AFINES
 ,O, NBC:   INGENIERIA ELECTRONICA, TELECOMUNICACIONES Y AFINES."
Técnico,5,229100,3914015,Seis(6) meses de EXPERIENCIA RELACIONADA,"Dependencia: DISTRITO CAPITAL-CENTRO DE GESTIÓN INDUSTRIAL,  Municipio: Bogotá D.C., Total vacantes: 1","Título de FORMACION TECNICA PROFESIONAL en NBC: ADMINISTRACION
 ,O, NBC:   ARQUITECTURA
 ,O, NBC:   CONTADURIA PUBLICA
 ,O, NBC:   ECONOMIA
 ,O, NBC:   INGENIERIA INDUSTRIAL Y AFINES."
Técnico,4,229101,3914015,Seis(6) meses de EXPERIENCIA RELACIONADA,"Dependencia: QUINDÍO-CENTRO DE COMERCIO Y TURISMO,  Municipio: Armenia, Total vacantes: 1","Título de FORMACION TECNICA PROFESIONAL en NBC: ADMINISTRACION
 ,O, NBC:   CONTADURIA PUBLICA
 ,O, NBC:   ECONOMIA
 ,O, NBC:   INGENIERIA INDUSTRIAL Y AFINES."
Técnico,4,229102,4161378,Nueve(9) meses de EXPERIENCIA RELACIONADA,"Dependencia: NORTE DE SANTANDER- CENTRO DE FORMACION PARA EL DESARROLLO RURAL Y MINERO,  Municipio: Cúcuta, Total vacantes: 1","Título de TECNOLOGICA en NBC: ADMINISTRACION
 ,O, NBC:   COMUNICACION SOCIAL, PERIODISMO Y AFINES
 ,O, NBC:   ECONOMIA
 ,O, NBC:   INGENIERIA DE SISTEMAS, TELEMATICA Y AFINES
 ,O, NBC:   INGENIERIA INDUSTRIAL Y AFINES
 ,O, NBC:   PSICOLOGIA
 ,O, NBC:   PUBLICIDAD Y AFINES
 ,O, NBC:   SOCIOLOGIA, TRABAJO SOCIAL Y AFINES."
Técnico,3,229103,4161378,Nueve(9) meses de EXPERIENCIA RELACIONADA,"Dependencia: VALLE-CENTRO DE BIOTECNOLOGÍA INDUSTRIAL,  Municipio: Palmira, Total vacantes: 1","Título de TECNOLOGICA en NBC: ADMINISTRACION
 ,O, NBC:   DERECHO Y AFINES
 ,O, NBC:   ECONOMIA
 ,O, NBC:   EDUCACION."
Técnico,1,229104,4161378,Nueve(9) meses de EXPERIENCIA RELACIONADA,"Dependencia: CALDAS- CENTRO DE COMERCIO Y SERVICIOS,  Municipio: Manizales, Total vacantes: 1","Título de TECNOLOGICA en NBC: ADMINISTRACION
 ,O, NBC:   BIBLIOTECOLOGIA, OTROS DE CIENCIAS SOCIALES Y HUMANAS Disciplina Académica: TECNOLOGIA EN ARCHIVISTICA."
Técnico,2,229105,4161378,Nueve(9) meses de EXPERIENCIA RELACIONADA,"Dependencia: ATLANTICO- CENTRO NACIONAL COLOMBO ALEMAN,  Municipio: Barranquilla, Total vacantes: 1","Título de TECNOLOGICA en NBC: ADMINISTRACION
 ,O, NBC:   CONTADURIA PUBLICA
 ,O, NBC:   ECONOMIA
 ,O, NBC:   INGENIERIA INDUSTRIAL Y AFINES
 ,O, NBC:   PSICOLOGIA
 ,O, NBC:   SALUD PUBLICA
 ,O, NBC:   SOCIOLOGIA, TRABAJO SOCIAL Y AFINES
 ,O, NBC:   TERAPIAS."
Técnico,2,229106,4637276,Doce(12) meses de EXPERIENCIA RELACIONADA,"Dependencia: RISARALDA-CENTRO ATENCIÓN SECTOR AGROPECUARIO,  Municipio: Pereira, Total vacantes: 1","Título de TECNOLOGICA en NBC: ADMINISTRACION
 ,O, NBC:   DERECHO Y AFINES
 ,O, NBC:   ECONOMIA
 ,O, NBC:   EDUCACION.

Titulo de postgrado en la modalidad de ESPECIALIZACION TECNOLOGICA en NBC: ADMINISTRACION
 ,O, NBC:   DERECHO Y AFINES
 ,O, NBC:   ECONOMIA
 ,O, NBC:   EDUCACION."
Técnico,1,229107,4637276,Doce(12) meses de EXPERIENCIA RELACIONADA,"Dependencia: DIRECCION GENERAL-DIRECCION DE PROMOCION Y RELACIONES CORPORATIVAS,  Municipio: Bogotá D.C., Total vacantes: 1","Título de TECNOLOGICA en NBC: ADMINISTRACION
 ,O, NBC:   DERECHO Y AFINES
 ,O, NBC:   ECONOMIA
 ,O, NBC:   INGENIERIA INDUSTRIAL Y AFINES.

Titulo de postgrado en la modalidad de ESPECIALIZACION TECNOLOGICA en NBC: ADMINISTRACION
 ,O, NBC:   DERECHO Y AFINES
 ,O, NBC:   ECONOMIA
 ,O, NBC:   INGENIERIA INDUSTRIAL Y AFINES."
Instructor,2,229108,4065092,"Doce(12) meses de EXPERIENCIA RELACIONADA, 
 Y, Doce(12) meses de EXPERIENCIA DOCENTE, 
 O, Doce(12) meses de Experiencia relacionada con el ejercicio de automatización industrial y acreditar la totalidad de las catorce (14) certificaciones de la ruta formativa en “Competencias Integrales para la Cualificación del Instructor SENA","Dependencia: ANTIOQUIA- CENTRO DE TECNOLOGÍA DE LA MANUFACTURA AVANZADA,  Municipio: Medellín, Total vacantes: 1","Título de PROFESIONAL en NBC: INGENIERIA ELECTRICA Y AFINES
 ,O, NBC:   INGENIERIA ELECTRONICA, TELECOMUNICACIONES Y AFINES
 ,O, NBC:   INGENIERIA INDUSTRIAL Y AFINES
 ,O, NBC:   INGENIERIA MECANICA Y AFINES."
Asistencial,3,229111,3316343,"Doce(12) meses de EXPERIENCIA LABORAL, 
 O, Doce(12) meses de EXPERIENCIA RELACIONADA","Dependencia: CESAR-CENTRO DE INNOVACION Y DE GESTION EMPRESARIAL Y CULTURAL,  Municipio: Valledupar, Total vacantes: 1",Aprobación de Uno(1) Años  de PROFESIONAL EN CARRERAS RELACIONADAS CON LAS FUNCIONES DEL EMPLEO.
Asistencial,2,229112,3648262,"Seis(6) meses de EXPERIENCIA LABORAL, 
 O, Seis(6) meses de EXPERIENCIA RELACIONADA","Dependencia: NORTE DE SANTANDER- CENTRO DE LA INDUSTRIA, LA EMPRESA Y LOS SERVICIOS,  Municipio: Cúcuta, Total vacantes: 1",Aprobación de Dos(2) Años  de PROFESIONAL EN CARRERAS RELACIONADAS CON LAS FUNCIONES DEL EMPLEO.
Asistencial,2,229114,3648262,"Seis(6) meses de EXPERIENCIA RELACIONADA, 
 O, Seis(6) meses de EXPERIENCIA LABORAL","Dependencia: DISTRITO CAPITAL-CENTRO DE MANUFACTURA EN TEXTIL Y CUERO,  Municipio: Bogotá D.C., Total vacantes: 1",Aprobación de Dos(2) Años  de PROFESIONAL EN CARRERAS RELACIONADAS CON LAS FUNCIONES DEL EMPLEO.
Profesional,2,229116,5848204,Seis(6) meses de EXPERIENCIA PROFESIONAL RELACIONADA,"Dependencia: ATLANTICO- CENTRO DE COMERCIO Y SERVICIOS,  Municipio: Barranquilla, Total vacantes: 1","Título de PROFESIONAL en NBC: ADMINISTRACION
 ,O, NBC:   AGRONOMIA
 ,O, NBC:   CONTADURIA PUBLICA
 ,O, NBC:   DISENO
 ,O, NBC:   ECONOMIA
 ,O, NBC:   INGENIERIA ADMINISTRATIVA Y AFINES
 ,O, NBC:   INGENIERIA AGRICOLA, FORESTAL Y AFINES
 ,O, NBC:   INGENIERIA AGROINDUSTRIAL, ALIMENTOS Y AFINES
 ,O, NBC:   INGENIERIA AGRONOMICA, PECUARIA Y AFINES
 ,O, NBC:   INGENIERIA INDUSTRIAL Y AFINES.

Titulo de postgrado en la modalidad de ESPECIALIZACION EN AREAS RELACIONADAS CON LAS FUNCIONES DEL EMPLEO."
Profesional,2,229117,5848204,Seis(6) meses de EXPERIENCIA PROFESIONAL RELACIONADA,"Dependencia: CALDAS- CENTRO PECUARIO Y AGROEMPRESARIAL,  Municipio: La Dorada, Total vacantes: 1","Título de PROFESIONAL en NBC: ADMINISTRACION
 ,O, NBC:   ARQUITECTURA
 ,O, NBC:   CONTADURIA PUBLICA
 ,O, NBC:   DERECHO Y AFINES
 ,O, NBC:   ECONOMIA
 ,O, NBC:   INGENIERIA ADMINISTRATIVA Y AFINES
 ,O, NBC:   INGENIERIA DE SISTEMAS, TELEMATICA Y AFINES
 ,O, NBC:   INGENIERIA INDUSTRIAL Y AFINES.

Titulo de postgrado en la modalidad de ESPECIALIZACION EN AREAS RELACIONADAS CON LAS FUNCIONES DEL EMPLEO."
Profesional,2,229118,5175240,Cuatro(4) meses de EXPERIENCIA PROFESIONAL RELACIONADA,"Dependencia: VALLE-CENTRO AGROPECUARIO DE BUGA,  Municipio: Guadalajara De Buga, Total vacantes: 1","Título de PROFESIONAL en NBC: MEDICINA.

Titulo de postgrado en la modalidad de ESPECIALIZACION EN AREAS RELACIONADAS CON LAS FUNCIONES DEL EMPLEO."
Profesional,3,229119,5175240,NO REQUIERE EXPERIENCIA,"Dependencia: GUAINIA- CENTRO AMBIENTAL Y ECOTURISTICO DEL NORORIENTE AMAZONICO,  Municipio: Inírida, Total vacantes: 1","Título de PROFESIONAL en NBC: ADMINISTRACION
 ,O, NBC:   ARQUITECTURA
 ,O, NBC:   CONTADURIA PUBLICA
 ,O, NBC:   DERECHO Y AFINES
 ,O, NBC:   ECONOMIA
 ,O, NBC:   INGENIERIA ADMINISTRATIVA Y AFINES
 ,O, NBC:   INGENIERIA DE SISTEMAS, TELEMATICA Y AFINES
 ,O, NBC:   INGENIERIA INDUSTRIAL Y AFINES.

Titulo de postgrado en la modalidad de ESPECIALIZACION EN AREAS RELACIONADAS CON LAS FUNCIONES DEL EMPLEO."
Profesional,2,229121,6188097,Doce(12) meses de EXPERIENCIA PROFESIONAL RELACIONADA,"Dependencia: BOYACA- CENTRO DE DESARROLLO AGROPECUARIO Y AGROINDUSTRIAL,  Municipio: Duitama, Total vacantes: 1","Título de PROFESIONAL en NBC: ADMINISTRACION
 ,O, NBC:   ARQUITECTURA
 ,O, NBC:   CONTADURIA PUBLICA
 ,O, NBC:   DERECHO Y AFINES
 ,O, NBC:   ECONOMIA
 ,O, NBC:   INGENIERIA DE SISTEMAS, TELEMATICA Y AFINES
 ,O, NBC:   INGENIERIA INDUSTRIAL Y AFINES.

Titulo de postgrado en la modalidad de ESPECIALIZACION EN AREAS RELACIONADAS CON LAS FUNCIONES DEL EMPLEO."
Profesional,1,229122,6188097,Doce(12) meses de EXPERIENCIA PROFESIONAL RELACIONADA,"Dependencia: BOYACA- CENTRO MINERO,  Municipio: Sogamoso, Total vacantes: 1","Título de PROFESIONAL en NBC: ADMINISTRACION
 ,O, NBC:   AGRONOMIA
 ,O, NBC:   ANTROPOLOGIA Y ARTES LIBERALES
 ,O, NBC:   ARQUITECTURA
 ,O, NBC:   BACTERIOLOGIA
 ,O, NBC:   BIBLIOTECOLOGIA, OTROS DE CIENCIAS SOCIALES Y HUMANAS
 ,O, NBC:   BIOLOGIA, MICROBIOLOGIA Y AFINES
 ,O, NBC:   CIENCIA POLITICA, RELACIONES INTERNACIONALES
 ,O, NBC:   COMUNICACION SOCIAL, PERIODISMO Y AFINES
 ,O, NBC:   CONTADURIA PUBLICA
 ,O, NBC:   DERECHO Y AFINES
 ,O, NBC:   DISENO
 ,O, NBC:   ECONOMIA
 ,O, NBC:   EDUCACION
 ,O, NBC:   ENFERMERIA
 ,O, NBC:   INGENIERIA ADMINISTRATIVA Y AFINES
 ,O, NBC:   INGENIERIA AGRICOLA, FORESTAL Y AFINES
 ,O, NBC:   INGENIERIA AGROINDUSTRIAL, ALIMENTOS Y AFINES
 ,O, NBC:   INGENIERIA AGRONOMICA, PECUARIA Y AFINES
 ,O, NBC:   INGENIERIA AMBIENTAL, SANITARIA Y AFINES
 ,O, NBC:   INGENIERIA BIOMEDICA Y AFINES
 ,O, NBC:   INGENIERIA CIVIL Y AFINES
 ,O, NBC:   INGENIERIA DE MINAS, METALURGIA Y AFINES
 ,O, NBC:   INGENIERIA DE SISTEMAS, TELEMATICA Y AFINES
 ,O, NBC:   INGENIERIA ELECTRICA Y AFINES
 ,O, NBC:   INGENIERIA ELECTRONICA, TELECOMUNICACIONES Y AFINES
 ,O, NBC:   INGENIERIA INDUSTRIAL Y AFINES
 ,O, NBC:   INGENIERIA MECANICA Y AFINES
 ,O, NBC:   INGENIERIA QUIMICA Y AFINES
 ,O, NBC:   MATEMATICAS, ESTADISTICA Y AFINES
 ,O, NBC:   MEDICINA
 ,O, NBC:   ODONTOLOGIA
 ,O, NBC:   OTRAS INGENIERIAS
 ,O, NBC:   QUIMICA Y AFINES
 ,O, NBC:   SOCIOLOGIA, TRABAJO SOCIAL Y AFINES
 ,O, NBC:   TERAPIAS
 ,O, NBC:   ZOOTECNIA.

Titulo de postgrado en la modalidad de ESPECIALIZACION EN AREAS RELACIONADAS CON LAS FUNCIONES DEL EMPLEO."
Profesional,1,229123,9095760,Treinta(30) meses de EXPERIENCIA PROFESIONAL RELACIONADA,"Dependencia: BOYACA- CENTRO DE GESTION ADMINISTRATIVA Y FORTALECIMIENTO EMPRESARIAL,  Municipio: Tunja, Total vacantes: 1","Título de PROFESIONAL en NBC: ADMINISTRACION
 ,O, NBC:   AGRONOMIA
 ,O, NBC:   CONTADURIA PUBLICA
 ,O, NBC:   DERECHO Y AFINES
 ,O, NBC:   ECONOMIA
 ,O, NBC:   INGENIERIA ADMINISTRATIVA Y AFINES
 ,O, NBC:   INGENIERIA AGRICOLA, FORESTAL Y AFINES
 ,O, NBC:   INGENIERIA AGROINDUSTRIAL, ALIMENTOS Y AFINES
 ,O, NBC:   INGENIERIA AGRONOMICA, PECUARIA Y AFINES
 ,O, NBC:   INGENIERIA AMBIENTAL, SANITARIA Y AFINES
 ,O, NBC:   INGENIERIA DE SISTEMAS, TELEMATICA Y AFINES
 ,O, NBC:   INGENIERIA INDUSTRIAL Y AFINES
 ,O, NBC:   MEDICINA VETERINARIA
 ,O, NBC:   PSICOLOGIA
 ,O, NBC:   SOCIOLOGIA, TRABAJO SOCIAL Y AFINES
 ,O, NBC:   ZOOTECNIA.

Titulo de postgrado en la modalidad de ESPECIALIZACION EN AREAS RELACIONADAS CON LAS FUNCIONES DEL EMPLEO."
Instructor,5,229124,4065092,"Doce(12) meses de EXPERIENCIA RELACIONADA, 
 Y, Doce(12) meses de EXPERIENCIA DOCENTE, 
 O, Doce(12) meses de Experiencia relacionada con el ejercicio de actividad física y acreditar la totalidad de las catorce (14) certificaciones de la ruta formativa en “Competencias Integrales para la Cualificación del Instructor SENA","Dependencia: VALLE-CENTRO DE GESTIÓN TECNOLÓGICA DE SERVICIOS,  Municipio: Cali, Total vacantes: 1","Título de PROFESIONAL en NBC: DEPORTES, EDUCACION FISICA Y RECREACION
 ,O, NBC:   EDUCACION."
Instructor,16,229126,4065092,"Doce(12) meses de EXPERIENCIA RELACIONADA, 
 Y, Doce(12) meses de EXPERIENCIA DOCENTE, 
 O, Doce(12) meses de Experiencia relacionada con el ejercicio de construcción y acreditar la totalidad de las catorce (14) certificaciones de la ruta formativa en “Competencias Integrales para la Cualificación del Instructor SENA","Dependencia: TOLIMA-CENTRO DE INDUSTRIA Y CONSTRUCCIÓN,  Municipio: Ibagué, Total vacantes: 1","Título de PROFESIONAL en NBC: ADMINISTRACION
 ,O, NBC:   ARQUITECTURA
 ,O, NBC:   DISENO
 ,O, NBC:   INGENIERIA CIVIL Y AFINES."
Instructor,4,229127,4065092,"Doce(12) meses de EXPERIENCIA RELACIONADA, 
 Y, Doce(12) meses de EXPERIENCIA DOCENTE, 
 O, Doce(12) meses de Experiencia relacionada con el ejercicio de contenidos digitales y acreditar la totalidad de las catorce (14) certificaciones de la ruta formativa en “Competencias Integrales para la Cualificación del Instructor SENA","Dependencia: DISTRITO CAPITAL- CENTRO PARA LA INDUSTRIA DE LA COMUNICACION GRAFICA,  Municipio: Bogotá D.C., Total vacantes: 1","Título de PROFESIONAL en NBC: ARTES PLASTICAS, VISUALES Y AFINES
 ,O, NBC:   INGENIERIA DE SISTEMAS, TELEMATICA Y AFINES."
Instructor,3,229128,4065092,"Doce(12) meses de EXPERIENCIA RELACIONADA, 
 Y, Doce(12) meses de EXPERIENCIA DOCENTE, 
 O, Doce(12) meses de Experiencia relacionada con el ejercicio de cultura física y acreditar la totalidad de las catorce (14) certificaciones de la ruta formativa en “Competencias Integrales para la Cualificación del Instructor SENA","Dependencia: SANTANDER-CENTRO INDUSTRIAL Y DEL DESARROLLO TECNOLÓGICO,  Municipio: Barrancabermeja, Total vacantes: 1","Título de PROFESIONAL en NBC: DEPORTES, EDUCACION FISICA Y RECREACION
 ,O, NBC:   EDUCACION."
Instructor,4,229129,4065092,"Doce(12) meses de EXPERIENCIA RELACIONADA, 
 Y, Doce(12) meses de EXPERIENCIA DOCENTE, 
 O, Doce(12) meses de Experiencia relacionada con el ejercicio de gestión administrativa y acreditar la totalidad de las catorce (14) certificaciones de la ruta formativa en “Competencias Integrales para la Cualificación del Instructor SENA.","Dependencia: ANTIOQUIA-CENTRO DE FORMACIÓN MINERO AMBIENTAL,  Municipio: El Bagre, Total vacantes: 1","Título de PROFESIONAL en NBC: ADMINISTRACION
 ,O, NBC:   CONTADURIA PUBLICA
 ,O, NBC:   DERECHO Y AFINES
 ,O, NBC:   ECONOMIA
 ,O, NBC:   INGENIERIA ADMINISTRATIVA Y AFINES
 ,O, NBC:   INGENIERIA INDUSTRIAL Y AFINES
 ,O, NBC:   SIN CLASIFICAR."
Instructor,5,229130,4065092,"Doce(12) meses de EXPERIENCIA DOCENTE, 
 Y, Doce(12) meses de EXPERIENCIA RELACIONADA, 
 O, Doce(12) meses de Experiencia relacionada con el ejercicio de diseño gráfico y acreditar la totalidad de las catorce (14) certificaciones de la ruta formativa en “Competencias Integrales para la Cualificación del Instructor SENA","Dependencia: VALLE-CENTRO DE ELECTRICIDAD Y AUTOMATIZACION INDUSTRIAL CEAI,  Municipio: Cali, Total vacantes: 1","Título de PROFESIONAL en NBC: DISENO
 ,O, NBC:   OTROS PROGRAMAS ASOCIADOS A BELLAS ARTES."
Instructor,1,229131,4065092,"Doce(12) meses de EXPERIENCIA RELACIONADA, 
 Y, Doce(12) meses de EXPERIENCIA DOCENTE, 
 O, Doce(12) meses de Experiencia relacionada con el ejercicio de finanzas y acreditar la totalidad de las catorce (14) certificaciones de la ruta formativa en “Competencias Integrales para la Cualificación del Instructor SENA","Dependencia: VALLE-CENTRO DE GESTIÓN TECNOLÓGICA DE SERVICIOS,  Municipio: Cali, Total vacantes: 1","Título de PROFESIONAL en NBC: ADMINISTRACION
 ,O, NBC:   CONTADURIA PUBLICA
 ,O, NBC:   ECONOMIA
 ,O, NBC:   EDUCACION
 ,O, NBC:   INGENIERIA ADMINISTRATIVA Y AFINES
 ,O, NBC:   INGENIERIA INDUSTRIAL Y AFINES
 ,O, NBC:   SIN CLASIFICAR."
Instructor,3,229132,4065092,"Doce(12) meses de EXPERIENCIA RELACIONADA, 
 Y, Doce(12) meses de EXPERIENCIA DOCENTE, 
 O, Doce(12) meses de Experiencia relacionada con el ejercicio de gestión de mercados y acreditar la totalidad de las catorce (14) certificaciones de la ruta formativa en “Competencias Integrales para la Cualificación del Instructor SENA","Dependencia: ANTIOQUIA- CENTRO DE FORMACION EN DISEÑO, CONFECCION Y MODA,  Municipio: Itagüí, Total vacantes: 1","Título de PROFESIONAL en NBC: ADMINISTRACION
 ,O, NBC:   CONTADURIA PUBLICA
 ,O, NBC:   ECONOMIA
 ,O, NBC:   EDUCACION
 ,O, NBC:   INGENIERIA ADMINISTRATIVA Y AFINES
 ,O, NBC:   INGENIERIA INDUSTRIAL Y AFINES
 ,O, NBC:   MATEMATICAS, ESTADISTICA Y AFINES
 ,O, NBC:   PSICOLOGIA
 ,O, NBC:   PUBLICIDAD Y AFINES
 ,O, NBC:   SIN CLASIFICAR."
Instructor,1,229134,4065092,"Doce(12) meses de EXPERIENCIA RELACIONADA, 
 Y, Doce(12) meses de EXPERIENCIA DOCENTE, 
 O, Doce(12) meses de Experiencia relacionada con el ejercicio de gestión documental y acreditar la totalidad de las catorce (14) certificaciones de la ruta formativa en “Competencias Integrales para la Cualificación del Instructor SENA","Dependencia: DISTRITO CAPITAL CENTRO DE GESTIÓN ADMINISTRATIVA,  Municipio: Bogotá D.C., Total vacantes: 1","Título de PROFESIONAL en NBC: BIBLIOTECOLOGIA, OTROS DE CIENCIAS SOCIALES Y HUMANAS
 ,O, NBC:   GEOGRAFIA, HISTORIA
 ,O, NBC:   INGENIERIA DE SISTEMAS, TELEMATICA Y AFINES
 ,O, NBC:   SIN CLASIFICAR."
Instructor,2,229136,4065092,"Doce(12) meses de EXPERIENCIA RELACIONADA, 
 Y, Doce(12) meses de EXPERIENCIA DOCENTE, 
 O, Doce(12) meses de Experiencia relacionada con el ejercicio de mecatrónica automotriz y acreditar la totalidad de las catorce (14) certificaciones de la ruta formativa en “Competencias Integrales para la Cualificación del Instructor SENA","Dependencia: VALLE-CENTRO DE DISEÑO TECNOLÓGICO INDUSTRIAL,  Municipio: Cali, Total vacantes: 1","Título de PROFESIONAL en NBC: INGENIERIA INDUSTRIAL Y AFINES
 ,O, NBC:   INGENIERIA MECANICA Y AFINES."
Instructor,1,229137,4065092,"Doce(12) meses de EXPERIENCIA RELACIONADA, 
 Y, Doce(12) meses de EXPERIENCIA DOCENTE, 
 O, Doce(12) meses de Experiencia relacionada con el ejercicio de mantenimiento electromecánico de equipo pesado y acreditar la totalidad de las catorce (14) certificaciones de la ruta formativa en “Competencias Integrales para la Cualificación del Instructor SENA.","Dependencia: SANTANDER-CENTRO INDUSTRIAL DE MANTENIMIENTO INTEGRAL,  Municipio: Girón, Total vacantes: 1","Título de PROFESIONAL en NBC: INGENIERIA MECANICA Y AFINES
 ,O, NBC:   OTRAS INGENIERIAS."
Instructor,7,229138,4065092,"Doce(12) meses de EXPERIENCIA RELACIONADA, 
 Y, Doce(12) meses de EXPERIENCIA DOCENTE, 
 O, Doce(12) meses de Experiencia relacionada con el ejercicio de mecatrónica y acreditar la totalidad de las catorce (14) certificaciones de la ruta formativa en “Competencias Integrales para la Cualificación del Instructor SENA","Dependencia: ARAUCA- CENTRO DE GESTION Y DESARROLLO AGROINDUSTRIAL DE ARAUCA,  Municipio: Arauca, Total vacantes: 1","Título de PROFESIONAL en NBC: INGENIERIA ELECTRONICA, TELECOMUNICACIONES Y AFINES
 ,O, NBC:   INGENIERIA INDUSTRIAL Y AFINES
 ,O, NBC:   INGENIERIA MECANICA Y AFINES."
Instructor,5,229140,4065092,"Doce(12) meses de EXPERIENCIA RELACIONADA, 
 Y, Doce(12) meses de EXPERIENCIA DOCENTE, 
 O, Doce(12) meses de experiencia relacionada con el ejercicio  producción audiovisual  y acreditar la totalidad de las catorce (14) certificaciones de la ruta formativa en “Competencias Integrales para la Cualificación del Instructor SENA","Dependencia: DISTRITO CAPITAL- CENTRO DE FORMACION EN ACTIVIDAD FISICA Y CULTURA,  Municipio: Bogotá D.C., Total vacantes: 2","Título de PROFESIONAL en NBC: ARTES PLASTICAS, VISUALES Y AFINES
 ,O, NBC:   COMUNICACION SOCIAL, PERIODISMO Y AFINES."
Instructor,3,229141,4065092,"Doce(12) meses de EXPERIENCIA RELACIONADA, 
 Y, Doce(12) meses de EXPERIENCIA DOCENTE, 
 O, Doce(12) meses de Experiencia relacionada con el ejercicio de obras civiles y acreditar la totalidad de las catorce (14) certificaciones de la ruta formativa en “Competencias Integrales para la Cualificación del Instructor SENA","Dependencia: CORDOBA- CENTRO AGROPECUARIO Y DE BIOTECNOLOGIA EL PORVENIR,  Municipio: Montería, Total vacantes: 1","Título de PROFESIONAL en NBC: ADMINISTRACION
 ,O, NBC:   INGENIERIA CIVIL Y AFINES."
Instructor,1,229142,4065092,"Doce(12) meses de EXPERIENCIA RELACIONADA, 
 Y, Doce(12) meses de EXPERIENCIA DOCENTE, 
 O, Doce(12) meses de Experiencia relacionada con el ejercicio de patronaje y acreditar la totalidad de las catorce (14) certificaciones de la ruta formativa en “Competencias Integrales para la Cualificación del Instructor SENA","Dependencia: SANTANDER-CENTRO INDUSTRIAL DEL DISEÑO Y LA MANUFACTURA,  Municipio: Floridablanca, Total vacantes: 1",Título de PROFESIONAL en NBC: DISENO.
Instructor,2,229144,4065092,"Doce(12) meses de EXPERIENCIA RELACIONADA, 
 Y, Doce(12) meses de EXPERIENCIA DOCENTE, 
 O, Doce(12) meses de Experiencia relacionada con el ejercicio de redes cableadas para telecomunicaciones y acreditar la totalidad de las catorce (14) certificaciones de la ruta formativa en “Competencias Integrales para la Cualificación del Instructor SENA","Dependencia: DISTRITO CAPITAL- CENTRO DE ELECTRICIDAD, ELECTRONICA Y TELECOMUNICACIONES,  Municipio: Bogotá D.C., Total vacantes: 2","Título de PROFESIONAL en NBC: INGENIERIA DE SISTEMAS, TELEMATICA Y AFINES
 ,O, NBC:   INGENIERIA ELECTRICA Y AFINES
 ,O, NBC:   INGENIERIA ELECTRONICA, TELECOMUNICACIONES Y AFINES."
Instructor,3,229145,4065092,"Doce(12) meses de EXPERIENCIA RELACIONADA, 
 Y, Doce(12) meses de EXPERIENCIA DOCENTE, 
 O, Doce(12) meses de Experiencia relacionada con el ejercicio de riego y drenajes agrícolas y acreditar la totalidad de las catorce (14) certificaciones de la ruta formativa en “Competencias Integrales para la Cualificación del Instructor SENA.","Dependencia: TOLIMA-CENTRO AGROPECUARIO LA GRANJA,  Municipio: Espinal, Total vacantes: 1","Título de PROFESIONAL en NBC: AGRONOMIA
 ,O, NBC:   EDUCACION
 ,O, NBC:   INGENIERIA AGRICOLA, FORESTAL Y AFINES
 ,O, NBC:   INGENIERIA AGRONOMICA, PECUARIA Y AFINES."
Instructor,6,229146,4065092,"Doce(12) meses de EXPERIENCIA RELACIONADA, 
 Y, Doce(12) meses de EXPERIENCIA DOCENTE, 
 O, Doce(12) meses de Experiencia relacionada con el ejercicio de producción especies menores y acreditar la totalidad de las catorce (14) certificaciones de la ruta formativa en “Competencias Integrales para la Cualificación del Instructor SENA","Dependencia: CAUCA-CENTRO AGROPECUARIO,  Municipio: Popayán, Total vacantes: 2","Título de PROFESIONAL en NBC: AGRONOMIA
 ,O, NBC:   EDUCACION
 ,O, NBC:   INGENIERIA AGRICOLA, FORESTAL Y AFINES
 ,O, NBC:   INGENIERIA AGRONOMICA, PECUARIA Y AFINES
 ,O, NBC:   MEDICINA VETERINARIA
 ,O, NBC:   ZOOTECNIA."
Instructor,4,229147,4065092,"Doce(12) meses de EXPERIENCIA RELACIONADA, 
 Y, Doce(12) meses de EXPERIENCIA DOCENTE, 
 O, Doce(12) meses de Experiencia relacionada con el ejercicio de sistema integrado de gestión y acreditar la totalidad de las catorce (14) certificaciones de la ruta formativa en “Competencias Integrales para la Cualificación del Instructor SENA","Dependencia: DISTRITO CAPITAL-CENTRO DE GESTIÓN INDUSTRIAL,  Municipio: Bogotá D.C., Total vacantes: 3","Título de PROFESIONAL en NBC: ADMINISTRACION
 ,O, NBC:   INGENIERIA AMBIENTAL, SANITARIA Y AFINES
 ,O, NBC:   INGENIERIA INDUSTRIAL Y AFINES
 ,O, NBC:   INGENIERIA QUIMICA Y AFINES."
Instructor,6,229148,4065092,"Doce(12) meses de EXPERIENCIA RELACIONADA, 
 Y, Doce(12) meses de EXPERIENCIA DOCENTE, 
 O, Doce(12) meses de Experiencia relacionada con el ejercicio de soldadura y acreditar la totalidad de las catorce (14) certificaciones de la ruta formativa en “Competencias Integrales para la Cualificación del Instructor SENA","Dependencia: ANTIOQUIA- CENTRO DE TECNOLOGÍA DE LA MANUFACTURA AVANZADA,  Municipio: Medellín, Total vacantes: 1","Título de PROFESIONAL en NBC: INGENIERIA DE MINAS, METALURGIA Y AFINES
 ,O, NBC:   INGENIERIA MECANICA Y AFINES
 ,O, NBC:   OTRAS INGENIERIAS."
Profesional,2,229149,5848204,Seis(6) meses de EXPERIENCIA PROFESIONAL RELACIONADA,"Dependencia: ANTIOQUIA- CENTRO DE COMERCIO,  Municipio: Medellín, Total vacantes: 1","Título de PROFESIONAL en NBC: ADMINISTRACION
 ,O, NBC:   ARQUITECTURA
 ,O, NBC:   BIBLIOTECOLOGIA, OTROS DE CIENCIAS SOCIALES Y HUMANAS
 ,O, NBC:   CIENCIA POLITICA, RELACIONES INTERNACIONALES Disciplina Académica: RELACIONES INTERNACIONALES
 ,O, NBC:   CONTADURIA PUBLICA
 ,O, NBC:   DERECHO Y AFINES
 ,O, NBC:   ECONOMIA
 ,O, NBC:   EDUCACION
 ,O, NBC:   INGENIERIA ADMINISTRATIVA Y AFINES
 ,O, NBC:   INGENIERIA AGRICOLA, FORESTAL Y AFINES
 ,O, NBC:   INGENIERIA AGRONOMICA, PECUARIA Y AFINES
 ,O, NBC:   INGENIERIA AMBIENTAL, SANITARIA Y AFINES
 ,O, NBC:   INGENIERIA CIVIL Y AFINES
 ,O, NBC:   INGENIERIA DE MINAS, METALURGIA Y AFINES
 ,O, NBC:   INGENIERIA DE SISTEMAS, TELEMATICA Y AFINES
 ,O, NBC:   INGENIERIA ELECTRICA Y AFINES
 ,O, NBC:   INGENIERIA INDUSTRIAL Y AFINES
 ,O, NBC:   INGENIERIA MECANICA Y AFINES
 ,O, NBC:   MATEMATICAS, ESTADISTICA Y AFINES
 ,O, NBC:   PSICOLOGIA
 ,O, NBC:   SOCIOLOGIA, TRABAJO SOCIAL Y AFINES.

Titulo de postgrado en la modalidad de ESPECIALIZACION EN AREAS RELACIONADAS CON LAS FUNCIONES DEL EMPLEO."
Instructor,7,229150,4065092,"Doce(12) meses de EXPERIENCIA RELACIONADA, 
 Y, Doce(12) meses de EXPERIENCIA DOCENTE, 
 O, Doce(12) meses de Experiencia relacionada con el ejercicio de uso final de la energía eléctrica y acreditar la totalidad de las catorce (14) certificaciones de la ruta formativa en “Competencias Integrales para la Cualificación del Instructor SENA","Dependencia: DISTRITO CAPITAL- CENTRO DE ELECTRICIDAD, ELECTRONICA Y TELECOMUNICACIONES,  Municipio: Bogotá D.C., Total vacantes: 1","Título de PROFESIONAL en NBC: EDUCACION
 ,O, NBC:   INGENIERIA ELECTRICA Y AFINES
 ,O, NBC:   INGENIERIA ELECTRONICA, TELECOMUNICACIONES Y AFINES
 ,O, NBC:   INGENIERIA MECANICA Y AFINES."
Instructor,6,229151,4065092,"Doce(12) meses de EXPERIENCIA RELACIONADA, 
 Y, Doce(12) meses de EXPERIENCIA DOCENTE, 
 O, Doce(12) meses de Experiencia relacionada con el ejercicio de servicios farmacéuticos y acreditar la totalidad de las catorce (14) certificaciones de la ruta formativa en “Competencias Integrales para la Cualificación del Instructor SENA","Dependencia: DISTRITO CAPITAL-CENTRO FORMACIÓN DE TALENTO HUMANO EN SALUD,  Municipio: Bogotá D.C., Total vacantes: 3","Título de PROFESIONAL en NBC: BIOLOGIA, MICROBIOLOGIA Y AFINES
 ,O, NBC:   QUIMICA Y AFINES."
Técnico,5,229152,3914015,Seis(6) meses de EXPERIENCIA RELACIONADA,"Dependencia: DISTRITO CAPITAL CENTRO DE GESTIÓN ADMINISTRATIVA,  Municipio: Bogotá D.C., Total vacantes: 1","Título de FORMACION TECNICA PROFESIONAL en NBC: ADMINISTRACION
 ,O, NBC:   CONTADURIA PUBLICA
 ,O, NBC:   ECONOMIA
 ,O, NBC:   INGENIERIA INDUSTRIAL Y AFINES
 ,O, NBC:   PSICOLOGIA
 ,O, NBC:   SALUD PUBLICA
 ,O, NBC:   SOCIOLOGIA, TRABAJO SOCIAL Y AFINES
 ,O, NBC:   TERAPIAS."
Técnico,1,229153,4161378,Nueve(9) meses de EXPERIENCIA RELACIONADA,"Dependencia: HUILA-CENTRO DE LA INDUSTRIA, LA EMPRESA Y LOS SERVICIOS,  Municipio: Neiva, Total vacantes: 1","Título de TECNOLOGICA en NBC: ADMINISTRACION
 ,O, NBC:   ARQUITECTURA
 ,O, NBC:   CONTADURIA PUBLICA
 ,O, NBC:   ECONOMIA
 ,O, NBC:   INGENIERIA INDUSTRIAL Y AFINES."
Profesional,1,229154,5175240,NO REQUIERE EXPERIENCIA,"Dependencia: DIRECCIÓN GENERAL-DIRECCIÓN ADMINISTRATIVA Y FINANCIERA,  Municipio: Bogotá D.C., Total vacantes: 1","Título de PROFESIONAL en NBC: ARQUITECTURA
 ,O, NBC:   INGENIERIA AMBIENTAL, SANITARIA Y AFINES
 ,O, NBC:   INGENIERIA CIVIL Y AFINES
 ,O, NBC:   INGENIERIA ELECTRICA Y AFINES.

Titulo de postgrado en la modalidad de ESPECIALIZACION EN AREAS RELACIONADAS CON LAS FUNCIONES DEL EMPLEO."
Profesional,5,229155,5175240,NO REQUIERE EXPERIENCIA,"Dependencia: DISTRITO CAPITAL-CENTRO METALMECÁNICO,  Municipio: Bogotá D.C., Total vacantes: 1","Título de PROFESIONAL en NBC: ADMINISTRACION
 ,O, NBC:   ARQUITECTURA
 ,O, NBC:   CONTADURIA PUBLICA
 ,O, NBC:   DERECHO Y AFINES
 ,O, NBC:   ECONOMIA
 ,O, NBC:   INGENIERIA ADMINISTRATIVA Y AFINES
 ,O, NBC:   INGENIERIA DE SISTEMAS, TELEMATICA Y AFINES
 ,O, NBC:   INGENIERIA INDUSTRIAL Y AFINES.

Titulo de postgrado en la modalidad de ESPECIALIZACION EN AREAS RELACIONADAS CON LAS FUNCIONES DEL EMPLEO."
Profesional,1,229156,6188097,Doce(12) meses de EXPERIENCIA PROFESIONAL RELACIONADA,"Dependencia: DISTRITO CAPITAL- CENTRO NACIONAL DE HOTELERIA, TURISMO Y ALIMENTOS,  Municipio: Bogotá D.C., Total vacantes: 1","Título de PROFESIONAL en NBC: ADMINISTRACION
 ,O, NBC:   AGRONOMIA
 ,O, NBC:   ARTES PLASTICAS, VISUALES Y AFINES
 ,O, NBC:   BACTERIOLOGIA
 ,O, NBC:   BIBLIOTECOLOGIA, OTROS DE CIENCIAS SOCIALES Y HUMANAS
 ,O, NBC:   BIOLOGIA, MICROBIOLOGIA Y AFINES
 ,O, NBC:   CIENCIA POLITICA, RELACIONES INTERNACIONALES
 ,O, NBC:   COMUNICACION SOCIAL, PERIODISMO Y AFINES
 ,O, NBC:   CONTADURIA PUBLICA
 ,O, NBC:   DEPORTES, EDUCACION FISICA Y RECREACION
 ,O, NBC:   DERECHO Y AFINES
 ,O, NBC:   DISENO
 ,O, NBC:   ECONOMIA
 ,O, NBC:   EDUCACION
 ,O, NBC:   ENFERMERIA
 ,O, NBC:   INGENIERIA ADMINISTRATIVA Y AFINES
 ,O, NBC:   INGENIERIA AGRICOLA, FORESTAL Y AFINES
 ,O, NBC:   INGENIERIA AGROINDUSTRIAL, ALIMENTOS Y AFINES
 ,O, NBC:   INGENIERIA AGRONOMICA, PECUARIA Y AFINES
 ,O, NBC:   INGENIERIA AMBIENTAL, SANITARIA Y AFINES
 ,O, NBC:   INGENIERIA BIOMEDICA Y AFINES
 ,O, NBC:   INGENIERIA CIVIL Y AFINES
 ,O, NBC:   INGENIERIA DE MINAS, METALURGIA Y AFINES
 ,O, NBC:   INGENIERIA DE SISTEMAS, TELEMATICA Y AFINES
 ,O, NBC:   INGENIERIA ELECTRICA Y AFINES
 ,O, NBC:   INGENIERIA ELECTRONICA, TELECOMUNICACIONES Y AFINES
 ,O, NBC:   INGENIERIA INDUSTRIAL Y AFINES
 ,O, NBC:   INGENIERIA MECANICA Y AFINES
 ,O, NBC:   INGENIERIA QUIMICA Y AFINES
 ,O, NBC:   LENGUAS MODERNAS, LITERATURA, LINGUISTICA Y AFINES
 ,O, NBC:   MATEMATICAS, ESTADISTICA Y AFINES
 ,O, NBC:   MEDICINA
 ,O, NBC:   MEDICINA VETERINARIA
 ,O, NBC:   ODONTOLOGIA
 ,O, NBC:   OTRAS INGENIERIAS
 ,O, NBC:   OTROS PROGRAMAS ASOCIADOS A BELLAS ARTES
 ,O, NBC:   PSICOLOGIA
 ,O, NBC:   QUIMICA Y AFINES
 ,O, NBC:   SOCIOLOGIA, TRABAJO SOCIAL Y AFINES
 ,O, NBC:   TERAPIAS
 ,O, NBC:   ZOOTECNIA.

Titulo de postgrado en la modalidad de ESPECIALIZACION EN AREAS RELACIONADAS CON LAS FUNCIONES DEL EMPLEO."
Técnico,1,229157,4161378,Nueve(9) meses de EXPERIENCIA RELACIONADA,"Dependencia: VALLE-CENTRO DE DISEÑO TECNOLÓGICO INDUSTRIAL,  Municipio: Cali, Total vacantes: 1","Título de TECNOLOGICA en NBC: INGENIERIA DE SISTEMAS, TELEMATICA Y AFINES
 ,O, NBC:   INGENIERIA ELECTRONICA, TELECOMUNICACIONES Y AFINES."
Técnico,1,229158,4637276,Doce(12) meses de EXPERIENCIA RELACIONADA,"Dependencia: DISTRITO CAPITAL-CENTRO DE MANUFACTURA EN TEXTIL Y CUERO,  Municipio: Bogotá D.C., Total vacantes: 1","Título de TECNOLOGICA en NBC: ADMINISTRACION
 ,O, NBC:   CONTADURIA PUBLICA
 ,O, NBC:   ECONOMIA
 ,O, NBC:   INGENIERIA INDUSTRIAL Y AFINES.

Titulo de postgrado en la modalidad de ESPECIALIZACION TECNOLOGICA en NBC: ADMINISTRACION
 ,O, NBC:   CONTADURIA PUBLICA
 ,O, NBC:   ECONOMIA
 ,O, NBC:   INGENIERIA INDUSTRIAL Y AFINES."
Instructor,3,229159,4065092,"Doce(12) meses de EXPERIENCIA RELACIONADA, 
 Y, Doce(12) meses de EXPERIENCIA DOCENTE, 
 O, Doce(12) meses de Experiencia relacionada con el ejercicio de producción gráfica y acreditar la totalidad de las catorce (14) certificaciones de la ruta formativa en “Competencias Integrales para la Cualificación del Instructor SENA","Dependencia: DISTRITO CAPITAL- CENTRO PARA LA INDUSTRIA DE LA COMUNICACION GRAFICA,  Municipio: Bogotá D.C., Total vacantes: 3","Título de PROFESIONAL en NBC: DISENO
 ,O, NBC:   EDUCACION
 ,O, NBC:   INGENIERIA INDUSTRIAL Y AFINES
 ,O, NBC:   INGENIERIA MECANICA Y AFINES
 ,O, NBC:   INGENIERIA QUIMICA Y AFINES."
Instructor,3,229161,4065092,"Doce(12) meses de EXPERIENCIA RELACIONADA, 
 Y, Doce(12) meses de EXPERIENCIA DOCENTE, 
 O, Doce(12) meses de Experiencia relacionada con el ejercicio de distribución de la energía eléctrica y acreditar la totalidad de las catorce (14) certificaciones de la ruta formativa en “Competencias Integrales para la Cualificación del Instructor SENA","Dependencia: ATLANTICO- CENTRO NACIONAL COLOMBO ALEMAN,  Municipio: Barranquilla, Total vacantes: 1","Título de PROFESIONAL en NBC: EDUCACION
 ,O, NBC:   INGENIERIA ELECTRICA Y AFINES
 ,O, NBC:   INGENIERIA MECANICA Y AFINES."
Instructor,2,229162,4065092,"Doce(12) meses de EXPERIENCIA RELACIONADA, 
 Y, Doce(12) meses de EXPERIENCIA DOCENTE, 
 O, Doce(12) meses de Experiencia relacionada con el ejercicio de transporte terrestre por carretera y acreditar la totalidad de las catorce (14) certificaciones de la ruta formativa en “Competencias Integrales para la Cualificación del Instructor SENA","Dependencia: DISTRITO CAPITAL-CENTRO DE TECNOLOGÍAS DEL TRANSPORTE,  Municipio: Bogotá D.C., Total vacantes: 1","Título de PROFESIONAL en NBC: INGENIERIA CIVIL Y AFINES
 ,O, NBC:   INGENIERIA MECANICA Y AFINES."
Instructor,2,229163,4065092,"Doce(12) meses de EXPERIENCIA RELACIONADA, 
 Y, Doce(12) meses de EXPERIENCIA DOCENTE, 
 O, Doce(12) meses de Experiencia relacionada con el ejercicio de mantenimiento de equipo biomédico y acreditar la totalidad de las catorce (14) certificaciones de la ruta formativa en “Competencias Integrales para la Cualificación del Instructor SENA","Dependencia: DISTRITO CAPITAL- CENTRO DE ELECTRICIDAD, ELECTRONICA Y TELECOMUNICACIONES,  Municipio: Bogotá D.C., Total vacantes: 2","Título de PROFESIONAL en NBC: INGENIERIA BIOMEDICA Y AFINES
 ,O, NBC:   INGENIERIA ELECTRICA Y AFINES
 ,O, NBC:   INGENIERIA ELECTRONICA, TELECOMUNICACIONES Y AFINES
 ,O, NBC:   INGENIERIA MECANICA Y AFINES."
Instructor,1,229165,4065092,"Doce(12) meses de EXPERIENCIA RELACIONADA, 
 Y, Doce(12) meses de EXPERIENCIA DOCENTE, 
 O, Doce(12) meses de Experiencia relacionada con el ejercicio de electricidad y electrónica y acreditar la totalidad de las catorce (14) certificaciones de la ruta formativa en “Competencias Integrales para la Cualificación del Instructor SENA","Dependencia: CAUCA- CENTRO DE TELEINFORMÁTICA Y PRODUCCIÓN INDUSTRIAL,  Municipio: Popayán, Total vacantes: 1","Título de PROFESIONAL en NBC: INGENIERIA ELECTRICA Y AFINES
 ,O, NBC:   INGENIERIA ELECTRONICA, TELECOMUNICACIONES Y AFINES."
Instructor,3,229166,4065092,"Doce(12) meses de EXPERIENCIA RELACIONADA, 
 Y, Doce(12) meses de EXPERIENCIA DOCENTE, 
 O, Doce(12) meses de Experiencia relacionada con el ejercicio de comunicación y acreditar la totalidad de las catorce (14) certificaciones de la ruta formativa en “Competencias Integrales para la Cualificación del Instructor SENA","Dependencia: VALLE-CENTRO DE TECNOLOGÍAS AGROINDUSTRIALES,  Municipio: Cartago, Total vacantes: 1","Título de PROFESIONAL en NBC: COMUNICACION SOCIAL, PERIODISMO Y AFINES
 ,O, NBC:   EDUCACION
 ,O, NBC:   LENGUAS MODERNAS, LITERATURA, LINGUISTICA Y AFINES."
Instructor,1,229167,4065092,"Doce(12) meses de EXPERIENCIA RELACIONADA, 
 Y, Doce(12) meses de EXPERIENCIA DOCENTE, 
 O, Doce(12) meses de Experiencia relacionada con el ejercicio de procesamiento de alimentos- chocolatería y confitería y acreditar la totalidad de las catorce (14) certificaciones de la ruta formativa en “Competencias Integrales para la Cualificación del Instructor SENA","Dependencia: SANTANDER- CENTRO DE ATENCION AL SECTOR AGROPECUARIO,  Municipio: Piedecuesta, Total vacantes: 1","Título de PROFESIONAL en NBC: ADMINISTRACION
 ,O, NBC:   INGENIERIA AGROINDUSTRIAL, ALIMENTOS Y AFINES
 ,O, NBC:   QUIMICA Y AFINES."
Profesional,7,229168,5175240,NO REQUIERE EXPERIENCIA,"Dependencia: VAUPES- CENTRO AGROPECUARIO Y DE SERVICIOS AMBIENTALES ""JIRI-JIRIMO"",  Municipio: Mitú, Total vacantes: 1","Título de PROFESIONAL en NBC: ADMINISTRACION
 ,O, NBC:   CONTADURIA PUBLICA
 ,O, NBC:   DERECHO Y AFINES
 ,O, NBC:   ECONOMIA
 ,O, NBC:   EDUCACION
 ,O, NBC:   FILOSOFIA, TEOLOGIA Y AFINES
 ,O, NBC:   INGENIERIA DE SISTEMAS, TELEMATICA Y AFINES
 ,O, NBC:   INGENIERIA INDUSTRIAL Y AFINES
 ,O, NBC:   PSICOLOGIA
 ,O, NBC:   SOCIOLOGIA, TRABAJO SOCIAL Y AFINES.

Titulo de postgrado en la modalidad de ESPECIALIZACION EN AREAS RELACIONADAS CON LAS FUNCIONES DEL EMPLEO."
Instructor,2,229170,4065092,"Doce(12) meses de EXPERIENCIA RELACIONADA, 
 Y, Doce(12) meses de EXPERIENCIA DOCENTE, 
 O, Doce(12) meses de Experiencia relacionada con el ejercicio de fabricación de calzado y acreditar la totalidad de las catorce (14) certificaciones de la ruta formativa en “Competencias Integrales para la Cualificación del Instructor SENA","Dependencia: ANTIOQUIA- CENTRO DEL DISEÑO Y MANUFACTURA DEL CUERO,  Municipio: Itagüí, Total vacantes: 1","Título de PROFESIONAL en NBC: DISENO
 ,O, NBC:   INGENIERIA INDUSTRIAL Y AFINES."
Asesor,1,229171,7704780,Doce(12) meses de EXPERIENCIA PROFESIONAL RELACIONADA,"Dependencia: DISTRITO CAPITAL- CENTRO DE GESTION DE MERCADOS, LOGISTICA Y TECNOLOGIAS DE LA INFORMACION,  Municipio: Bogotá D.C., Total vacantes: 1","Título de PROFESIONAL en NBC: ADMINISTRACION
 ,O, NBC:   DERECHO Y AFINES
 ,O, NBC:   ECONOMIA
 ,O, NBC:   EDUCACION
 ,O, NBC:   MATEMATICAS, ESTADISTICA Y AFINES.

Titulo de postgrado en la modalidad de ESPECIALIZACION EN AREAS RELACIONADAS CON LAS FUNCIONES DEL EMPLEO."
Técnico,7,229172,3914015,Seis(6) meses de EXPERIENCIA RELACIONADA,"Dependencia: ANTIOQUIA-CENTRO DE FORMACIÓN MINERO AMBIENTAL,  Municipio: El Bagre, Total vacantes: 1","Título de FORMACION TECNICA PROFESIONAL en NBC: ADMINISTRACION
 ,O, NBC:   BIBLIOTECOLOGIA, OTROS DE CIENCIAS SOCIALES Y HUMANAS."
Profesional,1,229173,6500596,Quince(15) meses de EXPERIENCIA PROFESIONAL RELACIONADA,"Dependencia: DISTRITO CAPITAL-CENTRO DE MATERIALES Y ENSAYOS,  Municipio: Bogotá D.C., Total vacantes: 1","Título de PROFESIONAL en NBC: ADMINISTRACION
 ,O, NBC:   ARQUITECTURA
 ,O, NBC:   CONTADURIA PUBLICA
 ,O, NBC:   DERECHO Y AFINES
 ,O, NBC:   ECONOMIA
 ,O, NBC:   INGENIERIA DE SISTEMAS, TELEMATICA Y AFINES
 ,O, NBC:   INGENIERIA INDUSTRIAL Y AFINES.

Titulo de postgrado en la modalidad de ESPECIALIZACION EN AREAS RELACIONADAS CON LAS FUNCIONES DEL EMPLEO."
Instructor,2,229175,4065092,"Doce(12) meses de EXPERIENCIA RELACIONADA, 
 Y, Doce(12) meses de EXPERIENCIA DOCENTE, 
 O, Doce(12) meses de Experiencia relacionada con el ejercicio de música y acreditar la totalidad de las catorce (14) certificaciones de la ruta formativa en “Competencias Integrales para la Cualificación del Instructor SENA","Dependencia: DISTRITO CAPITAL- CENTRO DE FORMACION EN ACTIVIDAD FISICA Y CULTURA,  Municipio: Bogotá D.C., Total vacantes: 2","Título de PROFESIONAL en NBC: EDUCACION
 ,O, NBC:   MUSICA."
Instructor,2,229177,4065092,"Doce(12) meses de EXPERIENCIA DOCENTE, 
 Y, Seis(6) meses de experiencia relacionados con el ejercicio de la profesión u oficio objeto de la formación profesional, 
 Y, Doce(12) meses de experiencia relacionados con asistencia técnica o extensión rural o formulación, implementación, desarrollo y seguimiento a proyectos productivos  agropecuarios, agroindustriales y/o formación profesiona","Dependencia: SANTANDER-CENTRO AGROEMPRESARIAL Y TURÍSTICO DE LOS ANDES,  Municipio: Málaga, Total vacantes: 2","Título de TECNOLOGICA en NBC: ADMINISTRACION
 ,O, NBC:   AGRONOMIA
 ,O, NBC:   BIOLOGIA, MICROBIOLOGIA Y AFINES
 ,O, NBC:   INGENIERIA AGRICOLA, FORESTAL Y AFINES
 ,O, NBC:   INGENIERIA AGROINDUSTRIAL, ALIMENTOS Y AFINES
 ,O, NBC:   INGENIERIA AGRONOMICA, PECUARIA Y AFINES
 ,O, NBC:   MEDICINA VETERINARIA
 ,O, NBC:   ZOOTECNIA.
 ,Y, acreditar una (1) certificación, de entre las siguientes opciones: (1) Extensión Rural, (2) Asistencia Técnica o (3) Formulación y Evaluación de Proyectos."
Instructor,4,229178,4065092,"Doce(12) meses de EXPERIENCIA DOCENTE, 
 Y, Seis(6) meses de experiencia relacionados con el ejercicio de la profesión u oficio objeto de la formación profesional, 
 Y, Doce(12) meses de experiencia relacionados con asistencia técnica o extensión rural o formulación, implementación, desarrollo y seguimiento a proyectos productivos  agropecuarios, agroindustriales y/o formación profesiona","Dependencia: NORTE DE SANTANDER- CENTRO DE FORMACION PARA EL DESARROLLO RURAL Y MINERO,  Municipio: Cúcuta, Total vacantes: 4","Título de TECNOLOGICA en NBC: ADMINISTRACION
 ,O, NBC:   AGRONOMIA
 ,O, NBC:   BIOLOGIA, MICROBIOLOGIA Y AFINES
 ,O, NBC:   INGENIERIA AGRICOLA, FORESTAL Y AFINES
 ,O, NBC:   INGENIERIA AGROINDUSTRIAL, ALIMENTOS Y AFINES
 ,O, NBC:   INGENIERIA AGRONOMICA, PECUARIA Y AFINES
 ,O, NBC:   MEDICINA VETERINARIA
 ,O, NBC:   ZOOTECNIA.
 ,Y, acreditar una (1) certificación, de entre las siguientes opciones: (1) Extensión Rural, (2) Asistencia Técnica o (3) Formulación y Evaluación de Proyectos."
Instructor,2,229179,4065092,"Doce(12) meses de EXPERIENCIA DOCENTE, 
 Y, Seis(6) meses de experiencia relacionados con el ejercicio de la profesión u oficio objeto de la formación profesional, 
 Y, Doce(12) meses de experiencia relacionados con asistencia técnica o extensión rural o formulación, implementación, desarrollo y seguimiento a proyectos productivos  agropecuarios, agroindustriales y/o formación profesiona","Dependencia: CUNDINAMARCA-CENTRO AGROECOLÓGICO Y EMPRESARIAL,  Municipio: Fusagasugá, Total vacantes: 2","Título de TECNOLOGICA en NBC: ADMINISTRACION
 ,O, NBC:   AGRONOMIA
 ,O, NBC:   BIOLOGIA, MICROBIOLOGIA Y AFINES
 ,O, NBC:   INGENIERIA AGRICOLA, FORESTAL Y AFINES
 ,O, NBC:   INGENIERIA AGROINDUSTRIAL, ALIMENTOS Y AFINES
 ,O, NBC:   INGENIERIA AGRONOMICA, PECUARIA Y AFINES
 ,O, NBC:   MEDICINA VETERINARIA
 ,O, NBC:   ZOOTECNIA.
 ,Y, acreditar una (1) certificación, de entre las siguientes opciones: (1) Extensión Rural, (2) Asistencia Técnica o (3) Formulación y Evaluación de Proyectos."
Profesional,3,229180,9874386,"Veinticuatro(24) meses de experiencia relacionada con implementación de procesos de innovación, o investigación o producción académica, o divulgación científica, o propiedad intelectual, o transferencia tecnológica, o metodologías de evaluación de procesos y seguimiento a proyectos de ciencia, tecnología e innovación","Dependencia: HUILA-CENTRO DE LA INDUSTRIA, LA EMPRESA Y LOS SERVICIOS,  Municipio: Neiva, Total vacantes: 3","Título de PROFESIONAL en NBC: ARQUITECTURA
 ,O, NBC:   ARTES PLASTICAS, VISUALES Y AFINES
 ,O, NBC:   ARTES REPRESENTATIVAS
 ,O, NBC:   BIOLOGIA, MICROBIOLOGIA Y AFINES
 ,O, NBC:   DISENO
 ,O, NBC:   ECONOMIA
 ,O, NBC:   FISICA
 ,O, NBC:   INGENIERIA AGROINDUSTRIAL, ALIMENTOS Y AFINES
 ,O, NBC:   INGENIERIA AMBIENTAL, SANITARIA Y AFINES
 ,O, NBC:   INGENIERIA BIOMEDICA Y AFINES
 ,O, NBC:   INGENIERIA DE SISTEMAS, TELEMATICA Y AFINES
 ,O, NBC:   INGENIERIA ELECTRICA Y AFINES
 ,O, NBC:   INGENIERIA ELECTRONICA, TELECOMUNICACIONES Y AFINES
 ,O, NBC:   INGENIERIA INDUSTRIAL Y AFINES
 ,O, NBC:   INGENIERIA MECANICA Y AFINES
 ,O, NBC:   INGENIERIA QUIMICA Y AFINES
 ,O, NBC:   MATEMATICAS, ESTADISTICA Y AFINES
 ,O, NBC:   OTRAS INGENIERIAS
 ,O, NBC:   PUBLICIDAD Y AFINES
 ,O, NBC:   QUIMICA Y AFINES.

Titulo de postgrado en la modalidad de MAESTRIA en NBC: ARQUITECTURA
 ,O, NBC:   ARTES PLASTICAS, VISUALES Y AFINES
 ,O, NBC:   ARTES REPRESENTATIVAS
 ,O, NBC:   BIOLOGIA, MICROBIOLOGIA Y AFINES
 ,O, NBC:   DISENO
 ,O, NBC:   ECONOMIA
 ,O, NBC:   FISICA
 ,O, NBC:   INGENIERIA AGROINDUSTRIAL, ALIMENTOS Y AFINES
 ,O, NBC:   INGENIERIA AMBIENTAL, SANITARIA Y AFINES
 ,O, NBC:   INGENIERIA BIOMEDICA Y AFINES
 ,O, NBC:   INGENIERIA DE SISTEMAS, TELEMATICA Y AFINES
 ,O, NBC:   INGENIERIA ELECTRICA Y AFINES
 ,O, NBC:   INGENIERIA ELECTRONICA, TELECOMUNICACIONES Y AFINES
 ,O, NBC:   INGENIERIA INDUSTRIAL Y AFINES
 ,O, NBC:   INGENIERIA MECANICA Y AFINES
 ,O, NBC:   INGENIERIA QUIMICA Y AFINES
 ,O, NBC:   MATEMATICAS, ESTADISTICA Y AFINES
 ,O, NBC:   OTRAS INGENIERIAS
 ,O, NBC:   PUBLICIDAD Y AFINES
 ,O, NBC:   QUIMICA Y AFINES.


,Y, acreditar una (1) certificación, de entre las siguientes opciones: (1) Fortalecimiento de las Capacidades en Marco Lógico; (2) Fortalecimiento de las Capacidades en Propiedad Intelectual para Investigadores; (3) Escritura y Producción Intelectual o Escritura de Artículos Científicos y Tecnológicos; (4) Herramientas y Competencias para la generación de Innovación; (5) Definición de Indicadores y Vigilancia Tecnológica."
Profesional,9,229181,9095760,"Diez y ocho(18) meses de experiencia relacionada con implementación de procesos de innovación, o investigación o producción académica, o divulgación científica, o propiedad intelectual, o transferencia tecnológica, o metodologías de evaluación de procesos y seguimiento a proyectos de ciencia, tecnología e innovación","Dependencia: TOLIMA-CENTRO DE INDUSTRIA Y CONSTRUCCIÓN,  Municipio: Ibagué, Total vacantes: 1","Título de PROFESIONAL en NBC: ARQUITECTURA
 ,O, NBC:   ARTES PLASTICAS, VISUALES Y AFINES
 ,O, NBC:   ARTES REPRESENTATIVAS
 ,O, NBC:   BIOLOGIA, MICROBIOLOGIA Y AFINES
 ,O, NBC:   DISENO
 ,O, NBC:   FISICA
 ,O, NBC:   INGENIERIA AGROINDUSTRIAL, ALIMENTOS Y AFINES
 ,O, NBC:   INGENIERIA AMBIENTAL, SANITARIA Y AFINES
 ,O, NBC:   INGENIERIA BIOMEDICA Y AFINES
 ,O, NBC:   INGENIERIA DE SISTEMAS, TELEMATICA Y AFINES
 ,O, NBC:   INGENIERIA ELECTRICA Y AFINES
 ,O, NBC:   INGENIERIA ELECTRONICA, TELECOMUNICACIONES Y AFINES
 ,O, NBC:   INGENIERIA INDUSTRIAL Y AFINES
 ,O, NBC:   INGENIERIA MECANICA Y AFINES
 ,O, NBC:   INGENIERIA QUIMICA Y AFINES
 ,O, NBC:   MATEMATICAS, ESTADISTICA Y AFINES
 ,O, NBC:   PUBLICIDAD Y AFINES
 ,O, NBC:   QUIMICA Y AFINES.

Titulo de postgrado en la modalidad de MAESTRIA en NBC: ARQUITECTURA
 ,O, NBC:   ARTES PLASTICAS, VISUALES Y AFINES
 ,O, NBC:   ARTES REPRESENTATIVAS
 ,O, NBC:   BIOLOGIA, MICROBIOLOGIA Y AFINES
 ,O, NBC:   DISENO
 ,O, NBC:   FISICA
 ,O, NBC:   INGENIERIA AGROINDUSTRIAL, ALIMENTOS Y AFINES
 ,O, NBC:   INGENIERIA AMBIENTAL, SANITARIA Y AFINES
 ,O, NBC:   INGENIERIA BIOMEDICA Y AFINES
 ,O, NBC:   INGENIERIA DE SISTEMAS, TELEMATICA Y AFINES
 ,O, NBC:   INGENIERIA ELECTRICA Y AFINES
 ,O, NBC:   INGENIERIA ELECTRONICA, TELECOMUNICACIONES Y AFINES
 ,O, NBC:   INGENIERIA INDUSTRIAL Y AFINES
 ,O, NBC:   INGENIERIA MECANICA Y AFINES
 ,O, NBC:   INGENIERIA QUIMICA Y AFINES
 ,O, NBC:   MATEMATICAS, ESTADISTICA Y AFINES
 ,O, NBC:   PUBLICIDAD Y AFINES
 ,O, NBC:   QUIMICA Y AFINES.


,Y, acreditar una (1) certificación, de entre las siguientes opciones: (1) Fortalecimiento de las Capacidades en Marco Lógico; (2) Fortalecimiento de las Capacidades en Propiedad Intelectual para Investigadores; (3) Escritura y Producción Intelectual o Escritura de Artículos Científicos y Tecnológicos; (4) Herramientas y Competencias para la generación de Innovación; (5) Definición de Indicadores y Vigilancia Tecnológica."
Profesional,10,229182,9874386,"Veinticuatro(24) meses de experiencia relacionada con implementación de procesos de innovación, o investigación o producción académica, o divulgación científica, o propiedad intelectual, o transferencia tecnológica, o metodologías de evaluación de procesos y seguimiento a proyectos de ciencia, tecnología e innovación","Dependencia: CUNDINAMARCA- CENTRO INDUSTRIAL Y DE DESARROLLO EMPRESARIAL DE SOACHA,  Municipio: Soacha, Total vacantes: 1","Título de PROFESIONAL en NBC: ARQUITECTURA
 ,O, NBC:   ARTES PLASTICAS, VISUALES Y AFINES
 ,O, NBC:   ARTES REPRESENTATIVAS
 ,O, NBC:   BIOLOGIA, MICROBIOLOGIA Y AFINES
 ,O, NBC:   DISENO
 ,O, NBC:   FISICA
 ,O, NBC:   INGENIERIA AGROINDUSTRIAL, ALIMENTOS Y AFINES
 ,O, NBC:   INGENIERIA AMBIENTAL, SANITARIA Y AFINES
 ,O, NBC:   INGENIERIA BIOMEDICA Y AFINES
 ,O, NBC:   INGENIERIA DE SISTEMAS, TELEMATICA Y AFINES
 ,O, NBC:   INGENIERIA ELECTRICA Y AFINES
 ,O, NBC:   INGENIERIA ELECTRONICA, TELECOMUNICACIONES Y AFINES
 ,O, NBC:   INGENIERIA INDUSTRIAL Y AFINES
 ,O, NBC:   INGENIERIA MECANICA Y AFINES
 ,O, NBC:   INGENIERIA QUIMICA Y AFINES
 ,O, NBC:   MATEMATICAS, ESTADISTICA Y AFINES
 ,O, NBC:   PUBLICIDAD Y AFINES
 ,O, NBC:   QUIMICA Y AFINES.

Titulo de postgrado en la modalidad de MAESTRIA en NBC: ARQUITECTURA
 ,O, NBC:   ARTES PLASTICAS, VISUALES Y AFINES
 ,O, NBC:   ARTES REPRESENTATIVAS
 ,O, NBC:   BIOLOGIA, MICROBIOLOGIA Y AFINES
 ,O, NBC:   DISENO
 ,O, NBC:   FISICA
 ,O, NBC:   INGENIERIA AGROINDUSTRIAL, ALIMENTOS Y AFINES
 ,O, NBC:   INGENIERIA AMBIENTAL, SANITARIA Y AFINES
 ,O, NBC:   INGENIERIA BIOMEDICA Y AFINES
 ,O, NBC:   INGENIERIA DE SISTEMAS, TELEMATICA Y AFINES
 ,O, NBC:   INGENIERIA ELECTRICA Y AFINES
 ,O, NBC:   INGENIERIA ELECTRONICA, TELECOMUNICACIONES Y AFINES
 ,O, NBC:   INGENIERIA INDUSTRIAL Y AFINES
 ,O, NBC:   INGENIERIA MECANICA Y AFINES
 ,O, NBC:   INGENIERIA QUIMICA Y AFINES
 ,O, NBC:   MATEMATICAS, ESTADISTICA Y AFINES
 ,O, NBC:   PUBLICIDAD Y AFINES
 ,O, NBC:   QUIMICA Y AFINES.


,Y, acreditar una (1) certificación, de entre las siguientes opciones: (1) Fortalecimiento de las Capacidades en Marco Lógico; (2) Fortalecimiento de las Capacidades en Propiedad Intelectual para Investigadores; (3) Escritura y Producción Intelectual o Escritura de Artículos Científicos y Tecnológicos; (4) Herramientas y Competencias para la generación de Innovación; (5) Definición de Indicadores y Vigilancia Tecnológica."
Profesional,6,229183,9874386,"Veinticuatro(24) meses de experiencia relacionada con implementación de procesos de innovación, o investigación o producción académica, o divulgación científica, o propiedad intelectual, o transferencia tecnológica, o metodologías de evaluación de procesos y seguimiento a proyectos de ciencia, tecnología e innovación","Dependencia: VALLE-CENTRO NACIONAL DE ASISTENCIA TECNICA A LA INDUSTRIA ASTIN,  Municipio: Cali, Total vacantes: 3","Título de PROFESIONAL en NBC: ARQUITECTURA
 ,O, NBC:   ARTES PLASTICAS, VISUALES Y AFINES
 ,O, NBC:   ARTES REPRESENTATIVAS
 ,O, NBC:   BIOLOGIA, MICROBIOLOGIA Y AFINES
 ,O, NBC:   DISENO
 ,O, NBC:   ECONOMIA
 ,O, NBC:   FISICA
 ,O, NBC:   INGENIERIA AGROINDUSTRIAL, ALIMENTOS Y AFINES
 ,O, NBC:   INGENIERIA AMBIENTAL, SANITARIA Y AFINES
 ,O, NBC:   INGENIERIA BIOMEDICA Y AFINES
 ,O, NBC:   INGENIERIA DE SISTEMAS, TELEMATICA Y AFINES
 ,O, NBC:   INGENIERIA ELECTRICA Y AFINES
 ,O, NBC:   INGENIERIA ELECTRONICA, TELECOMUNICACIONES Y AFINES
 ,O, NBC:   INGENIERIA INDUSTRIAL Y AFINES
 ,O, NBC:   INGENIERIA MECANICA Y AFINES
 ,O, NBC:   INGENIERIA QUIMICA Y AFINES
 ,O, NBC:   MATEMATICAS, ESTADISTICA Y AFINES
 ,O, NBC:   PUBLICIDAD Y AFINES
 ,O, NBC:   QUIMICA Y AFINES.

Titulo de postgrado en la modalidad de MAESTRIA en NBC: ARQUITECTURA
 ,O, NBC:   ARTES PLASTICAS, VISUALES Y AFINES
 ,O, NBC:   ARTES REPRESENTATIVAS
 ,O, NBC:   BIOLOGIA, MICROBIOLOGIA Y AFINES
 ,O, NBC:   DISENO
 ,O, NBC:   ECONOMIA
 ,O, NBC:   FISICA
 ,O, NBC:   INGENIERIA AGROINDUSTRIAL, ALIMENTOS Y AFINES
 ,O, NBC:   INGENIERIA AMBIENTAL, SANITARIA Y AFINES
 ,O, NBC:   INGENIERIA BIOMEDICA Y AFINES
 ,O, NBC:   INGENIERIA DE SISTEMAS, TELEMATICA Y AFINES
 ,O, NBC:   INGENIERIA ELECTRICA Y AFINES
 ,O, NBC:   INGENIERIA ELECTRONICA, TELECOMUNICACIONES Y AFINES
 ,O, NBC:   INGENIERIA INDUSTRIAL Y AFINES
 ,O, NBC:   INGENIERIA MECANICA Y AFINES
 ,O, NBC:   INGENIERIA QUIMICA Y AFINES
 ,O, NBC:   MATEMATICAS, ESTADISTICA Y AFINES
 ,O, NBC:   PUBLICIDAD Y AFINES
 ,O, NBC:   QUIMICA Y AFINES.


,Y, acreditar una (1) certificación, de entre las siguientes opciones: (1) Fortalecimiento de las Capacidades en Marco Lógico; (2) Fortalecimiento de las Capacidades en Propiedad Intelectual para Investigadores; (3) Escritura y Producción Intelectual o Escritura de Artículos Científicos y Tecnológicos; (4) Herramientas y Competencias para la generación de Innovación; (5) Definición de Indicadores y Vigilancia Tecnológica."
Profesional,1,229184,9095760,"Diez y ocho(18) meses de experiencia relacionada con implementación de procesos de innovación, o investigación o producción académica, o divulgación científica, o propiedad intelectual, o transferencia tecnológica, o metodologías de evaluación de procesos y seguimiento a proyectos de ciencia, tecnología e innovación","Dependencia: NARIÑO-CENTRO SUR COLOMBIANO DE LOGÍSTICA INTERNACIONAL,  Municipio: Ipiales, Total vacantes: 1","Título de PROFESIONAL en NBC: ADMINISTRACION
 ,O, NBC:   ARQUITECTURA
 ,O, NBC:   ARTES PLASTICAS, VISUALES Y AFINES
 ,O, NBC:   ARTES REPRESENTATIVAS
 ,O, NBC:   BIOLOGIA, MICROBIOLOGIA Y AFINES
 ,O, NBC:   DISENO
 ,O, NBC:   FISICA
 ,O, NBC:   INGENIERIA AGROINDUSTRIAL, ALIMENTOS Y AFINES
 ,O, NBC:   INGENIERIA AMBIENTAL, SANITARIA Y AFINES
 ,O, NBC:   INGENIERIA BIOMEDICA Y AFINES
 ,O, NBC:   INGENIERIA DE SISTEMAS, TELEMATICA Y AFINES
 ,O, NBC:   INGENIERIA ELECTRICA Y AFINES
 ,O, NBC:   INGENIERIA ELECTRONICA, TELECOMUNICACIONES Y AFINES
 ,O, NBC:   INGENIERIA INDUSTRIAL Y AFINES
 ,O, NBC:   INGENIERIA MECANICA Y AFINES
 ,O, NBC:   INGENIERIA QUIMICA Y AFINES
 ,O, NBC:   MATEMATICAS, ESTADISTICA Y AFINES
 ,O, NBC:   PUBLICIDAD Y AFINES
 ,O, NBC:   QUIMICA Y AFINES.

Titulo de postgrado en la modalidad de MAESTRIA en NBC: ADMINISTRACION
 ,O, NBC:   ARQUITECTURA
 ,O, NBC:   ARTES PLASTICAS, VISUALES Y AFINES
 ,O, NBC:   ARTES REPRESENTATIVAS
 ,O, NBC:   BIOLOGIA, MICROBIOLOGIA Y AFINES
 ,O, NBC:   DISENO
 ,O, NBC:   FISICA
 ,O, NBC:   INGENIERIA AGROINDUSTRIAL, ALIMENTOS Y AFINES
 ,O, NBC:   INGENIERIA AMBIENTAL, SANITARIA Y AFINES
 ,O, NBC:   INGENIERIA BIOMEDICA Y AFINES
 ,O, NBC:   INGENIERIA DE SISTEMAS, TELEMATICA Y AFINES
 ,O, NBC:   INGENIERIA ELECTRICA Y AFINES
 ,O, NBC:   INGENIERIA ELECTRONICA, TELECOMUNICACIONES Y AFINES
 ,O, NBC:   INGENIERIA INDUSTRIAL Y AFINES
 ,O, NBC:   INGENIERIA MECANICA Y AFINES
 ,O, NBC:   INGENIERIA QUIMICA Y AFINES
 ,O, NBC:   MATEMATICAS, ESTADISTICA Y AFINES
 ,O, NBC:   PUBLICIDAD Y AFINES
 ,O, NBC:   QUIMICA Y AFINES.
 ,Y, Acreditar una (1) certificación, de entre las siguientes opciones: (1) Fortalecimiento de las Capacidades en Marco Lógico; (2) Fortalecimiento de las Capacidades en Propiedad Intelectual para Investigadores; (3) Escritura y Producción Intelectual o Escritura de Artículos Científicos y Tecnológicos; (4) Herramientas y Competencias para la Generación de Innovación; (5) Definición de Indicadores de Innovación y Vigilancia Tecnológica."
Profesional,1,229185,8208795,"Quince(15) meses de experiencia relacionada con implementación de procesos de innovación, o investigación o producción académica, o divulgación científica, o propiedad intelectual, o transferencia tecnológica, o metodologías de evaluación de procesos y seguimiento a proyectos de ciencia, tecnología e innovación","Dependencia: BOYACA- CENTRO INDUSTRIAL DE MANTENIMIENTO Y MANUFACTURA,  Municipio: Sogamoso, Total vacantes: 1","Título de PROFESIONAL en NBC: ADMINISTRACION
 ,O, NBC:   INGENIERIA CIVIL Y AFINES
 ,O, NBC:   INGENIERIA ELECTRICA Y AFINES
 ,O, NBC:   INGENIERIA ELECTRONICA, TELECOMUNICACIONES Y AFINES
 ,O, NBC:   INGENIERIA INDUSTRIAL Y AFINES
 ,O, NBC:   INGENIERIA MECANICA Y AFINES.

Titulo de postgrado en la modalidad de MAESTRIA en NBC: ADMINISTRACION
 ,O, NBC:   INGENIERIA CIVIL Y AFINES
 ,O, NBC:   INGENIERIA ELECTRICA Y AFINES
 ,O, NBC:   INGENIERIA ELECTRONICA, TELECOMUNICACIONES Y AFINES
 ,O, NBC:   INGENIERIA INDUSTRIAL Y AFINES
 ,O, NBC:   INGENIERIA MECANICA Y AFINES.


,Y, acreditar una (1) certificación, de entre las siguientes opciones: (1) Fortalecimiento de las Capacidades en Marco Lógico; (2) Fortalecimiento de las Capacidades en Propiedad Intelectual para Investigadores; (3) Escritura y Producción Intelectual o Escritura de Artículos Científicos y Tecnológicos; (4) Herramientas y Competencias para la generación de Innovación; (5) Definición de Indicadores y Vigilancia Tecnológica."
Profesional,1,229186,9874386,"Veinticuatro(24) meses de experiencia relacionada con implementación de procesos de innovación, o investigación o producción académica, o divulgación científica, o propiedad intelectual, o transferencia tecnológica, o metodologías de evaluación de procesos y seguimiento a proyectos de ciencia, tecnología e innovación","Dependencia: HUILA- CENTRO DE GESTION Y DESARROLLO SOSTENIBLE SURCOLOMBIANO,  Municipio: Pitalito, Total vacantes: 1","Título de PROFESIONAL en NBC: ARQUITECTURA
 ,O, NBC:   ARTES PLASTICAS, VISUALES Y AFINES
 ,O, NBC:   ARTES REPRESENTATIVAS
 ,O, NBC:   BIOLOGIA, MICROBIOLOGIA Y AFINES
 ,O, NBC:   DISENO
 ,O, NBC:   FISICA
 ,O, NBC:   INGENIERIA AGROINDUSTRIAL, ALIMENTOS Y AFINES
 ,O, NBC:   INGENIERIA AGRONOMICA, PECUARIA Y AFINES
 ,O, NBC:   INGENIERIA AMBIENTAL, SANITARIA Y AFINES
 ,O, NBC:   INGENIERIA BIOMEDICA Y AFINES
 ,O, NBC:   INGENIERIA DE SISTEMAS, TELEMATICA Y AFINES
 ,O, NBC:   INGENIERIA ELECTRICA Y AFINES
 ,O, NBC:   INGENIERIA ELECTRONICA, TELECOMUNICACIONES Y AFINES
 ,O, NBC:   INGENIERIA INDUSTRIAL Y AFINES
 ,O, NBC:   INGENIERIA MECANICA Y AFINES
 ,O, NBC:   INGENIERIA QUIMICA Y AFINES
 ,O, NBC:   MATEMATICAS, ESTADISTICA Y AFINES
 ,O, NBC:   PUBLICIDAD Y AFINES
 ,O, NBC:   QUIMICA Y AFINES.

Titulo de postgrado en la modalidad de MAESTRIA en NBC: ARQUITECTURA
 ,O, NBC:   ARTES PLASTICAS, VISUALES Y AFINES
 ,O, NBC:   ARTES REPRESENTATIVAS
 ,O, NBC:   BIOLOGIA, MICROBIOLOGIA Y AFINES
 ,O, NBC:   DISENO
 ,O, NBC:   FISICA
 ,O, NBC:   INGENIERIA AGROINDUSTRIAL, ALIMENTOS Y AFINES
 ,O, NBC:   INGENIERIA AGRONOMICA, PECUARIA Y AFINES
 ,O, NBC:   INGENIERIA AMBIENTAL, SANITARIA Y AFINES
 ,O, NBC:   INGENIERIA BIOMEDICA Y AFINES
 ,O, NBC:   INGENIERIA DE SISTEMAS, TELEMATICA Y AFINES
 ,O, NBC:   INGENIERIA ELECTRICA Y AFINES
 ,O, NBC:   INGENIERIA ELECTRONICA, TELECOMUNICACIONES Y AFINES
 ,O, NBC:   INGENIERIA INDUSTRIAL Y AFINES
 ,O, NBC:   INGENIERIA MECANICA Y AFINES
 ,O, NBC:   INGENIERIA QUIMICA Y AFINES
 ,O, NBC:   MATEMATICAS, ESTADISTICA Y AFINES
 ,O, NBC:   PUBLICIDAD Y AFINES
 ,O, NBC:   QUIMICA Y AFINES.


,Y, acreditar una (1) certificación, de entre las siguientes opciones: (1) Fortalecimiento de las Capacidades en Marco Lógico; (2) Fortalecimiento de las Capacidades en Propiedad Intelectual para Investigadores; (3) Escritura y Producción Intelectual o Escritura de Artículos Científicos y Tecnológicos; (4) Herramientas y Competencias para la generación de Innovación; (5) Definición de Indicadores y Vigilancia Tecnológica."
Profesional,1,229187,8208795,"Quince(15) meses de experiencia relacionada con implementación de procesos de innovación, o investigación o producción académica, o divulgación científica, o propiedad intelectual, o transferencia tecnológica, o metodologías de evaluación de procesos y seguimiento a proyectos de ciencia, tecnología e innovación","Dependencia: ANTIOQUIA- CENTRO DE SERVICIOS DE SALUD,  Municipio: Medellín, Total vacantes: 1","Título de PROFESIONAL en NBC: INGENIERIA QUIMICA Y AFINES.

Titulo de postgrado en la modalidad de MAESTRIA en NBC: INGENIERIA QUIMICA Y AFINES.


,Y, acreditar una (1) certificación, de entre las siguientes opciones: (1) Fortalecimiento de las Capacidades en Marco Lógico; (2) Fortalecimiento de las Capacidades en Propiedad Intelectual para Investigadores; (3) Escritura y Producción Intelectual o Escritura de Artículos Científicos y Tecnológicos; (4) Herramientas y Competencias para la generación de Innovación; (5) Definición de Indicadores y Vigilancia Tecnológica."
Profesional,1,229188,8208795,"Quince(15) meses de experiencia relacionada con implementación de procesos de innovación, o investigación o producción académica, o divulgación científica, o propiedad intelectual, o transferencia tecnológica, o metodologías de evaluación de procesos y seguimiento a proyectos de ciencia, tecnología e innovación","Dependencia: HUILA- CENTRO DE GESTION Y DESARROLLO SOSTENIBLE SURCOLOMBIANO,  Municipio: Pitalito, Total vacantes: 1","Título de PROFESIONAL en NBC: BIOLOGIA, MICROBIOLOGIA Y AFINES
 ,O, NBC:   INGENIERIA AGRONOMICA, PECUARIA Y AFINES.

Titulo de postgrado en la modalidad de MAESTRIA en NBC: BIOLOGIA, MICROBIOLOGIA Y AFINES
 ,O, NBC:   INGENIERIA AGRONOMICA, PECUARIA Y AFINES.


,Y, acreditar una (1) certificación, de entre las siguientes opciones: (1) Fortalecimiento de las Capacidades en Marco Lógico; (2) Fortalecimiento de las Capacidades en Propiedad Intelectual para Investigadores; (3) Escritura y Producción Intelectual o Escritura de Artículos Científicos y Tecnológicos; (4) Herramientas y Competencias para la generación de Innovación; (5) Definición de Indicadores y Vigilancia Tecnológica."
Profesional,1,229189,8208795,"Quince(15) meses de experiencia relacionada con implementación de procesos de innovación, o investigación o producción académica, o divulgación científica, o propiedad intelectual, o transferencia tecnológica, o metodologías de evaluación de procesos y seguimiento a proyectos de ciencia, tecnología e innovación","Dependencia: TOLIMA-CENTRO DE INDUSTRIA Y CONSTRUCCIÓN,  Municipio: Ibagué, Total vacantes: 1","Título de PROFESIONAL en NBC: ARQUITECTURA
 ,O, NBC:   ARTES PLASTICAS, VISUALES Y AFINES
 ,O, NBC:   ARTES REPRESENTATIVAS
 ,O, NBC:   BIOLOGIA, MICROBIOLOGIA Y AFINES
 ,O, NBC:   DISENO
 ,O, NBC:   FISICA
 ,O, NBC:   INGENIERIA AGROINDUSTRIAL, ALIMENTOS Y AFINES
 ,O, NBC:   INGENIERIA AMBIENTAL, SANITARIA Y AFINES
 ,O, NBC:   INGENIERIA BIOMEDICA Y AFINES
 ,O, NBC:   INGENIERIA DE SISTEMAS, TELEMATICA Y AFINES
 ,O, NBC:   INGENIERIA ELECTRICA Y AFINES
 ,O, NBC:   INGENIERIA ELECTRONICA, TELECOMUNICACIONES Y AFINES
 ,O, NBC:   INGENIERIA INDUSTRIAL Y AFINES
 ,O, NBC:   INGENIERIA MECANICA Y AFINES
 ,O, NBC:   INGENIERIA QUIMICA Y AFINES
 ,O, NBC:   MATEMATICAS, ESTADISTICA Y AFINES
 ,O, NBC:   MEDICINA VETERINARIA
 ,O, NBC:   PUBLICIDAD Y AFINES
 ,O, NBC:   QUIMICA Y AFINES.

Titulo de postgrado en la modalidad de MAESTRIA en NBC: ARQUITECTURA
 ,O, NBC:   ARTES PLASTICAS, VISUALES Y AFINES
 ,O, NBC:   ARTES REPRESENTATIVAS
 ,O, NBC:   BIOLOGIA, MICROBIOLOGIA Y AFINES
 ,O, NBC:   DISENO
 ,O, NBC:   FISICA
 ,O, NBC:   INGENIERIA AGROINDUSTRIAL, ALIMENTOS Y AFINES
 ,O, NBC:   INGENIERIA AMBIENTAL, SANITARIA Y AFINES
 ,O, NBC:   INGENIERIA BIOMEDICA Y AFINES
 ,O, NBC:   INGENIERIA DE SISTEMAS, TELEMATICA Y AFINES
 ,O, NBC:   INGENIERIA ELECTRICA Y AFINES
 ,O, NBC:   INGENIERIA ELECTRONICA, TELECOMUNICACIONES Y AFINES
 ,O, NBC:   INGENIERIA INDUSTRIAL Y AFINES
 ,O, NBC:   INGENIERIA MECANICA Y AFINES
 ,O, NBC:   INGENIERIA QUIMICA Y AFINES
 ,O, NBC:   MATEMATICAS, ESTADISTICA Y AFINES
 ,O, NBC:   MEDICINA VETERINARIA
 ,O, NBC:   PUBLICIDAD Y AFINES
 ,O, NBC:   QUIMICA Y AFINES.


,Y, acreditar una (1) certificación, de entre las siguientes opciones: (1) Fortalecimiento de las Capacidades en Marco Lógico; (2) Fortalecimiento de las Capacidades en Propiedad Intelectual para Investigadores; (3) Escritura y Producción Intelectual o Escritura de Artículos Científicos y Tecnológicos; (4) Herramientas y Competencias para la generación de Innovación; (5) Definición de Indicadores y Vigilancia Tecnológica."
Profesional,1,229190,8208795,"Quince(15) meses de experiencia relacionada con implementación de procesos de innovación, o investigación o producción académica, o divulgación científica, o propiedad intelectual, o transferencia tecnológica, o metodologías de evaluación de procesos y seguimiento a proyectos de ciencia, tecnología e innovación","Dependencia: RISARALDA-CENTRO DE COMERCIO Y SERVICIOS,  Municipio: Pereira, Total vacantes: 1","Título de PROFESIONAL en NBC: ADMINISTRACION
 ,O, NBC:   ARQUITECTURA
 ,O, NBC:   ARTES PLASTICAS, VISUALES Y AFINES
 ,O, NBC:   ARTES REPRESENTATIVAS
 ,O, NBC:   BIOLOGIA, MICROBIOLOGIA Y AFINES
 ,O, NBC:   DISENO
 ,O, NBC:   ECONOMIA
 ,O, NBC:   EDUCACION
 ,O, NBC:   FISICA
 ,O, NBC:   INGENIERIA AGROINDUSTRIAL, ALIMENTOS Y AFINES
 ,O, NBC:   INGENIERIA AMBIENTAL, SANITARIA Y AFINES
 ,O, NBC:   INGENIERIA BIOMEDICA Y AFINES
 ,O, NBC:   INGENIERIA DE SISTEMAS, TELEMATICA Y AFINES
 ,O, NBC:   INGENIERIA ELECTRICA Y AFINES
 ,O, NBC:   INGENIERIA ELECTRONICA, TELECOMUNICACIONES Y AFINES
 ,O, NBC:   INGENIERIA INDUSTRIAL Y AFINES
 ,O, NBC:   INGENIERIA MECANICA Y AFINES
 ,O, NBC:   INGENIERIA QUIMICA Y AFINES
 ,O, NBC:   MATEMATICAS, ESTADISTICA Y AFINES
 ,O, NBC:   PUBLICIDAD Y AFINES
 ,O, NBC:   QUIMICA Y AFINES.

Titulo de postgrado en la modalidad de MAESTRIA en NBC: ADMINISTRACION
 ,O, NBC:   ARQUITECTURA
 ,O, NBC:   ARTES PLASTICAS, VISUALES Y AFINES
 ,O, NBC:   ARTES REPRESENTATIVAS
 ,O, NBC:   BIOLOGIA, MICROBIOLOGIA Y AFINES
 ,O, NBC:   DISENO
 ,O, NBC:   ECONOMIA
 ,O, NBC:   EDUCACION
 ,O, NBC:   FISICA
 ,O, NBC:   INGENIERIA AGROINDUSTRIAL, ALIMENTOS Y AFINES
 ,O, NBC:   INGENIERIA AMBIENTAL, SANITARIA Y AFINES
 ,O, NBC:   INGENIERIA BIOMEDICA Y AFINES
 ,O, NBC:   INGENIERIA DE SISTEMAS, TELEMATICA Y AFINES
 ,O, NBC:   INGENIERIA ELECTRICA Y AFINES
 ,O, NBC:   INGENIERIA ELECTRONICA, TELECOMUNICACIONES Y AFINES
 ,O, NBC:   INGENIERIA INDUSTRIAL Y AFINES
 ,O, NBC:   INGENIERIA MECANICA Y AFINES
 ,O, NBC:   INGENIERIA QUIMICA Y AFINES
 ,O, NBC:   MATEMATICAS, ESTADISTICA Y AFINES
 ,O, NBC:   PUBLICIDAD Y AFINES
 ,O, NBC:   QUIMICA Y AFINES.


,Y, acreditar una (1) certificación, de entre las siguientes opciones: (1) Fortalecimiento de las Capacidades en Marco Lógico; (2) Fortalecimiento de las Capacidades en Propiedad Intelectual para Investigadores; (3) Escritura y Producción Intelectual o Escritura de Artículos Científicos y Tecnológicos; (4) Herramientas y Competencias para la generación de Innovación; (5) Definición de Indicadores y Vigilancia Tecnológica."
Instructor,2,229191,4065092,"Seis(6) meses de EXPERIENCIA DOCENTE, 
 Y, Seis(6) meses de experiencia relacionada con la participación en grupos de investigación registrados en COLCIENCIAS y en la gestión de semilleros de investigación desarrollando proyectos en una de las líneas de investigación avaladas institucionalmente por el SENA y en labores de Formación Profesional","Dependencia: ANTIOQUIA-CENTRO TECNOLÓGICO DEL MOBILIARIO,  Municipio: Itagüí, Total vacantes: 2","Título de MAESTRIA en NBC: ARQUITECTURA
 ,O, NBC:   ARTES PLASTICAS, VISUALES Y AFINES
 ,O, NBC:   ARTES REPRESENTATIVAS
 ,O, NBC:   BIOLOGIA, MICROBIOLOGIA Y AFINES
 ,O, NBC:   DISENO
 ,O, NBC:   EDUCACION
 ,O, NBC:   OTRAS INGENIERIAS
 ,O, NBC:   PUBLICIDAD Y AFINES
 ,Y, Título de PROFESIONAL en NBC: ARQUITECTURA
 ,O, NBC:   ARTES PLASTICAS, VISUALES Y AFINES
 ,O, NBC:   ARTES REPRESENTATIVAS
 ,O, NBC:   BIOLOGIA, MICROBIOLOGIA Y AFINES
 ,O, NBC:   DISENO
 ,O, NBC:   EDUCACION
 ,O, NBC:   OTRAS INGENIERIAS
 ,O, NBC:   PUBLICIDAD Y AFINES."
Instructor,2,229192,4065092,"Seis(6) meses de experiencia relacionada con la participación en grupos de investigación registrados en COLCIENCIAS y en la gestión de semilleros de investigación desarrollando proyectos en una de las líneas de investigación avaladas institucionalmente por el SENA y en labores de Formación Profesional, 
 Y, Seis(6) meses de EXPERIENCIA DOCENTE","Dependencia: SANTANDER- CENTRO DE ATENCION AL SECTOR AGROPECUARIO,  Municipio: Piedecuesta, Total vacantes: 2","Título de MAESTRIA en NBC: ADMINISTRACION
 ,O, NBC:   EDUCACION
 ,O, NBC:   INGENIERIA AGRICOLA, FORESTAL Y AFINES
 ,O, NBC:   INGENIERIA AGROINDUSTRIAL, ALIMENTOS Y AFINES
 ,O, NBC:   INGENIERIA DE SISTEMAS, TELEMATICA Y AFINES
 ,O, NBC:   INGENIERIA INDUSTRIAL Y AFINES
 ,O, NBC:   INGENIERIA QUIMICA Y AFINES
 ,O, NBC:   OTRAS INGENIERIAS
 ,Y, Título de PROFESIONAL en NBC: ADMINISTRACION
 ,O, NBC:   EDUCACION
 ,O, NBC:   INGENIERIA AGRICOLA, FORESTAL Y AFINES
 ,O, NBC:   INGENIERIA AGROINDUSTRIAL, ALIMENTOS Y AFINES
 ,O, NBC:   INGENIERIA DE SISTEMAS, TELEMATICA Y AFINES
 ,O, NBC:   INGENIERIA INDUSTRIAL Y AFINES
 ,O, NBC:   INGENIERIA QUIMICA Y AFINES
 ,O, NBC:   OTRAS INGENIERIAS."
Instructor,2,229193,4065092,"Seis(6) meses de experiencia relacionada con la participación en grupos de investigación registrados en COLCIENCIAS y en la gestión de semilleros de investigación desarrollando proyectos en una de las líneas de investigación avaladas institucionalmente por el SENA y en labores de Formación Profesional, 
 Y, Seis(6) meses de EXPERIENCIA DOCENTE","Dependencia: ANTIOQUIA- CENTRO DE COMERCIO,  Municipio: Medellín, Total vacantes: 2","Título de MAESTRIA en NBC: ADMINISTRACION
 ,O, NBC:   EDUCACION
 ,O, NBC:   INGENIERIA AGRICOLA, FORESTAL Y AFINES
 ,O, NBC:   INGENIERIA DE SISTEMAS, TELEMATICA Y AFINES
 ,O, NBC:   OTRAS INGENIERIAS
 ,Y, Título de PROFESIONAL en NBC: ADMINISTRACION
 ,O, NBC:   EDUCACION
 ,O, NBC:   INGENIERIA AGRICOLA, FORESTAL Y AFINES
 ,O, NBC:   INGENIERIA DE SISTEMAS, TELEMATICA Y AFINES
 ,O, NBC:   OTRAS INGENIERIAS."
Instructor,5,229194,4065092,"Seis(6) meses de experiencia relacionada con la participación en grupos de investigación registrados en COLCIENCIAS y en la gestión de semilleros de investigación desarrollando proyectos en una de las líneas de investigación avaladas institucionalmente por el SENA y en labores de Formación Profesional, 
 Y, Seis(6) meses de EXPERIENCIA DOCENTE","Dependencia: ANTIOQUIA- COMPLEJO TECNOLOGICO AGROINDUSTRIAL, PECUARIO Y TURISTICO,  Municipio: Apartadó, Total vacantes: 3","Título de MAESTRIA en NBC: ADMINISTRACION
 ,O, NBC:   BIOLOGIA, MICROBIOLOGIA Y AFINES
 ,O, NBC:   EDUCACION
 ,O, NBC:   INGENIERIA AGRONOMICA, PECUARIA Y AFINES
 ,O, NBC:   INGENIERIA DE SISTEMAS, TELEMATICA Y AFINES
 ,O, NBC:   OTRAS INGENIERIAS
 ,Y, Título de PROFESIONAL en NBC: ADMINISTRACION
 ,O, NBC:   BIOLOGIA, MICROBIOLOGIA Y AFINES
 ,O, NBC:   EDUCACION
 ,O, NBC:   INGENIERIA AGRONOMICA, PECUARIA Y AFINES
 ,O, NBC:   INGENIERIA DE SISTEMAS, TELEMATICA Y AFINES
 ,O, NBC:   OTRAS INGENIERIAS."
Instructor,1,229195,4065092,"Seis(6) meses de experiencia relacionada con la participación en grupos de investigación registrados en COLCIENCIAS y en la gestión de semilleros de investigación desarrollando proyectos en una de las líneas de investigación avaladas institucionalmente por el SENA y en labores de Formación Profesional, 
 Y, Seis(6) meses de EXPERIENCIA DOCENTE","Dependencia: VALLE-CENTRO NÁUTICO PESQUERO DE BUENAVENTURA,  Municipio: Buenaventura, Total vacantes: 1","Título de MAESTRIA en NBC: ADMINISTRACION
 ,O, NBC:   BIOLOGIA, MICROBIOLOGIA Y AFINES
 ,O, NBC:   EDUCACION
 ,O, NBC:   INGENIERIA INDUSTRIAL Y AFINES
 ,O, NBC:   INGENIERIA QUIMICA Y AFINES
 ,O, NBC:   OTRAS INGENIERIAS
 ,Y, Título de PROFESIONAL en NBC: ADMINISTRACION
 ,O, NBC:   BIOLOGIA, MICROBIOLOGIA Y AFINES
 ,O, NBC:   EDUCACION
 ,O, NBC:   INGENIERIA INDUSTRIAL Y AFINES
 ,O, NBC:   INGENIERIA QUIMICA Y AFINES
 ,O, NBC:   OTRAS INGENIERIAS."
Instructor,2,229196,4065092,"Seis(6) meses de experiencia relacionada con la participación en grupos de investigación registrados en COLCIENCIAS y en la gestión de semilleros de investigación desarrollando proyectos en una de las líneas de investigación avaladas institucionalmente por el SENA y en labores de Formación Profesional, 
 Y, Seis(6) meses de EXPERIENCIA DOCENTE","Dependencia: GUAJIRA-CENTRO INDUSTRIAL Y DE ENERGÍAS ALTERNATIVAS,  Municipio: Riohacha, Total vacantes: 2","Título de MAESTRIA en NBC: ADMINISTRACION
 ,O, NBC:   CONTADURIA PUBLICA
 ,O, NBC:   EDUCACION
 ,O, NBC:   INGENIERIA DE SISTEMAS, TELEMATICA Y AFINES
 ,O, NBC:   INGENIERIA ELECTRONICA, TELECOMUNICACIONES Y AFINES
 ,O, NBC:   INGENIERIA INDUSTRIAL Y AFINES
 ,O, NBC:   INGENIERIA MECANICA Y AFINES
 ,O, NBC:   OTRAS INGENIERIAS
 ,Y, Título de PROFESIONAL en NBC: ADMINISTRACION
 ,O, NBC:   CONTADURIA PUBLICA
 ,O, NBC:   EDUCACION
 ,O, NBC:   INGENIERIA DE SISTEMAS, TELEMATICA Y AFINES
 ,O, NBC:   INGENIERIA ELECTRONICA, TELECOMUNICACIONES Y AFINES
 ,O, NBC:   INGENIERIA INDUSTRIAL Y AFINES
 ,O, NBC:   INGENIERIA MECANICA Y AFINES
 ,O, NBC:   OTRAS INGENIERIAS."
Instructor,2,229197,4065092,"Seis(6) meses de experiencia relacionada con la participación en grupos de investigación registrados en COLCIENCIAS y en la gestión de semilleros de investigación desarrollando proyectos en una de las líneas de investigación avaladas institucionalmente por el SENA y en labores de Formación Profesional, 
 Y, Seis(6) meses de EXPERIENCIA DOCENTE","Dependencia: NARIÑO-CENTRO INTERNACIONAL DE PRODUCCIÓN LIMPIA - LOPE,  Municipio: Pasto, Total vacantes: 2","Título de MAESTRIA en NBC: ADMINISTRACION
 ,O, NBC:   ECONOMIA
 ,O, NBC:   EDUCACION
 ,O, NBC:   INGENIERIA AGRICOLA, FORESTAL Y AFINES
 ,O, NBC:   INGENIERIA DE SISTEMAS, TELEMATICA Y AFINES
 ,O, NBC:   INGENIERIA ELECTRONICA, TELECOMUNICACIONES Y AFINES
 ,O, NBC:   INGENIERIA INDUSTRIAL Y AFINES
 ,O, NBC:   INGENIERIA MECANICA Y AFINES
 ,O, NBC:   OTRAS INGENIERIAS
 ,Y, Título de PROFESIONAL en NBC: ADMINISTRACION
 ,O, NBC:   ECONOMIA
 ,O, NBC:   EDUCACION
 ,O, NBC:   INGENIERIA AGRICOLA, FORESTAL Y AFINES
 ,O, NBC:   INGENIERIA DE SISTEMAS, TELEMATICA Y AFINES
 ,O, NBC:   INGENIERIA ELECTRONICA, TELECOMUNICACIONES Y AFINES
 ,O, NBC:   INGENIERIA INDUSTRIAL Y AFINES
 ,O, NBC:   INGENIERIA MECANICA Y AFINES
 ,O, NBC:   OTRAS INGENIERIAS."
Instructor,2,229198,4065092,"Seis(6) meses de EXPERIENCIA DOCENTE, 
 Y, Seis(6) meses de experiencia relacionada con la participación en grupos de investigación registrados en COLCIENCIAS y en la gestión de semilleros de investigación desarrollando proyectos en una de las líneas de investigación avaladas institucionalmente por el SENA y en labores de Formación Profesional","Dependencia: MAGDALENA-CENTRO DE LOGISTICA Y PROMOCION ECOTURISTICA DEL MAGDALENA,  Municipio: Santa Marta, Total vacantes: 2","Título de MAESTRIA en NBC: ADMINISTRACION
 ,O, NBC:   EDUCACION
 ,O, NBC:   INGENIERIA DE SISTEMAS, TELEMATICA Y AFINES
 ,O, NBC:   OTRAS INGENIERIAS
 ,Y, Título de PROFESIONAL en NBC: ADMINISTRACION
 ,O, NBC:   EDUCACION
 ,O, NBC:   INGENIERIA DE SISTEMAS, TELEMATICA Y AFINES
 ,O, NBC:   OTRAS INGENIERIAS."
Instructor,2,229199,4065092,"Seis(6) meses de EXPERIENCIA DOCENTE, 
 Y, Seis(6) meses de experiencia relacionada con la participación en grupos de investigación registrados en COLCIENCIAS y en la gestión de semilleros de investigación desarrollando proyectos en una de las líneas de investigación avaladas institucionalmente por el SENA y en labores de Formación Profesional","Dependencia: SANTANDER-CENTRO DE GESTIÓN AGROEMPRESARIAL DEL ORIENTE,  Municipio: Vélez, Total vacantes: 2","Título de MAESTRIA en NBC: BIOLOGIA, MICROBIOLOGIA Y AFINES
 ,O, NBC:   EDUCACION
 ,O, NBC:   MEDICINA VETERINARIA
 ,O, NBC:   OTRAS INGENIERIAS
 ,Y, Título de PROFESIONAL en NBC: BIOLOGIA, MICROBIOLOGIA Y AFINES
 ,O, NBC:   EDUCACION
 ,O, NBC:   MEDICINA VETERINARIA
 ,O, NBC:   OTRAS INGENIERIAS."
Instructor,1,229200,4065092,"Seis(6) meses de EXPERIENCIA DOCENTE, 
 Y, Seis(6) meses de experiencia relacionada con la participación en grupos de investigación registrados en COLCIENCIAS y en la gestión de semilleros de investigación desarrollando proyectos en una de las líneas de investigación avaladas institucionalmente por el SENA y en labores de Formación Profesional","Dependencia: CUNDINAMARCA- CENTRO DE DESARROLLO AGROEMPRESARIAL,  Municipio: Chía, Total vacantes: 1","Título de MAESTRIA en NBC: ARTES PLASTICAS, VISUALES Y AFINES
 ,O, NBC:   DISENO
 ,O, NBC:   EDUCACION
 ,O, NBC:   INGENIERIA AGROINDUSTRIAL, ALIMENTOS Y AFINES
 ,O, NBC:   INGENIERIA AGRONOMICA, PECUARIA Y AFINES
 ,O, NBC:   OTRAS INGENIERIAS
 ,O, NBC:   ZOOTECNIA
 ,Y, Título de PROFESIONAL en NBC: ARTES PLASTICAS, VISUALES Y AFINES
 ,O, NBC:   DISENO
 ,O, NBC:   EDUCACION
 ,O, NBC:   INGENIERIA AGROINDUSTRIAL, ALIMENTOS Y AFINES
 ,O, NBC:   INGENIERIA AGRONOMICA, PECUARIA Y AFINES
 ,O, NBC:   OTRAS INGENIERIAS
 ,O, NBC:   ZOOTECNIA."
Instructor,2,229201,4065092,"Seis(6) meses de EXPERIENCIA DOCENTE, 
 Y, Seis(6) meses de experiencia relacionada con la participación en grupos de investigación registrados en COLCIENCIAS y en la gestión de semilleros de investigación desarrollando proyectos en una de las líneas de investigación avaladas institucionalmente por el SENA y en labores de Formación Profesional","Dependencia: SANTANDER-CENTRO AGROEMPRESARIAL Y TURÍSTICO DE LOS ANDES,  Municipio: Málaga, Total vacantes: 2","Título de MAESTRIA en NBC: ADMINISTRACION
 ,O, NBC:   EDUCACION
 ,O, NBC:   INGENIERIA AGRONOMICA, PECUARIA Y AFINES
 ,O, NBC:   INGENIERIA DE SISTEMAS, TELEMATICA Y AFINES
 ,O, NBC:   INGENIERIA INDUSTRIAL Y AFINES
 ,O, NBC:   MEDICINA VETERINARIA
 ,O, NBC:   OTRAS INGENIERIAS
 ,Y, Título de PROFESIONAL en NBC: ADMINISTRACION
 ,O, NBC:   EDUCACION
 ,O, NBC:   INGENIERIA AGRONOMICA, PECUARIA Y AFINES
 ,O, NBC:   INGENIERIA DE SISTEMAS, TELEMATICA Y AFINES
 ,O, NBC:   INGENIERIA INDUSTRIAL Y AFINES
 ,O, NBC:   MEDICINA VETERINARIA
 ,O, NBC:   OTRAS INGENIERIAS."
Instructor,1,229202,4065092,"Seis(6) meses de EXPERIENCIA DOCENTE, 
 Y, Seis(6) meses de experiencia relacionada con la participación en grupos de investigación registrados en COLCIENCIAS y en la gestión de semilleros de investigación desarrollando proyectos en una de las líneas de investigación avaladas institucionalmente por el SENA y en labores de Formación Profesional","Dependencia: DISTRITO CAPITAL- CENTRO PARA LA INDUSTRIA DE LA COMUNICACION GRAFICA,  Municipio: Bogotá D.C., Total vacantes: 1","Título de MAESTRIA en NBC: ARTES PLASTICAS, VISUALES Y AFINES
 ,O, NBC:   ARTES REPRESENTATIVAS
 ,O, NBC:   DISENO
 ,O, NBC:   EDUCACION
 ,O, NBC:   OTRAS INGENIERIAS
 ,O, NBC:   OTROS PROGRAMAS ASOCIADOS A BELLAS ARTES
 ,O, NBC:   PUBLICIDAD Y AFINES
 ,Y, Título de PROFESIONAL en NBC: ARTES PLASTICAS, VISUALES Y AFINES
 ,O, NBC:   ARTES REPRESENTATIVAS
 ,O, NBC:   DISENO
 ,O, NBC:   EDUCACION
 ,O, NBC:   OTRAS INGENIERIAS
 ,O, NBC:   OTROS PROGRAMAS ASOCIADOS A BELLAS ARTES
 ,O, NBC:   PUBLICIDAD Y AFINES."
Instructor,6,229203,4065092,"Seis(6) meses de EXPERIENCIA DOCENTE, 
 Y, Seis(6) meses de experiencia relacionada con la participación en grupos de investigación registrados en COLCIENCIAS y en la gestión de semilleros de investigación desarrollando proyectos en una de las líneas de investigación avaladas institucionalmente por el SENA y en labores de Formación Profesional","Dependencia: ANTIOQUIA- CENTRO PARA EL DESARROLLO DEL HABITAT Y LA CONSTRUCCION,  Municipio: Medellín, Total vacantes: 6","Título de MAESTRIA en NBC: ADMINISTRACION
 ,O, NBC:   ARQUITECTURA
 ,O, NBC:   ARTES PLASTICAS, VISUALES Y AFINES
 ,O, NBC:   ARTES REPRESENTATIVAS
 ,O, NBC:   BIOLOGIA, MICROBIOLOGIA Y AFINES
 ,O, NBC:   DISENO
 ,O, NBC:   EDUCACION
 ,O, NBC:   FISICA
 ,O, NBC:   INGENIERIA AGROINDUSTRIAL, ALIMENTOS Y AFINES
 ,O, NBC:   INGENIERIA AMBIENTAL, SANITARIA Y AFINES
 ,O, NBC:   INGENIERIA BIOMEDICA Y AFINES
 ,O, NBC:   INGENIERIA CIVIL Y AFINES
 ,O, NBC:   INGENIERIA DE SISTEMAS, TELEMATICA Y AFINES
 ,O, NBC:   INGENIERIA ELECTRICA Y AFINES
 ,O, NBC:   INGENIERIA ELECTRONICA, TELECOMUNICACIONES Y AFINES
 ,O, NBC:   INGENIERIA INDUSTRIAL Y AFINES
 ,O, NBC:   INGENIERIA MECANICA Y AFINES
 ,O, NBC:   INGENIERIA QUIMICA Y AFINES
 ,O, NBC:   MATEMATICAS, ESTADISTICA Y AFINES
 ,O, NBC:   OTRAS INGENIERIAS
 ,O, NBC:   PUBLICIDAD Y AFINES
 ,O, NBC:   QUIMICA Y AFINES
 ,Y, Título de PROFESIONAL en NBC: ADMINISTRACION
 ,O, NBC:   ARQUITECTURA
 ,O, NBC:   ARTES PLASTICAS, VISUALES Y AFINES
 ,O, NBC:   ARTES REPRESENTATIVAS
 ,O, NBC:   BIOLOGIA, MICROBIOLOGIA Y AFINES
 ,O, NBC:   DISENO
 ,O, NBC:   EDUCACION
 ,O, NBC:   FISICA
 ,O, NBC:   INGENIERIA AGROINDUSTRIAL, ALIMENTOS Y AFINES
 ,O, NBC:   INGENIERIA AMBIENTAL, SANITARIA Y AFINES
 ,O, NBC:   INGENIERIA BIOMEDICA Y AFINES
 ,O, NBC:   INGENIERIA CIVIL Y AFINES
 ,O, NBC:   INGENIERIA DE SISTEMAS, TELEMATICA Y AFINES
 ,O, NBC:   INGENIERIA ELECTRICA Y AFINES
 ,O, NBC:   INGENIERIA ELECTRONICA, TELECOMUNICACIONES Y AFINES
 ,O, NBC:   INGENIERIA INDUSTRIAL Y AFINES
 ,O, NBC:   INGENIERIA MECANICA Y AFINES
 ,O, NBC:   INGENIERIA QUIMICA Y AFINES
 ,O, NBC:   MATEMATICAS, ESTADISTICA Y AFINES
 ,O, NBC:   OTRAS INGENIERIAS
 ,O, NBC:   PUBLICIDAD Y AFINES
 ,O, NBC:   QUIMICA Y AFINES."
Instructor,2,229204,4065092,"Seis(6) meses de EXPERIENCIA DOCENTE, 
 Y, Seis(6) meses de experiencia relacionada con la participación en grupos de investigación registrados en COLCIENCIAS y en la gestión de semilleros de investigación desarrollando proyectos en una de las líneas de investigación avaladas institucionalmente por el SENA y en labores de Formación Profesional","Dependencia: CORDOBA- CENTRO DE COMERCIO  INDUSTRIA Y TURISMO DE CORDOBA,  Municipio: Montería, Total vacantes: 2","Título de MAESTRIA en NBC: ARQUITECTURA
 ,O, NBC:   EDUCACION
 ,O, NBC:   INGENIERIA AGROINDUSTRIAL, ALIMENTOS Y AFINES
 ,O, NBC:   INGENIERIA QUIMICA Y AFINES
 ,O, NBC:   OTRAS INGENIERIAS
 ,Y, Título de PROFESIONAL en NBC: ARQUITECTURA
 ,O, NBC:   EDUCACION
 ,O, NBC:   INGENIERIA AGROINDUSTRIAL, ALIMENTOS Y AFINES
 ,O, NBC:   INGENIERIA QUIMICA Y AFINES
 ,O, NBC:   OTRAS INGENIERIAS."
Instructor,1,229205,4065092,"Seis(6) meses de EXPERIENCIA DOCENTE, 
 Y, Seis(6) meses de experiencia relacionada con la participación en grupos de investigación registrados en COLCIENCIAS y en la gestión de semilleros de investigación desarrollando proyectos en una de las líneas de investigación avaladas institucionalmente por el SENA y en labores de Formación Profesional","Dependencia: DISTRITO CAPITAL-CENTRO FORMACIÓN DE TALENTO HUMANO EN SALUD,  Municipio: Bogotá D.C., Total vacantes: 1","Título de MAESTRIA en NBC: EDUCACION
 ,O, NBC:   INGENIERIA MECANICA Y AFINES
 ,O, NBC:   OTRAS INGENIERIAS
 ,O, NBC:   TERAPIAS
 ,Y, Título de PROFESIONAL en NBC: EDUCACION
 ,O, NBC:   INGENIERIA MECANICA Y AFINES
 ,O, NBC:   OTRAS INGENIERIAS
 ,O, NBC:   TERAPIAS."
Instructor,2,229207,4065092,"Seis(6) meses de EXPERIENCIA DOCENTE, 
 Y, Seis(6) meses de experiencia relacionada con la participación en grupos de investigación registrados en COLCIENCIAS y en la gestión de semilleros de investigación desarrollando proyectos en una de las líneas de investigación avaladas institucionalmente por el SENA y en labores de Formación Profesional","Dependencia: GUAVIARE- CENTRO DE DESARROLLO AGROINDUSTRIAL, TURISTICO Y TECNOLOGICO DEL GUAVIARE,  Municipio: San José Del Guaviare, Total vacantes: 2","Título de MAESTRIA en NBC: ARQUITECTURA
 ,O, NBC:   EDUCACION
 ,O, NBC:   GEOLOGIA, OTROS PROGRAMAS DE CIENCIAS NATURALES
 ,O, NBC:   INGENIERIA AGRICOLA, FORESTAL Y AFINES
 ,O, NBC:   INGENIERIA AGRONOMICA, PECUARIA Y AFINES
 ,O, NBC:   INGENIERIA DE SISTEMAS, TELEMATICA Y AFINES
 ,O, NBC:   INGENIERIA INDUSTRIAL Y AFINES
 ,O, NBC:   OTRAS INGENIERIAS
 ,Y, Título de PROFESIONAL en NBC: ARQUITECTURA
 ,O, NBC:   EDUCACION
 ,O, NBC:   GEOLOGIA, OTROS PROGRAMAS DE CIENCIAS NATURALES
 ,O, NBC:   INGENIERIA AGRICOLA, FORESTAL Y AFINES
 ,O, NBC:   INGENIERIA AGRONOMICA, PECUARIA Y AFINES
 ,O, NBC:   INGENIERIA DE SISTEMAS, TELEMATICA Y AFINES
 ,O, NBC:   INGENIERIA INDUSTRIAL Y AFINES
 ,O, NBC:   OTRAS INGENIERIAS."
Instructor,2,229208,4065092,"Seis(6) meses de EXPERIENCIA DOCENTE, 
 Y, Seis(6) meses de experiencia relacionada con la participación en grupos de investigación registrados en COLCIENCIAS y en la gestión de semilleros de investigación desarrollando proyectos en una de las líneas de investigación avaladas institucionalmente por el SENA y en labores de Formación Profesional","Dependencia: DISTRITO CAPITAL- CENTRO DE FORMACION EN ACTIVIDAD FISICA Y CULTURA,  Municipio: Bogotá D.C., Total vacantes: 2","Título de MAESTRIA en NBC: DEPORTES, EDUCACION FISICA Y RECREACION
 ,O, NBC:   EDUCACION
 ,O, NBC:   OTRAS INGENIERIAS
 ,Y, Título de PROFESIONAL en NBC: DEPORTES, EDUCACION FISICA Y RECREACION
 ,O, NBC:   EDUCACION
 ,O, NBC:   OTRAS INGENIERIAS."
Instructor,23,229209,4065092,"Seis(6) meses de EXPERIENCIA DOCENTE, 
 Y, Seis(6) meses de experiencia relacionada con la participación en grupos de investigación registrados en COLCIENCIAS y en la gestión de semilleros de investigación desarrollando proyectos en una de las líneas de investigación avaladas institucionalmente por el SENA y en labores de Formación Profesional","Dependencia: VALLE-CENTRO NACIONAL DE ASISTENCIA TECNICA A LA INDUSTRIA ASTIN,  Municipio: Cali, Total vacantes: 8","Título de MAESTRIA en NBC: ARQUITECTURA
 ,O, NBC:   ARTES PLASTICAS, VISUALES Y AFINES
 ,O, NBC:   ARTES REPRESENTATIVAS
 ,O, NBC:   BIOLOGIA, MICROBIOLOGIA Y AFINES
 ,O, NBC:   DISENO
 ,O, NBC:   EDUCACION
 ,O, NBC:   FISICA
 ,O, NBC:   INGENIERIA AGROINDUSTRIAL, ALIMENTOS Y AFINES
 ,O, NBC:   INGENIERIA AMBIENTAL, SANITARIA Y AFINES
 ,O, NBC:   INGENIERIA BIOMEDICA Y AFINES
 ,O, NBC:   INGENIERIA DE SISTEMAS, TELEMATICA Y AFINES
 ,O, NBC:   INGENIERIA ELECTRICA Y AFINES
 ,O, NBC:   INGENIERIA ELECTRONICA, TELECOMUNICACIONES Y AFINES
 ,O, NBC:   INGENIERIA INDUSTRIAL Y AFINES
 ,O, NBC:   INGENIERIA MECANICA Y AFINES
 ,O, NBC:   INGENIERIA QUIMICA Y AFINES
 ,O, NBC:   MATEMATICAS, ESTADISTICA Y AFINES
 ,O, NBC:   OTRAS INGENIERIAS
 ,O, NBC:   PUBLICIDAD Y AFINES
 ,O, NBC:   QUIMICA Y AFINES
 ,Y, Título de PROFESIONAL en NBC: ARQUITECTURA
 ,O, NBC:   ARTES PLASTICAS, VISUALES Y AFINES
 ,O, NBC:   ARTES REPRESENTATIVAS
 ,O, NBC:   BIOLOGIA, MICROBIOLOGIA Y AFINES
 ,O, NBC:   DISENO
 ,O, NBC:   EDUCACION
 ,O, NBC:   FISICA
 ,O, NBC:   INGENIERIA AGROINDUSTRIAL, ALIMENTOS Y AFINES
 ,O, NBC:   INGENIERIA AMBIENTAL, SANITARIA Y AFINES
 ,O, NBC:   INGENIERIA BIOMEDICA Y AFINES
 ,O, NBC:   INGENIERIA DE SISTEMAS, TELEMATICA Y AFINES
 ,O, NBC:   INGENIERIA ELECTRICA Y AFINES
 ,O, NBC:   INGENIERIA ELECTRONICA, TELECOMUNICACIONES Y AFINES
 ,O, NBC:   INGENIERIA INDUSTRIAL Y AFINES
 ,O, NBC:   INGENIERIA MECANICA Y AFINES
 ,O, NBC:   INGENIERIA QUIMICA Y AFINES
 ,O, NBC:   MATEMATICAS, ESTADISTICA Y AFINES
 ,O, NBC:   OTRAS INGENIERIAS
 ,O, NBC:   PUBLICIDAD Y AFINES
 ,O, NBC:   QUIMICA Y AFINES."
Instructor,2,229210,4065092,"Seis(6) meses de EXPERIENCIA DOCENTE, 
 Y, Seis(6) meses de experiencia relacionada con la participación en grupos de investigación registrados en COLCIENCIAS y en la gestión de semilleros de investigación desarrollando proyectos en una de las líneas de investigación avaladas institucionalmente por el SENA y en labores de Formación Profesional","Dependencia: DISTRITO CAPITAL CENTRO DE SERVICIOS FINANCIEROS,  Municipio: Bogotá D.C., Total vacantes: 2","Título de MAESTRIA en NBC: ADMINISTRACION
 ,O, NBC:   CONTADURIA PUBLICA
 ,O, NBC:   ECONOMIA
 ,O, NBC:   EDUCACION
 ,O, NBC:   INGENIERIA DE SISTEMAS, TELEMATICA Y AFINES
 ,O, NBC:   OTRAS INGENIERIAS
 ,Y, Título de PROFESIONAL en NBC: ADMINISTRACION
 ,O, NBC:   CONTADURIA PUBLICA
 ,O, NBC:   ECONOMIA
 ,O, NBC:   EDUCACION
 ,O, NBC:   INGENIERIA DE SISTEMAS, TELEMATICA Y AFINES
 ,O, NBC:   OTRAS INGENIERIAS."
Instructor,3,229211,4065092,"Seis(6) meses de EXPERIENCIA DOCENTE, 
 Y, Seis(6) meses de experiencia relacionada con la participación en grupos de investigación registrados en COLCIENCIAS y en la gestión de semilleros de investigación desarrollando proyectos en una de las líneas de investigación avaladas institucionalmente por el SENA y en labores de Formación Profesional","Dependencia: TOLIMA-CENTRO DE COMERCIO Y SERVICIOS,  Municipio: Ibagué, Total vacantes: 2","Título de MAESTRIA en NBC: ADMINISTRACION
 ,O, NBC:   CONTADURIA PUBLICA
 ,O, NBC:   DEPORTES, EDUCACION FISICA Y RECREACION
 ,O, NBC:   ECONOMIA
 ,O, NBC:   EDUCACION
 ,O, NBC:   INGENIERIA ADMINISTRATIVA Y AFINES
 ,O, NBC:   INGENIERIA DE SISTEMAS, TELEMATICA Y AFINES
 ,O, NBC:   INGENIERIA ELECTRONICA, TELECOMUNICACIONES Y AFINES
 ,O, NBC:   INGENIERIA INDUSTRIAL Y AFINES
 ,O, NBC:   OTRAS INGENIERIAS
 ,Y, Título de PROFESIONAL en NBC: ADMINISTRACION
 ,O, NBC:   CONTADURIA PUBLICA
 ,O, NBC:   DEPORTES, EDUCACION FISICA Y RECREACION
 ,O, NBC:   ECONOMIA
 ,O, NBC:   EDUCACION
 ,O, NBC:   INGENIERIA ADMINISTRATIVA Y AFINES
 ,O, NBC:   INGENIERIA DE SISTEMAS, TELEMATICA Y AFINES
 ,O, NBC:   INGENIERIA ELECTRONICA, TELECOMUNICACIONES Y AFINES
 ,O, NBC:   INGENIERIA INDUSTRIAL Y AFINES
 ,O, NBC:   OTRAS INGENIERIAS."
Instructor,3,229212,4065092,"Seis(6) meses de EXPERIENCIA DOCENTE, 
 Y, Seis(6) meses de experiencia relacionada con la participación en grupos de investigación registrados en COLCIENCIAS y en la gestión de semilleros de investigación desarrollando proyectos en una de las líneas de investigación avaladas institucionalmente por el SENA y en labores de Formación Profesional","Dependencia: ATLANTICO- CENTRO DE COMERCIO Y SERVICIOS,  Municipio: Barranquilla, Total vacantes: 3","Título de MAESTRIA en NBC: ADMINISTRACION
 ,O, NBC:   ECONOMIA
 ,O, NBC:   EDUCACION
 ,O, NBC:   INGENIERIA DE SISTEMAS, TELEMATICA Y AFINES
 ,O, NBC:   OTRAS INGENIERIAS
 ,O, NBC:   PSICOLOGIA
 ,Y, Título de PROFESIONAL en NBC: ADMINISTRACION
 ,O, NBC:   ECONOMIA
 ,O, NBC:   EDUCACION
 ,O, NBC:   INGENIERIA DE SISTEMAS, TELEMATICA Y AFINES
 ,O, NBC:   OTRAS INGENIERIAS
 ,O, NBC:   PSICOLOGIA."
Instructor,5,229213,4065092,"Seis(6) meses de EXPERIENCIA DOCENTE, 
 Y, Seis(6) meses de experiencia relacionada con la participación en grupos de investigación registrados en COLCIENCIAS y en la gestión de semilleros de investigación desarrollando proyectos en una de las líneas de investigación avaladas institucionalmente por el SENA y en labores de Formación Profesional","Dependencia: VALLE-CENTRO DE LA CONSTRUCCIÓN,  Municipio: Cali, Total vacantes: 2","Título de MAESTRIA en NBC: ARQUITECTURA
 ,O, NBC:   EDUCACION
 ,O, NBC:   INGENIERIA AGRICOLA, FORESTAL Y AFINES
 ,O, NBC:   INGENIERIA AMBIENTAL, SANITARIA Y AFINES
 ,O, NBC:   INGENIERIA CIVIL Y AFINES
 ,O, NBC:   INGENIERIA DE SISTEMAS, TELEMATICA Y AFINES
 ,O, NBC:   INGENIERIA ELECTRICA Y AFINES
 ,O, NBC:   INGENIERIA ELECTRONICA, TELECOMUNICACIONES Y AFINES
 ,O, NBC:   INGENIERIA INDUSTRIAL Y AFINES
 ,O, NBC:   INGENIERIA MECANICA Y AFINES
 ,O, NBC:   INGENIERIA QUIMICA Y AFINES
 ,O, NBC:   OTRAS INGENIERIAS
 ,Y, Título de PROFESIONAL en NBC: ARQUITECTURA
 ,O, NBC:   EDUCACION
 ,O, NBC:   INGENIERIA AGRICOLA, FORESTAL Y AFINES
 ,O, NBC:   INGENIERIA AMBIENTAL, SANITARIA Y AFINES
 ,O, NBC:   INGENIERIA CIVIL Y AFINES
 ,O, NBC:   INGENIERIA DE SISTEMAS, TELEMATICA Y AFINES
 ,O, NBC:   INGENIERIA ELECTRICA Y AFINES
 ,O, NBC:   INGENIERIA ELECTRONICA, TELECOMUNICACIONES Y AFINES
 ,O, NBC:   INGENIERIA INDUSTRIAL Y AFINES
 ,O, NBC:   INGENIERIA MECANICA Y AFINES
 ,O, NBC:   INGENIERIA QUIMICA Y AFINES
 ,O, NBC:   OTRAS INGENIERIAS."
Instructor,2,229214,4065092,"Seis(6) meses de EXPERIENCIA DOCENTE, 
 Y, Seis(6) meses de experiencia relacionada con la participación en grupos de investigación registrados en COLCIENCIAS y en la gestión de semilleros de investigación desarrollando proyectos en una de las líneas de investigación avaladas institucionalmente por el SENA y en labores de Formación Profesional","Dependencia: BOLIVAR- CENTRO DE COMERCIO Y SERVICIOS,  Municipio: Cartagena De Indias, Total vacantes: 2","Título de MAESTRIA en NBC: ECONOMIA
 ,O, NBC:   EDUCACION
 ,O, NBC:   INGENIERIA AGROINDUSTRIAL, ALIMENTOS Y AFINES
 ,O, NBC:   INGENIERIA AGRONOMICA, PECUARIA Y AFINES
 ,O, NBC:   OTRAS INGENIERIAS
 ,Y, Título de PROFESIONAL en NBC: ECONOMIA
 ,O, NBC:   EDUCACION
 ,O, NBC:   INGENIERIA AGROINDUSTRIAL, ALIMENTOS Y AFINES
 ,O, NBC:   INGENIERIA AGRONOMICA, PECUARIA Y AFINES
 ,O, NBC:   OTRAS INGENIERIAS."
Instructor,2,229215,4065092,"Seis(6) meses de EXPERIENCIA DOCENTE, 
 Y, Seis(6) meses de experiencia relacionada con la participación en grupos de investigación registrados en COLCIENCIAS y en la gestión de semilleros de investigación desarrollando proyectos en una de las líneas de investigación avaladas institucionalmente por el SENA y en labores de Formación Profesional","Dependencia: DISTRITO CAPITAL CENTRO DE GESTIÓN ADMINISTRATIVA,  Municipio: Bogotá D.C., Total vacantes: 2","Título de MAESTRIA en NBC: ADMINISTRACION
 ,O, NBC:   ECONOMIA
 ,O, NBC:   EDUCACION
 ,O, NBC:   INGENIERIA DE SISTEMAS, TELEMATICA Y AFINES
 ,O, NBC:   OTRAS INGENIERIAS
 ,O, NBC:   PSICOLOGIA
 ,Y, Título de PROFESIONAL en NBC: ADMINISTRACION
 ,O, NBC:   ECONOMIA
 ,O, NBC:   EDUCACION
 ,O, NBC:   INGENIERIA DE SISTEMAS, TELEMATICA Y AFINES
 ,O, NBC:   OTRAS INGENIERIAS
 ,O, NBC:   PSICOLOGIA."
Instructor,1,229216,4065092,"Seis(6) meses de EXPERIENCIA DOCENTE, 
 Y, Seis(6) meses de experiencia relacionada con la participación en grupos de investigación registrados en COLCIENCIAS y en la gestión de semilleros de investigación desarrollando proyectos en una de las líneas de investigación avaladas institucionalmente por el SENA y en labores de Formación Profesional","Dependencia: ANTIOQUIA-CENTRO DE FORMACIÓN MINERO AMBIENTAL,  Municipio: El Bagre, Total vacantes: 1","Título de MAESTRIA en NBC: ECONOMIA
 ,O, NBC:   EDUCACION
 ,O, NBC:   INGENIERIA DE MINAS, METALURGIA Y AFINES
 ,O, NBC:   OTRAS INGENIERIAS
 ,Y, Título de PROFESIONAL en NBC: ECONOMIA
 ,O, NBC:   EDUCACION
 ,O, NBC:   INGENIERIA DE MINAS, METALURGIA Y AFINES
 ,O, NBC:   OTRAS INGENIERIAS."
Instructor,2,229217,4065092,"Seis(6) meses de EXPERIENCIA DOCENTE, 
 Y, Seis(6) meses de experiencia relacionada con la participación en grupos de investigación registrados en COLCIENCIAS y en la gestión de semilleros de investigación desarrollando proyectos en una de las líneas de investigación avaladas institucionalmente por el SENA y en labores de Formación Profesional","Dependencia: BOLIVAR- CENTRO PARA LA INDUSTRIA PETROQUIMICA,  Municipio: Cartagena De Indias, Total vacantes: 2","Título de MAESTRIA en NBC: BIOLOGIA, MICROBIOLOGIA Y AFINES
 ,O, NBC:   EDUCACION
 ,O, NBC:   INGENIERIA DE SISTEMAS, TELEMATICA Y AFINES
 ,O, NBC:   INGENIERIA ELECTRICA Y AFINES
 ,O, NBC:   INGENIERIA ELECTRONICA, TELECOMUNICACIONES Y AFINES
 ,O, NBC:   INGENIERIA QUIMICA Y AFINES
 ,O, NBC:   OTRAS INGENIERIAS
 ,Y, Título de PROFESIONAL en NBC: BIOLOGIA, MICROBIOLOGIA Y AFINES
 ,O, NBC:   EDUCACION
 ,O, NBC:   INGENIERIA DE SISTEMAS, TELEMATICA Y AFINES
 ,O, NBC:   INGENIERIA ELECTRICA Y AFINES
 ,O, NBC:   INGENIERIA ELECTRONICA, TELECOMUNICACIONES Y AFINES
 ,O, NBC:   INGENIERIA QUIMICA Y AFINES
 ,O, NBC:   OTRAS INGENIERIAS."
Instructor,2,229218,4065092,"Seis(6) meses de EXPERIENCIA DOCENTE, 
 Y, Seis(6) meses de experiencia relacionada con la participación en grupos de investigación registrados en COLCIENCIAS y en la gestión de semilleros de investigación desarrollando proyectos en una de las líneas de investigación avaladas institucionalmente por el SENA y en labores de Formación Profesional","Dependencia: DISTRITO CAPITAL-CENTRO DE MANUFACTURA EN TEXTIL Y CUERO,  Municipio: Bogotá D.C., Total vacantes: 2","Título de MAESTRIA en NBC: ARTES PLASTICAS, VISUALES Y AFINES
 ,O, NBC:   ARTES REPRESENTATIVAS
 ,O, NBC:   DISENO
 ,O, NBC:   EDUCACION
 ,O, NBC:   INGENIERIA ELECTRICA Y AFINES
 ,O, NBC:   INGENIERIA INDUSTRIAL Y AFINES
 ,O, NBC:   INGENIERIA QUIMICA Y AFINES
 ,O, NBC:   OTRAS INGENIERIAS
 ,O, NBC:   PUBLICIDAD Y AFINES
 ,Y, Título de PROFESIONAL en NBC: ARTES PLASTICAS, VISUALES Y AFINES
 ,O, NBC:   ARTES REPRESENTATIVAS
 ,O, NBC:   DISENO
 ,O, NBC:   EDUCACION
 ,O, NBC:   INGENIERIA ELECTRICA Y AFINES
 ,O, NBC:   INGENIERIA INDUSTRIAL Y AFINES
 ,O, NBC:   INGENIERIA QUIMICA Y AFINES
 ,O, NBC:   OTRAS INGENIERIAS
 ,O, NBC:   PUBLICIDAD Y AFINES."
Instructor,2,229219,4065092,"Seis(6) meses de EXPERIENCIA DOCENTE, 
 Y, Seis(6) meses de experiencia relacionada con la participación en grupos de investigación registrados en COLCIENCIAS y en la gestión de semilleros de investigación desarrollando proyectos en una de las líneas de investigación avaladas institucionalmente por el SENA y en labores de Formación Profesional","Dependencia: META-CENTRO DE INDUSTRIA Y SERVICIOS DEL META,  Municipio: Villavicencio, Total vacantes: 2","Título de MAESTRIA en NBC: DISENO
 ,O, NBC:   EDUCACION
 ,O, NBC:   INGENIERIA DE SISTEMAS, TELEMATICA Y AFINES
 ,O, NBC:   OTRAS INGENIERIAS
 ,O, NBC:   PUBLICIDAD Y AFINES
 ,Y, Título de PROFESIONAL en NBC: DISENO
 ,O, NBC:   EDUCACION
 ,O, NBC:   INGENIERIA DE SISTEMAS, TELEMATICA Y AFINES
 ,O, NBC:   OTRAS INGENIERIAS
 ,O, NBC:   PUBLICIDAD Y AFINES."
Instructor,1,229220,4065092,"Seis(6) meses de EXPERIENCIA DOCENTE, 
 Y, Seis(6) meses de experiencia relacionada con la participación en grupos de investigación registrados en COLCIENCIAS y en la gestión de semilleros de investigación desarrollando proyectos en una de las líneas de investigación avaladas institucionalmente por el SENA y en labores de Formación Profesional","Dependencia: BOYACA- CENTRO MINERO,  Municipio: Sogamoso, Total vacantes: 1","Título de MAESTRIA en NBC: BIOLOGIA, MICROBIOLOGIA Y AFINES
 ,O, NBC:   EDUCACION
 ,O, NBC:   INGENIERIA DE MINAS, METALURGIA Y AFINES
 ,O, NBC:   INGENIERIA QUIMICA Y AFINES
 ,O, NBC:   OTRAS INGENIERIAS
 ,Y, Título de PROFESIONAL en NBC: BIOLOGIA, MICROBIOLOGIA Y AFINES
 ,O, NBC:   EDUCACION
 ,O, NBC:   INGENIERIA DE MINAS, METALURGIA Y AFINES
 ,O, NBC:   INGENIERIA QUIMICA Y AFINES
 ,O, NBC:   OTRAS INGENIERIAS."
Instructor,3,229221,4065092,"Seis(6) meses de EXPERIENCIA DOCENTE, 
 Y, Seis(6) meses de experiencia relacionada con la participación en grupos de investigación registrados en COLCIENCIAS y en la gestión de semilleros de investigación desarrollando proyectos en una de las líneas de investigación avaladas institucionalmente por el SENA y en labores de Formación Profesional","Dependencia: BOYACA- CENTRO DE GESTION ADMINISTRATIVA Y FORTALECIMIENTO EMPRESARIAL,  Municipio: Tunja, Total vacantes: 3","Título de MAESTRIA en NBC: ADMINISTRACION
 ,O, NBC:   CONTADURIA PUBLICA
 ,O, NBC:   ECONOMIA
 ,O, NBC:   EDUCACION
 ,O, NBC:   INGENIERIA DE SISTEMAS, TELEMATICA Y AFINES
 ,O, NBC:   INGENIERIA INDUSTRIAL Y AFINES
 ,O, NBC:   OTRAS INGENIERIAS
 ,Y, Título de PROFESIONAL en NBC: ADMINISTRACION
 ,O, NBC:   CONTADURIA PUBLICA
 ,O, NBC:   ECONOMIA
 ,O, NBC:   EDUCACION
 ,O, NBC:   INGENIERIA DE SISTEMAS, TELEMATICA Y AFINES
 ,O, NBC:   INGENIERIA INDUSTRIAL Y AFINES
 ,O, NBC:   OTRAS INGENIERIAS."
Instructor,6,229222,4065092,"Seis(6) meses de EXPERIENCIA DOCENTE, 
 Y, Seis(6) meses de experiencia relacionada con la participación en grupos de investigación registrados en COLCIENCIAS y en la gestión de semilleros de investigación desarrollando proyectos en una de las líneas de investigación avaladas institucionalmente por el SENA y en labores de Formación Profesional","Dependencia: SANTANDER-CENTRO INDUSTRIAL DEL DISEÑO Y LA MANUFACTURA,  Municipio: Floridablanca, Total vacantes: 6","Título de MAESTRIA en NBC: ARQUITECTURA
 ,O, NBC:   ARTES PLASTICAS, VISUALES Y AFINES
 ,O, NBC:   ARTES REPRESENTATIVAS
 ,O, NBC:   BIOLOGIA, MICROBIOLOGIA Y AFINES
 ,O, NBC:   DISENO
 ,O, NBC:   EDUCACION
 ,O, NBC:   FISICA
 ,O, NBC:   INGENIERIA AGROINDUSTRIAL, ALIMENTOS Y AFINES
 ,O, NBC:   INGENIERIA AMBIENTAL, SANITARIA Y AFINES
 ,O, NBC:   INGENIERIA BIOMEDICA Y AFINES
 ,O, NBC:   INGENIERIA DE SISTEMAS, TELEMATICA Y AFINES
 ,O, NBC:   INGENIERIA ELECTRICA Y AFINES
 ,O, NBC:   INGENIERIA ELECTRONICA, TELECOMUNICACIONES Y AFINES
 ,O, NBC:   INGENIERIA INDUSTRIAL Y AFINES
 ,O, NBC:   INGENIERIA MECANICA Y AFINES
 ,O, NBC:   INGENIERIA QUIMICA Y AFINES
 ,O, NBC:   OTRAS INGENIERIAS
 ,O, NBC:   PUBLICIDAD Y AFINES
 ,O, NBC:   QUIMICA Y AFINES
 ,Y, Título de PROFESIONAL en NBC: ARQUITECTURA
 ,O, NBC:   ARTES PLASTICAS, VISUALES Y AFINES
 ,O, NBC:   ARTES REPRESENTATIVAS
 ,O, NBC:   BIOLOGIA, MICROBIOLOGIA Y AFINES
 ,O, NBC:   DISENO
 ,O, NBC:   EDUCACION
 ,O, NBC:   FISICA
 ,O, NBC:   INGENIERIA AGROINDUSTRIAL, ALIMENTOS Y AFINES
 ,O, NBC:   INGENIERIA AMBIENTAL, SANITARIA Y AFINES
 ,O, NBC:   INGENIERIA BIOMEDICA Y AFINES
 ,O, NBC:   INGENIERIA DE SISTEMAS, TELEMATICA Y AFINES
 ,O, NBC:   INGENIERIA ELECTRICA Y AFINES
 ,O, NBC:   INGENIERIA ELECTRONICA, TELECOMUNICACIONES Y AFINES
 ,O, NBC:   INGENIERIA INDUSTRIAL Y AFINES
 ,O, NBC:   INGENIERIA MECANICA Y AFINES
 ,O, NBC:   INGENIERIA QUIMICA Y AFINES
 ,O, NBC:   OTRAS INGENIERIAS
 ,O, NBC:   PUBLICIDAD Y AFINES
 ,O, NBC:   QUIMICA Y AFINES."
Instructor,2,229223,4065092,"Seis(6) meses de EXPERIENCIA DOCENTE, 
 Y, Seis(6) meses de experiencia relacionada con la participación en grupos de investigación registrados en COLCIENCIAS y en la gestión de semilleros de investigación desarrollando proyectos en una de las líneas de investigación avaladas institucionalmente por el SENA y en labores de Formación Profesional","Dependencia: SANTANDER-CENTRO INDUSTRIAL Y DEL DESARROLLO TECNOLÓGICO,  Municipio: Barrancabermeja, Total vacantes: 2","Título de MAESTRIA en NBC: DISENO
 ,O, NBC:   EDUCACION
 ,O, NBC:   INGENIERIA INDUSTRIAL Y AFINES
 ,O, NBC:   INGENIERIA MECANICA Y AFINES
 ,O, NBC:   OTRAS INGENIERIAS
 ,Y, Título de PROFESIONAL en NBC: DISENO
 ,O, NBC:   EDUCACION
 ,O, NBC:   INGENIERIA INDUSTRIAL Y AFINES
 ,O, NBC:   INGENIERIA MECANICA Y AFINES
 ,O, NBC:   OTRAS INGENIERIAS."
Profesional,2,229225,9095760,Diez y ocho(18) meses de EXPERIENCIA PROFESIONAL RELACIONADA,"Dependencia: ANTIOQUIA- COMPLEJO TECNOLOGICO AGROINDUSTRIAL, PECUARIO Y TURISTICO,  Municipio: Apartadó, Total vacantes: 1","Título de PROFESIONAL en NBC: ADMINISTRACION
 ,O, NBC:   AGRONOMIA
 ,O, NBC:   BIOLOGIA, MICROBIOLOGIA Y AFINES
 ,O, NBC:   INGENIERIA AGRICOLA, FORESTAL Y AFINES
 ,O, NBC:   INGENIERIA AGROINDUSTRIAL, ALIMENTOS Y AFINES
 ,O, NBC:   INGENIERIA AGRONOMICA, PECUARIA Y AFINES
 ,O, NBC:   MEDICINA VETERINARIA
 ,O, NBC:   ZOOTECNIA.

Titulo de postgrado en la modalidad de MAESTRIA EN AREAS RELACIONADAS CON LAS FUNCIONES DEL EMPLEO."
Instructor,1,229227,4065092,"Seis(6) meses de experiencia relacionada con la participación en grupos de investigación registrados en COLCIENCIAS y en la gestión de semilleros de investigación desarrollando proyectos en una de las líneas de investigación avaladas institucionalmente por el SENA y en labores de Formación Profesional, 
 Y, Seis(6) meses de EXPERIENCIA DOCENTE","Dependencia: CHOCO- CENTRO DE RECURSOS NATURALES, INDUSTRIA Y BIODIVERSIDAD,  Municipio: Quibdó, Total vacantes: 1","Título de MAESTRIA en NBC: BIOLOGIA, MICROBIOLOGIA Y AFINES
 ,O, NBC:   EDUCACION
 ,O, NBC:   INGENIERIA AGRICOLA, FORESTAL Y AFINES
 ,O, NBC:   INGENIERIA DE SISTEMAS, TELEMATICA Y AFINES
 ,O, NBC:   OTRAS INGENIERIAS
 ,Y, Título de PROFESIONAL en NBC: BIOLOGIA, MICROBIOLOGIA Y AFINES
 ,O, NBC:   EDUCACION
 ,O, NBC:   INGENIERIA AGRICOLA, FORESTAL Y AFINES
 ,O, NBC:   INGENIERIA DE SISTEMAS, TELEMATICA Y AFINES
 ,O, NBC:   OTRAS INGENIERIAS."
Instructor,2,229228,4065092,"Seis(6) meses de experiencia relacionada con la participación en grupos de investigación registrados en COLCIENCIAS y en la gestión de semilleros de investigación desarrollando proyectos en una de las líneas de investigación avaladas institucionalmente por el SENA y en labores de Formación Profesional, 
 Y, Seis(6) meses de EXPERIENCIA DOCENTE","Dependencia: PUTUMAYO-CENTRO AGROFORESTAL Y ACUÍCOLA ARAPAIMA,  Municipio: Puerto Asís, Total vacantes: 2","Título de MAESTRIA en NBC: EDUCACION
 ,O, NBC:   GEOLOGIA, OTROS PROGRAMAS DE CIENCIAS NATURALES
 ,O, NBC:   INGENIERIA AGRICOLA, FORESTAL Y AFINES
 ,O, NBC:   INGENIERIA AGRONOMICA, PECUARIA Y AFINES
 ,O, NBC:   INGENIERIA INDUSTRIAL Y AFINES
 ,O, NBC:   INGENIERIA QUIMICA Y AFINES
 ,O, NBC:   OTRAS INGENIERIAS
 ,Y, Título de PROFESIONAL en NBC: EDUCACION
 ,O, NBC:   GEOLOGIA, OTROS PROGRAMAS DE CIENCIAS NATURALES
 ,O, NBC:   INGENIERIA AGRICOLA, FORESTAL Y AFINES
 ,O, NBC:   INGENIERIA AGRONOMICA, PECUARIA Y AFINES
 ,O, NBC:   INGENIERIA INDUSTRIAL Y AFINES
 ,O, NBC:   INGENIERIA QUIMICA Y AFINES
 ,O, NBC:   OTRAS INGENIERIAS."
Instructor,6,229230,4065092,"Seis(6) meses de EXPERIENCIA DOCENTE, 
 Y, Seis(6) meses de experiencia relacionada con la participación en grupos de investigación registrados en COLCIENCIAS y en la gestión de semilleros de investigación desarrollando proyectos en una de las líneas de investigación avaladas institucionalmente por el SENA y en labores de Formación Profesional","Dependencia: RISARALDA-CENTRO DE COMERCIO Y SERVICIOS,  Municipio: Pereira, Total vacantes: 6","Título de MAESTRIA en NBC: ARQUITECTURA
 ,O, NBC:   ARTES PLASTICAS, VISUALES Y AFINES
 ,O, NBC:   ARTES REPRESENTATIVAS
 ,O, NBC:   BIOLOGIA, MICROBIOLOGIA Y AFINES
 ,O, NBC:   DISENO
 ,O, NBC:   ECONOMIA
 ,O, NBC:   EDUCACION
 ,O, NBC:   FISICA
 ,O, NBC:   INGENIERIA AGROINDUSTRIAL, ALIMENTOS Y AFINES
 ,O, NBC:   INGENIERIA AMBIENTAL, SANITARIA Y AFINES
 ,O, NBC:   INGENIERIA BIOMEDICA Y AFINES
 ,O, NBC:   INGENIERIA DE MINAS, METALURGIA Y AFINES
 ,O, NBC:   INGENIERIA DE SISTEMAS, TELEMATICA Y AFINES
 ,O, NBC:   INGENIERIA ELECTRICA Y AFINES
 ,O, NBC:   INGENIERIA ELECTRONICA, TELECOMUNICACIONES Y AFINES
 ,O, NBC:   INGENIERIA INDUSTRIAL Y AFINES
 ,O, NBC:   INGENIERIA MECANICA Y AFINES
 ,O, NBC:   INGENIERIA QUIMICA Y AFINES
 ,O, NBC:   MATEMATICAS, ESTADISTICA Y AFINES
 ,O, NBC:   OTRAS INGENIERIAS
 ,O, NBC:   PUBLICIDAD Y AFINES
 ,O, NBC:   QUIMICA Y AFINES
 ,Y, Título de PROFESIONAL en NBC: ARQUITECTURA
 ,O, NBC:   ARTES PLASTICAS, VISUALES Y AFINES
 ,O, NBC:   ARTES REPRESENTATIVAS
 ,O, NBC:   BIOLOGIA, MICROBIOLOGIA Y AFINES
 ,O, NBC:   DISENO
 ,O, NBC:   ECONOMIA
 ,O, NBC:   EDUCACION
 ,O, NBC:   FISICA
 ,O, NBC:   INGENIERIA AGROINDUSTRIAL, ALIMENTOS Y AFINES
 ,O, NBC:   INGENIERIA AMBIENTAL, SANITARIA Y AFINES
 ,O, NBC:   INGENIERIA BIOMEDICA Y AFINES
 ,O, NBC:   INGENIERIA DE MINAS, METALURGIA Y AFINES
 ,O, NBC:   INGENIERIA DE SISTEMAS, TELEMATICA Y AFINES
 ,O, NBC:   INGENIERIA ELECTRICA Y AFINES
 ,O, NBC:   INGENIERIA ELECTRONICA, TELECOMUNICACIONES Y AFINES
 ,O, NBC:   INGENIERIA INDUSTRIAL Y AFINES
 ,O, NBC:   INGENIERIA MECANICA Y AFINES
 ,O, NBC:   INGENIERIA QUIMICA Y AFINES
 ,O, NBC:   MATEMATICAS, ESTADISTICA Y AFINES
 ,O, NBC:   OTRAS INGENIERIAS
 ,O, NBC:   PUBLICIDAD Y AFINES
 ,O, NBC:   QUIMICA Y AFINES."
Instructor,2,229231,4065092,"Seis(6) meses de experiencia relacionada con la participación en grupos de investigación registrados en COLCIENCIAS y en la gestión de semilleros de investigación desarrollando proyectos en una de las líneas de investigación avaladas institucionalmente por el SENA y en labores de Formación Profesional, 
 Y, Seis(6) meses de EXPERIENCIA DOCENTE","Dependencia: TOLIMA-CENTRO AGROPECUARIO LA GRANJA,  Municipio: Espinal, Total vacantes: 2","Título de MAESTRIA en NBC: BIOLOGIA, MICROBIOLOGIA Y AFINES
 ,O, NBC:   EDUCACION
 ,O, NBC:   INGENIERIA AGRICOLA, FORESTAL Y AFINES
 ,O, NBC:   INGENIERIA AGROINDUSTRIAL, ALIMENTOS Y AFINES
 ,O, NBC:   INGENIERIA AGRONOMICA, PECUARIA Y AFINES
 ,O, NBC:   OTRAS INGENIERIAS
 ,Y, Título de PROFESIONAL en NBC: BIOLOGIA, MICROBIOLOGIA Y AFINES
 ,O, NBC:   EDUCACION
 ,O, NBC:   INGENIERIA AGRICOLA, FORESTAL Y AFINES
 ,O, NBC:   INGENIERIA AGROINDUSTRIAL, ALIMENTOS Y AFINES
 ,O, NBC:   INGENIERIA AGRONOMICA, PECUARIA Y AFINES
 ,O, NBC:   OTRAS INGENIERIAS."
Instructor,2,229233,4065092,"Seis(6) meses de experiencia relacionada con la participación en grupos de investigación registrados en COLCIENCIAS y en la gestión de semilleros de investigación desarrollando proyectos en una de las líneas de investigación avaladas institucionalmente por el SENA y en labores de Formación Profesional, 
 Y, Seis(6) meses de EXPERIENCIA DOCENTE","Dependencia: VALLE-CENTRO AGROPECUARIO DE BUGA,  Municipio: Guadalajara De Buga, Total vacantes: 2","Título de MAESTRIA en NBC: BIOLOGIA, MICROBIOLOGIA Y AFINES
 ,O, NBC:   EDUCACION
 ,O, NBC:   INGENIERIA AGRICOLA, FORESTAL Y AFINES
 ,O, NBC:   INGENIERIA AGROINDUSTRIAL, ALIMENTOS Y AFINES
 ,O, NBC:   INGENIERIA AMBIENTAL, SANITARIA Y AFINES
 ,O, NBC:   OTRAS INGENIERIAS
 ,Y, Título de PROFESIONAL en NBC: BIOLOGIA, MICROBIOLOGIA Y AFINES
 ,O, NBC:   EDUCACION
 ,O, NBC:   INGENIERIA AGRICOLA, FORESTAL Y AFINES
 ,O, NBC:   INGENIERIA AGROINDUSTRIAL, ALIMENTOS Y AFINES
 ,O, NBC:   INGENIERIA AMBIENTAL, SANITARIA Y AFINES
 ,O, NBC:   OTRAS INGENIERIAS."
Instructor,3,229234,4065092,"Seis(6) meses de experiencia relacionada con la participación en grupos de investigación registrados en COLCIENCIAS y en la gestión de semilleros de investigación desarrollando proyectos en una de las líneas de investigación avaladas institucionalmente por el SENA y en labores de Formación Profesional, 
 Y, Seis(6) meses de EXPERIENCIA DOCENTE","Dependencia: CUNDINAMARCA- CENTRO DE DESARROLLO AGROINDUSTRIAL Y EMPRESARIAL,  Municipio: Villeta, Total vacantes: 3","Título de MAESTRIA en NBC: EDUCACION
 ,O, NBC:   INGENIERIA AGRICOLA, FORESTAL Y AFINES
 ,O, NBC:   INGENIERIA AGROINDUSTRIAL, ALIMENTOS Y AFINES
 ,O, NBC:   INGENIERIA QUIMICA Y AFINES
 ,O, NBC:   OTRAS INGENIERIAS
 ,Y, Título de PROFESIONAL en NBC: EDUCACION
 ,O, NBC:   INGENIERIA AGRICOLA, FORESTAL Y AFINES
 ,O, NBC:   INGENIERIA AGROINDUSTRIAL, ALIMENTOS Y AFINES
 ,O, NBC:   INGENIERIA QUIMICA Y AFINES
 ,O, NBC:   OTRAS INGENIERIAS."
Instructor,2,229235,4065092,"Seis(6) meses de EXPERIENCIA DOCENTE, 
 Y, Seis(6) meses de experiencia relacionada con la participación en grupos de investigación registrados en COLCIENCIAS y en la gestión de semilleros de investigación desarrollando proyectos en una de las líneas de investigación avaladas institucionalmente por el SENA y en labores de Formación Profesional","Dependencia: ANTIOQUIA-CENTRO DE LA INNOVACION, LA AGROINDUSTRIA Y LA AVIACION,  Municipio: Rionegro, Total vacantes: 2","Título de MAESTRIA en NBC: EDUCACION
 ,O, NBC:   INGENIERIA AGROINDUSTRIAL, ALIMENTOS Y AFINES
 ,O, NBC:   INGENIERIA AGRONOMICA, PECUARIA Y AFINES
 ,O, NBC:   INGENIERIA DE SISTEMAS, TELEMATICA Y AFINES
 ,O, NBC:   INGENIERIA ELECTRONICA, TELECOMUNICACIONES Y AFINES
 ,O, NBC:   INGENIERIA QUIMICA Y AFINES
 ,O, NBC:   OTRAS INGENIERIAS
 ,Y, Título de PROFESIONAL en NBC: EDUCACION
 ,O, NBC:   INGENIERIA AGROINDUSTRIAL, ALIMENTOS Y AFINES
 ,O, NBC:   INGENIERIA AGRONOMICA, PECUARIA Y AFINES
 ,O, NBC:   INGENIERIA DE SISTEMAS, TELEMATICA Y AFINES
 ,O, NBC:   INGENIERIA ELECTRONICA, TELECOMUNICACIONES Y AFINES
 ,O, NBC:   INGENIERIA QUIMICA Y AFINES
 ,O, NBC:   OTRAS INGENIERIAS."
Instructor,3,229236,4065092,"Seis(6) meses de EXPERIENCIA DOCENTE, 
 Y, Seis(6) meses de experiencia relacionada con la participación en grupos de investigación registrados en COLCIENCIAS y en la gestión de semilleros de investigación desarrollando proyectos en una de las líneas de investigación avaladas institucionalmente por el SENA y en labores de Formación Profesional","Dependencia: VALLE-CENTRO DE BIOTECNOLOGÍA INDUSTRIAL,  Municipio: Palmira, Total vacantes: 3","Título de MAESTRIA en NBC: BIOLOGIA, MICROBIOLOGIA Y AFINES
 ,O, NBC:   EDUCACION
 ,O, NBC:   INGENIERIA AGRONOMICA, PECUARIA Y AFINES
 ,O, NBC:   INGENIERIA MECANICA Y AFINES
 ,O, NBC:   OTRAS INGENIERIAS
 ,Y, Título de PROFESIONAL en NBC: BIOLOGIA, MICROBIOLOGIA Y AFINES
 ,O, NBC:   EDUCACION
 ,O, NBC:   INGENIERIA AGRONOMICA, PECUARIA Y AFINES
 ,O, NBC:   INGENIERIA MECANICA Y AFINES
 ,O, NBC:   OTRAS INGENIERIAS."
Instructor,1,229237,4065092,"Seis(6) meses de experiencia relacionada con la participación en grupos de investigación registrados en COLCIENCIAS y en la gestión de semilleros de investigación desarrollando proyectos en una de las líneas de investigación avaladas institucionalmente por el SENA y en labores de Formación Profesional, 
 Y, Seis(6) meses de EXPERIENCIA DOCENTE","Dependencia: MAGDALENA-CENTRO ACUÍCOLA Y AGROINDUSTRIAL DE GAIRA,  Municipio: Santa Marta, Total vacantes: 1","Título de MAESTRIA en NBC: BIOLOGIA, MICROBIOLOGIA Y AFINES
 ,O, NBC:   EDUCACION
 ,O, NBC:   INGENIERIA AGRICOLA, FORESTAL Y AFINES
 ,O, NBC:   INGENIERIA AGRONOMICA, PECUARIA Y AFINES
 ,O, NBC:   OTRAS INGENIERIAS
 ,Y, Título de PROFESIONAL en NBC: BIOLOGIA, MICROBIOLOGIA Y AFINES
 ,O, NBC:   EDUCACION
 ,O, NBC:   INGENIERIA AGRICOLA, FORESTAL Y AFINES
 ,O, NBC:   INGENIERIA AGRONOMICA, PECUARIA Y AFINES
 ,O, NBC:   OTRAS INGENIERIAS."
Instructor,1,229238,4065092,"Seis(6) meses de experiencia relacionada con la participación en grupos de investigación registrados en COLCIENCIAS y en la gestión de semilleros de investigación desarrollando proyectos en una de las líneas de investigación avaladas institucionalmente por el SENA y en labores de Formación Profesional, 
 Y, Seis(6) meses de EXPERIENCIA DOCENTE","Dependencia: NARIÑO-CENTRO AGROINDUSTRIAL Y PESQUERO DE LA COSTA PACIFICA,  Municipio: Tumaco, Total vacantes: 1","Título de MAESTRIA en NBC: BIOLOGIA, MICROBIOLOGIA Y AFINES
 ,O, NBC:   EDUCACION
 ,O, NBC:   INGENIERIA AGRICOLA, FORESTAL Y AFINES
 ,O, NBC:   INGENIERIA AGROINDUSTRIAL, ALIMENTOS Y AFINES
 ,O, NBC:   INGENIERIA AGRONOMICA, PECUARIA Y AFINES
 ,O, NBC:   INGENIERIA AMBIENTAL, SANITARIA Y AFINES
 ,O, NBC:   OTRAS INGENIERIAS
 ,Y, Título de PROFESIONAL en NBC: BIOLOGIA, MICROBIOLOGIA Y AFINES
 ,O, NBC:   EDUCACION
 ,O, NBC:   INGENIERIA AGRICOLA, FORESTAL Y AFINES
 ,O, NBC:   INGENIERIA AGROINDUSTRIAL, ALIMENTOS Y AFINES
 ,O, NBC:   INGENIERIA AGRONOMICA, PECUARIA Y AFINES
 ,O, NBC:   INGENIERIA AMBIENTAL, SANITARIA Y AFINES
 ,O, NBC:   OTRAS INGENIERIAS."
Instructor,1,229239,4065092,"Seis(6) meses de EXPERIENCIA DOCENTE, 
 Y, Seis(6) meses de experiencia relacionada con la participación en grupos de investigación registrados en COLCIENCIAS y en la gestión de semilleros de investigación desarrollando proyectos en una de las líneas de investigación avaladas institucionalmente por el SENA y en labores de Formación Profesional","Dependencia: DISTRITO CAPITAL-CENTRO DE TECNOLOGÍAS DEL TRANSPORTE,  Municipio: Soacha, Total vacantes: 1","Título de MAESTRIA en NBC: EDUCACION
 ,O, NBC:   INGENIERIA ELECTRONICA, TELECOMUNICACIONES Y AFINES
 ,O, NBC:   INGENIERIA MECANICA Y AFINES
 ,O, NBC:   OTRAS INGENIERIAS
 ,Y, Título de PROFESIONAL en NBC: EDUCACION
 ,O, NBC:   INGENIERIA ELECTRONICA, TELECOMUNICACIONES Y AFINES
 ,O, NBC:   INGENIERIA MECANICA Y AFINES
 ,O, NBC:   OTRAS INGENIERIAS."
Instructor,3,229240,4065092,"Seis(6) meses de EXPERIENCIA DOCENTE, 
 Y, Seis(6) meses de experiencia relacionada con la participación en grupos de investigación registrados en COLCIENCIAS y en la gestión de semilleros de investigación desarrollando proyectos en una de las líneas de investigación avaladas institucionalmente por el SENA y en labores de Formación Profesional","Dependencia: ATLANTICO- CENTRO INDUSTRIAL Y DE AVIACION,  Municipio: Barranquilla, Total vacantes: 3","Título de MAESTRIA en NBC: EDUCACION
 ,O, NBC:   INGENIERIA DE SISTEMAS, TELEMATICA Y AFINES
 ,O, NBC:   INGENIERIA ELECTRONICA, TELECOMUNICACIONES Y AFINES
 ,O, NBC:   INGENIERIA INDUSTRIAL Y AFINES
 ,O, NBC:   INGENIERIA QUIMICA Y AFINES
 ,O, NBC:   OTRAS INGENIERIAS
 ,Y, Título de PROFESIONAL en NBC: EDUCACION
 ,O, NBC:   INGENIERIA DE SISTEMAS, TELEMATICA Y AFINES
 ,O, NBC:   INGENIERIA ELECTRONICA, TELECOMUNICACIONES Y AFINES
 ,O, NBC:   INGENIERIA INDUSTRIAL Y AFINES
 ,O, NBC:   INGENIERIA QUIMICA Y AFINES
 ,O, NBC:   OTRAS INGENIERIAS."
Instructor,4,229241,4065092,"Seis(6) meses de EXPERIENCIA DOCENTE, 
 Y, Seis(6) meses de experiencia relacionada con la participación en grupos de investigación registrados en COLCIENCIAS y en la gestión de semilleros de investigación desarrollando proyectos en una de las líneas de investigación avaladas institucionalmente por el SENA y en labores de Formación Profesional","Dependencia: ATLANTICO- CENTRO NACIONAL COLOMBO ALEMAN,  Municipio: Barranquilla, Total vacantes: 2","Título de MAESTRIA en NBC: EDUCACION
 ,O, NBC:   INGENIERIA DE SISTEMAS, TELEMATICA Y AFINES
 ,O, NBC:   INGENIERIA ELECTRONICA, TELECOMUNICACIONES Y AFINES
 ,O, NBC:   OTRAS INGENIERIAS
 ,Y, Título de PROFESIONAL en NBC: EDUCACION
 ,O, NBC:   INGENIERIA DE SISTEMAS, TELEMATICA Y AFINES
 ,O, NBC:   INGENIERIA ELECTRONICA, TELECOMUNICACIONES Y AFINES
 ,O, NBC:   OTRAS INGENIERIAS."
Instructor,1,229242,4065092,"Seis(6) meses de EXPERIENCIA DOCENTE, 
 Y, Seis(6) meses de experiencia relacionada con la participación en grupos de investigación registrados en COLCIENCIAS y en la gestión de semilleros de investigación desarrollando proyectos en una de las líneas de investigación avaladas institucionalmente por el SENA y en labores de Formación Profesional","Dependencia: CAQUETÁ-CENTRO TECNOLÓGICO DE LA AMAZONIA,  Municipio: Florencia, Total vacantes: 1","Título de MAESTRIA en NBC: AGRONOMIA
 ,O, NBC:   EDUCACION
 ,O, NBC:   MEDICINA VETERINARIA
 ,O, NBC:   OTRAS INGENIERIAS
 ,O, NBC:   ZOOTECNIA
 ,Y, Título de PROFESIONAL en NBC: AGRONOMIA
 ,O, NBC:   EDUCACION
 ,O, NBC:   MEDICINA VETERINARIA
 ,O, NBC:   OTRAS INGENIERIAS
 ,O, NBC:   ZOOTECNIA."
Profesional,1,229243,5175240,NO REQUIERE EXPERIENCIA,"Dependencia: DIRECCIÓN GENERAL-SECRETARÍA GENERAL,  Municipio: Bogotá D.C., Total vacantes: 1","Título de PROFESIONAL en NBC: ADMINISTRACION
 ,O, NBC:   CONTADURIA PUBLICA
 ,O, NBC:   DERECHO Y AFINES
 ,O, NBC:   ECONOMIA
 ,O, NBC:   ENFERMERIA
 ,O, NBC:   INGENIERIA ADMINISTRATIVA Y AFINES
 ,O, NBC:   INGENIERIA AMBIENTAL, SANITARIA Y AFINES
 ,O, NBC:   INGENIERIA DE SISTEMAS, TELEMATICA Y AFINES
 ,O, NBC:   INGENIERIA INDUSTRIAL Y AFINES
 ,O, NBC:   MEDICINA
 ,O, NBC:   PSICOLOGIA
 ,O, NBC:   SOCIOLOGIA, TRABAJO SOCIAL Y AFINES
 ,O, NBC:   TERAPIAS.

Titulo de postgrado en la modalidad de ESPECIALIZACION EN AREAS RELACIONADAS CON LAS FUNCIONES DEL EMPLEO."
Instructor,2,229244,4065092,"Seis(6) meses de EXPERIENCIA DOCENTE, 
 Y, Seis(6) meses de experiencia relacionada con la participación en grupos de investigación registrados en COLCIENCIAS y en la gestión de semilleros de investigación desarrollando proyectos en una de las líneas de investigación avaladas institucionalmente por el SENA y en labores de Formación Profesional","Dependencia: CALDAS- CENTRO DE COMERCIO Y SERVICIOS,  Municipio: Manizales, Total vacantes: 2","Título de MAESTRIA en NBC: ADMINISTRACION
 ,O, NBC:   ECONOMIA
 ,O, NBC:   EDUCACION
 ,O, NBC:   INGENIERIA AGROINDUSTRIAL, ALIMENTOS Y AFINES
 ,O, NBC:   OTRAS INGENIERIAS
 ,Y, Título de PROFESIONAL en NBC: ADMINISTRACION
 ,O, NBC:   ECONOMIA
 ,O, NBC:   EDUCACION
 ,O, NBC:   INGENIERIA AGROINDUSTRIAL, ALIMENTOS Y AFINES
 ,O, NBC:   OTRAS INGENIERIAS."
Profesional,1,229245,6500596,Quince(15) meses de EXPERIENCIA PROFESIONAL RELACIONADA,"Dependencia: DISTRITO CAPITAL- CENTRO DE TECNOLOGIAS PARA LA CONSTRUCCION Y LA MADERA,  Municipio: Bogotá D.C., Total vacantes: 1","Título de PROFESIONAL en NBC: ADMINISTRACION
 ,O, NBC:   ARQUITECTURA
 ,O, NBC:   CONTADURIA PUBLICA
 ,O, NBC:   DERECHO Y AFINES
 ,O, NBC:   ECONOMIA
 ,O, NBC:   INGENIERIA ADMINISTRATIVA Y AFINES
 ,O, NBC:   INGENIERIA DE SISTEMAS, TELEMATICA Y AFINES
 ,O, NBC:   INGENIERIA INDUSTRIAL Y AFINES.

Titulo de postgrado en la modalidad de ESPECIALIZACION EN AREAS RELACIONADAS CON LAS FUNCIONES DEL EMPLEO."
Profesional,4,229246,6500596,Quince(15) meses de EXPERIENCIA PROFESIONAL RELACIONADA,"Dependencia: DISTRITO CAPITAL- CENTRO DE ELECTRICIDAD, ELECTRONICA Y TELECOMUNICACIONES,  Municipio: Bogotá D.C., Total vacantes: 1","Título de PROFESIONAL en NBC: ADMINISTRACION
 ,O, NBC:   ARQUITECTURA
 ,O, NBC:   CONTADURIA PUBLICA
 ,O, NBC:   DERECHO Y AFINES
 ,O, NBC:   ECONOMIA
 ,O, NBC:   INGENIERIA ADMINISTRATIVA Y AFINES
 ,O, NBC:   INGENIERIA DE SISTEMAS, TELEMATICA Y AFINES
 ,O, NBC:   INGENIERIA INDUSTRIAL Y AFINES.

Titulo de postgrado en la modalidad de ESPECIALIZACION EN AREAS RELACIONADAS CON LAS FUNCIONES DEL EMPLEO."
Profesional,10,229247,6500596,Quince(15) meses de EXPERIENCIA PROFESIONAL RELACIONADA,"Dependencia: DISTRITO CAPITAL CENTRO DE GESTIÓN ADMINISTRATIVA,  Municipio: Bogotá D.C., Total vacantes: 1","Título de PROFESIONAL en NBC: ADMINISTRACION
 ,O, NBC:   CONTADURIA PUBLICA
 ,O, NBC:   DERECHO Y AFINES
 ,O, NBC:   ECONOMIA
 ,O, NBC:   EDUCACION
 ,O, NBC:   FILOSOFIA, TEOLOGIA Y AFINES
 ,O, NBC:   INGENIERIA DE SISTEMAS, TELEMATICA Y AFINES
 ,O, NBC:   INGENIERIA INDUSTRIAL Y AFINES
 ,O, NBC:   PSICOLOGIA
 ,O, NBC:   SOCIOLOGIA, TRABAJO SOCIAL Y AFINES.

Titulo de postgrado en la modalidad de ESPECIALIZACION EN AREAS RELACIONADAS CON LAS FUNCIONES DEL EMPLEO."
Instructor,1,229248,4065092,"Doce(12) meses de EXPERIENCIA RELACIONADA, 
 Y, Doce(12) meses de EXPERIENCIA DOCENTE, 
 O, Doce(12) meses de Experiencia relacionada con el ejercicio de acuicultura y acreditar la totalidad de las catorce (14) certificaciones de la ruta formativa en ""Competencias Integrales para la Cualificación del Instructor SENA""","Dependencia: HUILA-CENTRO DE FORMACIÓN AGROINDUSTRIAL,  Municipio: Campoalegre, Total vacantes: 1","Título de PROFESIONAL en NBC: BIOLOGIA, MICROBIOLOGIA Y AFINES
 ,O, NBC:   INGENIERIA AGRONOMICA, PECUARIA Y AFINES
 ,O, NBC:   MEDICINA VETERINARIA
 ,O, NBC:   ZOOTECNIA."
Profesional,10,229249,7477656,Veintiuno(21) meses de EXPERIENCIA PROFESIONAL RELACIONADA,"Dependencia: DISTRITO CAPITAL-CENTRO FORMACIÓN DE TALENTO HUMANO EN SALUD,  Municipio: Bogotá D.C., Total vacantes: 1","Título de PROFESIONAL en NBC: ADMINISTRACION
 ,O, NBC:   ARQUITECTURA
 ,O, NBC:   CONTADURIA PUBLICA
 ,O, NBC:   DERECHO Y AFINES
 ,O, NBC:   ECONOMIA
 ,O, NBC:   INGENIERIA DE SISTEMAS, TELEMATICA Y AFINES
 ,O, NBC:   INGENIERIA INDUSTRIAL Y AFINES.

Titulo de postgrado en la modalidad de ESPECIALIZACION EN AREAS RELACIONADAS CON LAS FUNCIONES DEL EMPLEO."
Profesional,4,229250,7477656,Veintiuno(21) meses de EXPERIENCIA PROFESIONAL RELACIONADA,"Dependencia: DISTRITO CAPITAL- CENTRO DE TECNOLOGIAS PARA LA CONSTRUCCION Y LA MADERA,  Municipio: Bogotá D.C., Total vacantes: 1","Título de PROFESIONAL en NBC: ADMINISTRACION
 ,O, NBC:   ARQUITECTURA
 ,O, NBC:   CONTADURIA PUBLICA
 ,O, NBC:   DERECHO Y AFINES
 ,O, NBC:   ECONOMIA
 ,O, NBC:   INGENIERIA ADMINISTRATIVA Y AFINES
 ,O, NBC:   INGENIERIA DE SISTEMAS, TELEMATICA Y AFINES
 ,O, NBC:   INGENIERIA INDUSTRIAL Y AFINES.

Titulo de postgrado en la modalidad de ESPECIALIZACION EN AREAS RELACIONADAS CON LAS FUNCIONES DEL EMPLEO."
Instructor,1,229251,4065092,"Doce(12) meses de EXPERIENCIA RELACIONADA, 
 Y, Doce(12) meses de EXPERIENCIA DOCENTE, 
 O, Doce(12) meses de Experiencia relacionada con el ejercicio de biodiversidad y acreditar la totalidad de las catorce (14) certificaciones de la ruta formativa en “Competencias Integrales para la Cualificación del Instructor SENA","Dependencia: ANTIOQUIA-CENTRO DE FORMACIÓN MINERO AMBIENTAL,  Municipio: El Bagre, Total vacantes: 1","Título de PROFESIONAL en NBC: BIOLOGIA, MICROBIOLOGIA Y AFINES
 ,O, NBC:   INGENIERIA AGRICOLA, FORESTAL Y AFINES
 ,O, NBC:   INGENIERIA AGRONOMICA, PECUARIA Y AFINES
 ,O, NBC:   INGENIERIA AMBIENTAL, SANITARIA Y AFINES."
Instructor,3,229252,4065092,"Doce(12) meses de EXPERIENCIA RELACIONADA, 
 Y, Doce(12) meses de EXPERIENCIA DOCENTE, 
 O, Doce(12) meses de Experiencia relacionada con el ejercicio de electrónica y acreditar la totalidad de las catorce (14) certificaciones de la ruta formativa en “Competencias Integrales para la Cualificación del Instructor SENA","Dependencia: BOLIVAR- CENTRO PARA LA INDUSTRIA PETROQUIMICA,  Municipio: Cartagena De Indias, Total vacantes: 2","Título de PROFESIONAL en NBC: EDUCACION
 ,O, NBC:   INGENIERIA ELECTRICA Y AFINES
 ,O, NBC:   INGENIERIA ELECTRONICA, TELECOMUNICACIONES Y AFINES."
Instructor,3,229253,4065092,"Seis(6) meses de EXPERIENCIA DOCENTE, 
 Y, Seis(6) meses de experiencia relacionada con la participación en grupos de investigación registrados en COLCIENCIAS y en la gestión de semilleros de investigación desarrollando proyectos en una de las líneas de investigación avaladas institucionalmente por el SENA y en labores de Formación Profesional","Dependencia: CUNDINAMARCA-CENTRO AGROECOLÓGICO Y EMPRESARIAL,  Municipio: Fusagasugá, Total vacantes: 3","Título de MAESTRIA en NBC: ARTES PLASTICAS, VISUALES Y AFINES
 ,O, NBC:   DISENO
 ,O, NBC:   EDUCACION
 ,O, NBC:   INGENIERIA AGROINDUSTRIAL, ALIMENTOS Y AFINES
 ,O, NBC:   INGENIERIA AGRONOMICA, PECUARIA Y AFINES
 ,O, NBC:   INGENIERIA CIVIL Y AFINES
 ,O, NBC:   OTRAS INGENIERIAS
 ,O, NBC:   QUIMICA Y AFINES
 ,O, NBC:   ZOOTECNIA
 ,Y, Título de PROFESIONAL en NBC: ARTES PLASTICAS, VISUALES Y AFINES
 ,O, NBC:   DISENO
 ,O, NBC:   EDUCACION
 ,O, NBC:   INGENIERIA AGROINDUSTRIAL, ALIMENTOS Y AFINES
 ,O, NBC:   INGENIERIA AGRONOMICA, PECUARIA Y AFINES
 ,O, NBC:   INGENIERIA CIVIL Y AFINES
 ,O, NBC:   OTRAS INGENIERIAS
 ,O, NBC:   QUIMICA Y AFINES
 ,O, NBC:   ZOOTECNIA."
Instructor,26,229254,4065092,"Doce(12) meses de EXPERIENCIA DOCENTE, 
 Y, Seis(6) meses de experiencia relacionados con el ejercicio de la profesión u oficio objeto de la formación profesional, 
 Y, Doce(12) meses de experiencia relacionados con asistencia técnica o extensión rural o formulación, implementación, desarrollo y seguimiento a proyectos productivos  agropecuarios, agroindustriales y/o formación profesiona","Dependencia: CASANARE- CENTRO AGROINDUSTRIAL Y FORTALECIMIENTO EMPRESARIAL DE CASANARE,  Municipio: Monterrey, Total vacantes: 1","Título de TECNOLOGICA en NBC: ADMINISTRACION
 ,O, NBC:   AGRONOMIA
 ,O, NBC:   BIOLOGIA, MICROBIOLOGIA Y AFINES
 ,O, NBC:   INGENIERIA AGRICOLA, FORESTAL Y AFINES
 ,O, NBC:   INGENIERIA AGROINDUSTRIAL, ALIMENTOS Y AFINES
 ,O, NBC:   INGENIERIA AGRONOMICA, PECUARIA Y AFINES
 ,O, NBC:   MEDICINA VETERINARIA
 ,O, NBC:   ZOOTECNIA.
 ,Y, acreditar una (1) certificación, de entre las siguientes opciones: (1) Extensión Rural, (2) Asistencia Técnica o (3) Formulación y Evaluación de Proyectos."
Profesional,1,229255,8208795,Cincuenta y uno(51) meses de EXPERIENCIA PROFESIONAL RELACIONADA,"Dependencia: DISTRITO CAPITAL- CENTRO DE FORMACION EN ACTIVIDAD FISICA Y CULTURA,  Municipio: Bogotá D.C., Total vacantes: 1","Título de PROFESIONAL en NBC: ADMINISTRACION
 ,O, NBC:   ARTES PLASTICAS, VISUALES Y AFINES
 ,O, NBC:   DEPORTES, EDUCACION FISICA Y RECREACION
 ,O, NBC:   EDUCACION
 ,O, NBC:   INGENIERIA ADMINISTRATIVA Y AFINES
 ,O, NBC:   LENGUAS MODERNAS, LITERATURA, LINGUISTICA Y AFINES.
 ,Y, Certificación internacional de dominio del inglés en nivel B2 según el Marco Común Europeo de Referencia MCER. Las certificaciones deben corresponder a la lista de exámenes aprobados por la NTC5580 (Icontec-Men), y aquellas normas que la modifiquen, actualicen o sustituyan, tener una vigencia de 2 años, corresponder a las 4 habilidades de dominio de lengua (Listening, Reading, Speaking, Writing)"
Profesional,10,229257,9874386,Veinticuatro(24) meses de EXPERIENCIA PROFESIONAL RELACIONADA,"Dependencia: SUCRE-CENTRO DE LA INNOVACION, LA TECNOLOGIA Y LOS SERVICIOS,  Municipio: Sincelejo, Total vacantes: 1","Título de PROFESIONAL en NBC: AGRONOMIA
 ,O, NBC:   BIOLOGIA, MICROBIOLOGIA Y AFINES
 ,O, NBC:   INGENIERIA AGRICOLA, FORESTAL Y AFINES
 ,O, NBC:   INGENIERIA AGROINDUSTRIAL, ALIMENTOS Y AFINES
 ,O, NBC:   INGENIERIA AGRONOMICA, PECUARIA Y AFINES
 ,O, NBC:   MEDICINA VETERINARIA
 ,O, NBC:   ZOOTECNIA.

Titulo de postgrado en la modalidad de MAESTRIA EN AREAS RELACIONADAS CON LAS FUNCIONES DEL EMPLEO."
Instructor,2,229258,4065092,"Doce(12) meses de EXPERIENCIA RELACIONADA, 
 Y, Doce(12) meses de EXPERIENCIA DOCENTE, 
 O, Doce(12) meses de Experiencia relacionada con el ejercicio de música producción audio digital y acreditar la totalidad de las catorce (14) certificaciones de la ruta formativa en “Competencias Integrales para la Cualificación del Instructor SENA","Dependencia: CESAR-CENTRO DE INNOVACION Y DE GESTION EMPRESARIAL Y CULTURAL,  Municipio: Valledupar, Total vacantes: 1","Título de PROFESIONAL en NBC: ARTES PLASTICAS, VISUALES Y AFINES
 ,O, NBC:   COMUNICACION SOCIAL, PERIODISMO Y AFINES
 ,O, NBC:   MUSICA."
Instructor,2,229259,4065092,"Doce(12) meses de EXPERIENCIA RELACIONADA, 
 Y, Doce(12) meses de EXPERIENCIA DOCENTE, 
 O, Doce(12) meses de Experiencia relacionada con el ejercicio de belleza y acreditar la totalidad de las catorce (14) certificaciones de la ruta formativa en “Competencias Integrales para la Cualificación del Instructor SENA","Dependencia: ANTIOQUIA- CENTRO DE SERVICIOS Y GESTIÓN EMPRESARIAL,  Municipio: Medellín, Total vacantes: 1","Título de PROFESIONAL en NBC: MEDICINA
 ,O, NBC:   TERAPIAS."
Técnico,1,229260,3914015,Seis(6) meses de EXPERIENCIA RELACIONADA,"Dependencia: VAUPES- CENTRO AGROPECUARIO Y DE SERVICIOS AMBIENTALES ""JIRI-JIRIMO"",  Municipio: Mitú, Total vacantes: 1","Título de FORMACION TECNICA PROFESIONAL en NBC: ADMINISTRACION
 ,O, NBC:   ECONOMIA
 ,O, NBC:   INGENIERIA ADMINISTRATIVA Y AFINES
 ,O, NBC:   INGENIERIA INDUSTRIAL Y AFINES."
Profesional,1,229261,9095760,Diez y ocho(18) meses de EXPERIENCIA PROFESIONAL RELACIONADA,"Dependencia: SANTANDER-CENTRO AGROEMPRESARIAL Y TURÍSTICO DE LOS ANDES,  Municipio: Málaga, Total vacantes: 1","Título de PROFESIONAL en NBC: AGRONOMIA
 ,O, NBC:   BIOLOGIA, MICROBIOLOGIA Y AFINES
 ,O, NBC:   INGENIERIA AGRICOLA, FORESTAL Y AFINES
 ,O, NBC:   INGENIERIA AGROINDUSTRIAL, ALIMENTOS Y AFINES
 ,O, NBC:   INGENIERIA AGRONOMICA, PECUARIA Y AFINES
 ,O, NBC:   INGENIERIA AMBIENTAL, SANITARIA Y AFINES
 ,O, NBC:   MEDICINA VETERINARIA
 ,O, NBC:   ZOOTECNIA.

Titulo de postgrado en la modalidad de MAESTRIA EN AREAS RELACIONADAS CON LAS FUNCIONES DEL EMPLEO."
Técnico,5,229313,4161378,Nueve(9) meses de EXPERIENCIA RELACIONADA,"Dependencia: CUNDINAMARCA- CENTRO DE LA TECNOLOGIA DEL DISEÑO Y LA PRODUCTIVIDAD EMPRESARIAL,  Municipio: Girardot, Total vacantes: 1","Título de TECNOLOGICA en NBC: ADMINISTRACION
 ,O, NBC:   CONTADURIA PUBLICA
 ,O, NBC:   DERECHO Y AFINES
 ,O, NBC:   ECONOMIA
 ,O, NBC:   EDUCACION
 ,O, NBC:   INGENIERIA ADMINISTRATIVA Y AFINES
 ,O, NBC:   INGENIERIA DE SISTEMAS, TELEMATICA Y AFINES
 ,O, NBC:   INGENIERIA INDUSTRIAL Y AFINES."
Profesional,1,229314,8208795,Cincuenta y uno(51) meses de EXPERIENCIA PROFESIONAL RELACIONADA,"Dependencia: QUINDIO- CENTRO PARA EL DESARROLLO TECNOLOGICO DE LA CONSTRUCCION Y LA INDUSTRIA,  Municipio: Armenia, Total vacantes: 1","Título de PROFESIONAL en NBC: ADMINISTRACION
 ,O, NBC:   ARQUITECTURA
 ,O, NBC:   EDUCACION
 ,O, NBC:   INGENIERIA ADMINISTRATIVA Y AFINES
 ,O, NBC:   INGENIERIA CIVIL Y AFINES
 ,O, NBC:   INGENIERIA DE SISTEMAS, TELEMATICA Y AFINES
 ,O, NBC:   INGENIERIA INDUSTRIAL Y AFINES
 ,O, NBC:   LENGUAS MODERNAS, LITERATURA, LINGUISTICA Y AFINES.


,Y, Certificación internacional de dominio del inglés en nivel B2 según el Marco Común Europeo de Referencia MCER. Las certificaciones deben corresponder a la lista de exámenes aprobados por la NTC5580 (Icontec-Men), y aquellas normas que la modifiquen, actualicen o sustituyan, tener una vigencia de 2 años, corresponder a las 4 habilidades de dominio de lengua (Listening, Reading, Speaking, Writing)"
Profesional,3,229316,8208795,Cincuenta y uno(51) meses de EXPERIENCIA PROFESIONAL RELACIONADA,"Dependencia: NORTE DE SANTANDER- CENTRO DE LA INDUSTRIA, LA EMPRESA Y LOS SERVICIOS,  Municipio: Cúcuta, Total vacantes: 1","Título de PROFESIONAL en NBC: ADMINISTRACION
 ,O, NBC:   CONTADURIA PUBLICA
 ,O, NBC:   ECONOMIA
 ,O, NBC:   EDUCACION
 ,O, NBC:   INGENIERIA ADMINISTRATIVA Y AFINES
 ,O, NBC:   INGENIERIA INDUSTRIAL Y AFINES
 ,O, NBC:   LENGUAS MODERNAS, LITERATURA, LINGUISTICA Y AFINES.
 ,Y, Certificación internacional de dominio del inglés en nivel B2 según el Marco Común Europeo de Referencia MCER. Las certificaciones deben corresponder a la lista de exámenes aprobados por la NTC5580 (Icontec-Men), y aquellas normas que la modifiquen, actualicen o sustituyan, tener una vigencia de 2 años, corresponder a las 4 habilidades de dominio de lengua (Listening, Reading, Speaking, Writing)"
Profesional,2,229317,8208795,Cincuenta y uno(51) meses de EXPERIENCIA PROFESIONAL RELACIONADA,"Dependencia: BOLIVAR- CENTRO INTERNACIONAL, NAUTICO, FLUVIAL Y PORTUARIO,  Municipio: Cartagena De Indias, Total vacantes: 1","Título de PROFESIONAL en NBC: ADMINISTRACION
 ,O, NBC:   CIENCIA POLITICA, RELACIONES INTERNACIONALES
 ,O, NBC:   EDUCACION
 ,O, NBC:   INGENIERIA ADMINISTRATIVA Y AFINES
 ,O, NBC:   LENGUAS MODERNAS, LITERATURA, LINGUISTICA Y AFINES.
 ,Y, Certificación internacional de dominio del inglés en nivel B2 según el Marco Común Europeo de Referencia MCER. Las certificaciones deben corresponder a la lista de exámenes aprobados por la NTC5580 (Icontec-Men), y aquellas normas que la modifiquen, actualicen o sustituyan, tener una vigencia de 2 años, corresponder a las 4 habilidades de dominio de lengua (Listening, Reading, Speaking, Writing)"
Profesional,3,229318,8208795,Cincuenta y uno(51) meses de EXPERIENCIA PROFESIONAL RELACIONADA,"Dependencia: ANTIOQUIA- CENTRO DE FORMACION EN DISEÑO, CONFECCION Y MODA,  Municipio: Itagüí, Total vacantes: 1","Título de PROFESIONAL en NBC: ADMINISTRACION
 ,O, NBC:   DISENO
 ,O, NBC:   EDUCACION
 ,O, NBC:   INGENIERIA ADMINISTRATIVA Y AFINES
 ,O, NBC:   LENGUAS MODERNAS, LITERATURA, LINGUISTICA Y AFINES.
 ,Y, Certificación internacional de dominio del inglés en nivel B2 según el Marco Común Europeo de Referencia MCER. Las certificaciones deben corresponder a la lista de exámenes aprobados por la NTC5580 (Icontec-Men), y aquellas normas que la modifiquen, actualicen o sustituyan, tener una vigencia de 2 años, corresponder a las 4 habilidades de dominio de lengua (Listening, Reading, Speaking, Writing)"
Profesional,3,229320,8208795,Cincuenta y uno(51) meses de EXPERIENCIA PROFESIONAL RELACIONADA,"Dependencia: CORDOBA- CENTRO AGROPECUARIO Y DE BIOTECNOLOGIA EL PORVENIR - CORREGIMIENTO SANTA ISABEL,  Municipio: Montería, Total vacantes: 1","Título de PROFESIONAL en NBC: ADMINISTRACION
 ,O, NBC:   AGRONOMIA
 ,O, NBC:   BIOLOGIA, MICROBIOLOGIA Y AFINES
 ,O, NBC:   EDUCACION
 ,O, NBC:   INGENIERIA ADMINISTRATIVA Y AFINES
 ,O, NBC:   INGENIERIA AGRICOLA, FORESTAL Y AFINES
 ,O, NBC:   INGENIERIA AGROINDUSTRIAL, ALIMENTOS Y AFINES
 ,O, NBC:   INGENIERIA AGRONOMICA, PECUARIA Y AFINES
 ,O, NBC:   LENGUAS MODERNAS, LITERATURA, LINGUISTICA Y AFINES.
 ,Y, Certificación internacional de dominio del inglés en nivel B2 según el Marco Común Europeo de Referencia MCER. Las certificaciones deben corresponder a la lista de exámenes aprobados por la NTC5580 (Icontec-Men), y aquellas normas que la modifiquen, actualicen o sustituyan, tener una vigencia de 2 años, corresponder a las 4 habilidades de dominio de lengua (Listening, Reading, Speaking, Writing)"
Profesional,1,229322,9095760,"Diez y ocho(18) meses de experiencia relacionada con implementación de procesos de innovación, o investigación o producción académica, o divulgación científica, o propiedad intelectual, o transferencia tecnológica, o metodologías de evaluación de procesos y seguimiento a proyectos de ciencia, tecnología e innovación","Dependencia: NORTE DE SANTANDER- CENTRO DE LA INDUSTRIA, LA EMPRESA Y LOS SERVICIOS,  Municipio: Cúcuta, Total vacantes: 1","Título de PROFESIONAL en NBC: ADMINISTRACION
 ,O, NBC:   ARQUITECTURA
 ,O, NBC:   ARTES PLASTICAS, VISUALES Y AFINES
 ,O, NBC:   ARTES REPRESENTATIVAS
 ,O, NBC:   BIOLOGIA, MICROBIOLOGIA Y AFINES
 ,O, NBC:   DISENO
 ,O, NBC:   FISICA
 ,O, NBC:   INGENIERIA AGROINDUSTRIAL, ALIMENTOS Y AFINES
 ,O, NBC:   INGENIERIA AMBIENTAL, SANITARIA Y AFINES
 ,O, NBC:   INGENIERIA BIOMEDICA Y AFINES
 ,O, NBC:   INGENIERIA DE SISTEMAS, TELEMATICA Y AFINES
 ,O, NBC:   INGENIERIA ELECTRICA Y AFINES
 ,O, NBC:   INGENIERIA ELECTRONICA, TELECOMUNICACIONES Y AFINES
 ,O, NBC:   INGENIERIA INDUSTRIAL Y AFINES
 ,O, NBC:   INGENIERIA MECANICA Y AFINES
 ,O, NBC:   INGENIERIA QUIMICA Y AFINES
 ,O, NBC:   MATEMATICAS, ESTADISTICA Y AFINES
 ,O, NBC:   PUBLICIDAD Y AFINES
 ,O, NBC:   QUIMICA Y AFINES.

Titulo de postgrado en la modalidad de MAESTRIA en NBC: ADMINISTRACION
 ,O, NBC:   ARQUITECTURA
 ,O, NBC:   ARTES PLASTICAS, VISUALES Y AFINES
 ,O, NBC:   ARTES REPRESENTATIVAS
 ,O, NBC:   BIOLOGIA, MICROBIOLOGIA Y AFINES
 ,O, NBC:   DISENO
 ,O, NBC:   FISICA
 ,O, NBC:   INGENIERIA AGROINDUSTRIAL, ALIMENTOS Y AFINES
 ,O, NBC:   INGENIERIA AMBIENTAL, SANITARIA Y AFINES
 ,O, NBC:   INGENIERIA BIOMEDICA Y AFINES
 ,O, NBC:   INGENIERIA DE SISTEMAS, TELEMATICA Y AFINES
 ,O, NBC:   INGENIERIA ELECTRICA Y AFINES
 ,O, NBC:   INGENIERIA ELECTRONICA, TELECOMUNICACIONES Y AFINES
 ,O, NBC:   INGENIERIA INDUSTRIAL Y AFINES
 ,O, NBC:   INGENIERIA MECANICA Y AFINES
 ,O, NBC:   INGENIERIA QUIMICA Y AFINES
 ,O, NBC:   MATEMATICAS, ESTADISTICA Y AFINES
 ,O, NBC:   PUBLICIDAD Y AFINES
 ,O, NBC:   QUIMICA Y AFINES.
 ,Y, Acreditar una (1) certificación, de entre las siguientes opciones: (1) Fortalecimiento de las Capacidades en Marco Lógico; (2) Fortalecimiento de las Capacidades en Propiedad Intelectual para Investigadores; (3) Escritura y Producción Intelectual o Escritura de Artículos Científicos y Tecnológicos; (4) Herramientas y Competencias para la Generación de Innovación; (5) Definición de Indicadores de Innovación y Vigilancia Tecnológica."
Técnico,1,229323,4637276,Doce(12) meses de EXPERIENCIA RELACIONADA,"Dependencia: ANTIOQUIA- CENTRO DE FORMACION EN DISEÑO, CONFECCION Y MODA,  Municipio: Itagüí, Total vacantes: 1","Título de TECNOLOGICA en NBC: INGENIERIA DE SISTEMAS, TELEMATICA Y AFINES
 ,O, NBC:   INGENIERIA ELECTRONICA, TELECOMUNICACIONES Y AFINES.

Titulo de postgrado en la modalidad de ESPECIALIZACION TECNOLOGICA en NBC: INGENIERIA DE SISTEMAS, TELEMATICA Y AFINES
 ,O, NBC:   INGENIERIA ELECTRONICA, TELECOMUNICACIONES Y AFINES."
Instructor,1,229324,4065092,"Doce(12) meses de EXPERIENCIA RELACIONADA, 
 Y, Doce(12) meses de EXPERIENCIA DOCENTE, 
 O, Doce(12) meses de Experiencia relacionada con el ejercicio de diseño y acreditar la totalidad de las catorce (14) certificaciones de la ruta formativa en “Competencias Integrales para la Cualificación del Instructor SENA","Dependencia: ANTIOQUIA- CENTRO DEL DISEÑO Y MANUFACTURA DEL CUERO,  Municipio: Itagüí, Total vacantes: 1","Título de PROFESIONAL en NBC: DISENO
 ,O, NBC:   INGENIERIA INDUSTRIAL Y AFINES."
Instructor,37,229325,4065092,"Doce(12) meses de EXPERIENCIA RELACIONADA, 
 Y, Doce(12) meses de EXPERIENCIA DOCENTE, 
 O, Doce(12) meses de Experiencia relacionada con el ejercicio de software y acreditar la totalidad de las catorce (14) certificaciones de la ruta formativa en “Competencias Integrales para la Cualificación del Instructor SENA","Dependencia: BOYACA- CENTRO MINERO,  Municipio: Sogamoso, Total vacantes: 1","Título de PROFESIONAL en NBC: EDUCACION
 ,O, NBC:   INGENIERIA DE SISTEMAS, TELEMATICA Y AFINES."
Profesional,2,229327,8208795,Cincuenta y uno(51) meses de EXPERIENCIA PROFESIONAL RELACIONADA,"Dependencia: HUILA- CENTRO DE GESTION Y DESARROLLO SOSTENIBLE SURCOLOMBIANO,  Municipio: Pitalito, Total vacantes: 1","Título de PROFESIONAL en NBC: ADMINISTRACION
 ,O, NBC:   EDUCACION
 ,O, NBC:   INGENIERIA ADMINISTRATIVA Y AFINES
 ,O, NBC:   INGENIERIA AGRICOLA, FORESTAL Y AFINES
 ,O, NBC:   INGENIERIA AMBIENTAL, SANITARIA Y AFINES
 ,O, NBC:   LENGUAS MODERNAS, LITERATURA, LINGUISTICA Y AFINES.
 ,Y, Certificación internacional de dominio del inglés en nivel B2 según el Marco Común Europeo de Referencia MCER. Las certificaciones deben corresponder a la lista de exámenes aprobados por la NTC5580 (Icontec-Men), y aquellas normas que la modifiquen, actualicen o sustituyan, tener una vigencia de 2 años, corresponder a las 4 habilidades de dominio de lengua (Listening, Reading, Speaking, Writing)"
Instructor,1,229328,4065092,"Doce(12) meses de EXPERIENCIA RELACIONADA, 
 Y, Doce(12) meses de EXPERIENCIA DOCENTE, 
 O, Doce(12) meses de Experiencia relacionada con el ejercicio de turismo y acreditar la totalidad de las catorce (14) certificaciones de la ruta formativa en “Competencias Integrales para la Cualificación del Instructor SENA.","Dependencia: RISARALDA-CENTRO ATENCIÓN SECTOR AGROPECUARIO,  Municipio: Pereira, Total vacantes: 1",Título de PROFESIONAL en NBC: ADMINISTRACION.
Profesional,2,229329,6188097,Doce(12) meses de EXPERIENCIA PROFESIONAL RELACIONADA,"Dependencia: NORTE DE SANTANDER- CENTRO DE LA INDUSTRIA, LA EMPRESA Y LOS SERVICIOS,  Municipio: Cúcuta, Total vacantes: 1","Título de PROFESIONAL en NBC: ADMINISTRACION
 ,O, NBC:   CIENCIA POLITICA, RELACIONES INTERNACIONALES
 ,O, NBC:   ECONOMIA
 ,O, NBC:   EDUCACION
 ,O, NBC:   INGENIERIA ADMINISTRATIVA Y AFINES
 ,O, NBC:   INGENIERIA DE SISTEMAS, TELEMATICA Y AFINES
 ,O, NBC:   INGENIERIA INDUSTRIAL Y AFINES.

Titulo de postgrado en la modalidad de ESPECIALIZACION EN AREAS RELACIONADAS CON LAS FUNCIONES DEL EMPLEO."
Instructor,1,229331,4065092,"Doce(12) meses de EXPERIENCIA RELACIONADA, 
 Y, Doce(12) meses de EXPERIENCIA DOCENTE, 
 O, Doce(12) meses de Experiencia relacionada con el ejercicio de agroecología y acreditar la totalidad de las catorce (14) certificaciones de la ruta formativa en “Competencias Integrales para la Cualificación del Instructor SENA","Dependencia: CUNDINAMARCA-CENTRO DE BIOTECNOLOGÍA AGROPECUARIA,  Municipio: Mosquera, Total vacantes: 1","Título de PROFESIONAL en NBC: ADMINISTRACION
 ,O, NBC:   AGRONOMIA
 ,O, NBC:   EDUCACION
 ,O, NBC:   INGENIERIA AGRICOLA, FORESTAL Y AFINES
 ,O, NBC:   INGENIERIA AGROINDUSTRIAL, ALIMENTOS Y AFINES
 ,O, NBC:   INGENIERIA AGRONOMICA, PECUARIA Y AFINES."
Profesional,1,229332,8208795,"Quince(15) meses de experiencia relacionada con implementación de procesos de innovación, o investigación o producción académica, o divulgación científica, o propiedad intelectual, o transferencia tecnológica, o metodologías de evaluación de procesos y seguimiento a proyectos de ciencia, tecnología e innovación","Dependencia: VALLE-CENTRO DE BIOTECNOLOGÍA INDUSTRIAL,  Municipio: Palmira, Total vacantes: 1","Título de PROFESIONAL en NBC: BIOLOGIA, MICROBIOLOGIA Y AFINES
 ,O, NBC:   INGENIERIA AGROINDUSTRIAL, ALIMENTOS Y AFINES
 ,O, NBC:   INGENIERIA AGRONOMICA, PECUARIA Y AFINES.

Titulo de postgrado en la modalidad de MAESTRIA en NBC: BIOLOGIA, MICROBIOLOGIA Y AFINES
 ,O, NBC:   INGENIERIA AGROINDUSTRIAL, ALIMENTOS Y AFINES
 ,O, NBC:   INGENIERIA AGRONOMICA, PECUARIA Y AFINES.


,Y, acreditar una (1) certificación, de entre las siguientes opciones: (1) Fortalecimiento de las Capacidades en Marco Lógico; (2) Fortalecimiento de las Capacidades en Propiedad Intelectual para Investigadores; (3) Escritura y Producción Intelectual o Escritura de Artículos Científicos y Tecnológicos; (4) Herramientas y Competencias para la generación de Innovación; (5) Definición de Indicadores y Vigilancia Tecnológica."
Profesional,1,229333,8208795,Cincuenta y uno(51) meses de EXPERIENCIA PROFESIONAL RELACIONADA,"Dependencia: BOLIVAR- CENTRO PARA LA INDUSTRIA PETROQUIMICA,  Municipio: Cartagena De Indias, Total vacantes: 1","Título de PROFESIONAL en NBC: ADMINISTRACION
 ,O, NBC:   EDUCACION
 ,O, NBC:   INGENIERIA ADMINISTRATIVA Y AFINES
 ,O, NBC:   INGENIERIA INDUSTRIAL Y AFINES
 ,O, NBC:   INGENIERIA QUIMICA Y AFINES
 ,O, NBC:   LENGUAS MODERNAS, LITERATURA, LINGUISTICA Y AFINES.
 ,Y, Certificación internacional de dominio del inglés en nivel B2 según el Marco Común Europeo de Referencia MCER. Las certificaciones deben corresponder a la lista de exámenes aprobados por la NTC5580 (Icontec-Men), y aquellas normas que la modifiquen, actualicen o sustituyan, tener una vigencia de 2 años, corresponder a las 4 habilidades de dominio de lengua (Listening, Reading, Speaking, Writing)"
Instructor,3,229334,4065092,"Doce(12) meses de EXPERIENCIA RELACIONADA, 
 Y, Doce(12) meses de EXPERIENCIA DOCENTE, 
 O, Doce(12) meses de Experiencia relacionada con el ejercicio de agroindustrial- control de calidad e inocuidad y acreditar la totalidad de las catorce (14) certificaciones de la ruta formativa en “Competencias Integrales para la Cualificación del Instructor SENA","Dependencia: BOLIVAR- CENTRO AGROEMPRESARIAL Y MINERO,  Municipio: Cartagena De Indias, Total vacantes: 1","Título de PROFESIONAL en NBC: ADMINISTRACION
 ,O, NBC:   BIOLOGIA, MICROBIOLOGIA Y AFINES
 ,O, NBC:   INGENIERIA AGROINDUSTRIAL, ALIMENTOS Y AFINES
 ,O, NBC:   INGENIERIA INDUSTRIAL Y AFINES
 ,O, NBC:   INGENIERIA QUIMICA Y AFINES
 ,O, NBC:   QUIMICA Y AFINES."
Profesional,4,229335,8208795,Cincuenta y uno(51) meses de EXPERIENCIA PROFESIONAL RELACIONADA,"Dependencia: DISTRITO CAPITAL-CENTRO METALMECÁNICO,  Municipio: Bogotá D.C., Total vacantes: 1","Título de PROFESIONAL en NBC: ADMINISTRACION
 ,O, NBC:   EDUCACION
 ,O, NBC:   INGENIERIA ADMINISTRATIVA Y AFINES
 ,O, NBC:   INGENIERIA DE MINAS, METALURGIA Y AFINES
 ,O, NBC:   LENGUAS MODERNAS, LITERATURA, LINGUISTICA Y AFINES.
 ,Y, Certificación internacional de dominio del inglés en nivel B2 según el Marco Común Europeo de Referencia MCER. Las certificaciones deben corresponder a la lista de exámenes aprobados por la NTC5580 (Icontec-Men), y aquellas normas que la modifiquen, actualicen o sustituyan, tener una vigencia de 2 años, corresponder a las 4 habilidades de dominio de lengua (Listening, Reading, Speaking, Writing)"
Profesional,2,229336,8208795,Cincuenta y uno(51) meses de EXPERIENCIA PROFESIONAL RELACIONADA,"Dependencia: CAUCA- CENTRO DE TELEINFORMÁTICA Y PRODUCCIÓN INDUSTRIAL,  Municipio: Popayán, Total vacantes: 1","Título de PROFESIONAL en NBC: ADMINISTRACION
 ,O, NBC:   EDUCACION
 ,O, NBC:   INGENIERIA ADMINISTRATIVA Y AFINES
 ,O, NBC:   INGENIERIA DE SISTEMAS, TELEMATICA Y AFINES
 ,O, NBC:   INGENIERIA INDUSTRIAL Y AFINES
 ,O, NBC:   LENGUAS MODERNAS, LITERATURA, LINGUISTICA Y AFINES.
 ,Y, Certificación internacional de dominio del inglés en nivel B2 según el Marco Común Europeo de Referencia MCER. Las certificaciones deben corresponder a la lista de exámenes aprobados por la NTC5580 (Icontec-Men), y aquellas normas que la modifiquen, actualicen o sustituyan, tener una vigencia de 2 años, corresponder a las 4 habilidades de dominio de lengua (Listening, Reading, Speaking, Writing)"
Profesional,1,229338,8208795,Cincuenta y uno(51) meses de EXPERIENCIA PROFESIONAL RELACIONADA,"Dependencia: CESAR-CENTRO BIOTECNOLÓGICO DEL CARIBE,  Municipio: Valledupar, Total vacantes: 1","Título de PROFESIONAL en NBC: ADMINISTRACION
 ,O, NBC:   BIOLOGIA, MICROBIOLOGIA Y AFINES
 ,O, NBC:   EDUCACION
 ,O, NBC:   INGENIERIA ADMINISTRATIVA Y AFINES
 ,O, NBC:   LENGUAS MODERNAS, LITERATURA, LINGUISTICA Y AFINES.
 ,Y, Certificación internacional de dominio del inglés en nivel B2 según el Marco Común Europeo de Referencia MCER. Las certificaciones deben corresponder a la lista de exámenes aprobados por la NTC5580 (Icontec-Men), y aquellas normas que la modifiquen, actualicen o sustituyan, tener una vigencia de 2 años, corresponder a las 4 habilidades de dominio de lengua (Listening, Reading, Speaking, Writing)"
Profesional,4,229339,8208795,Cincuenta y uno(51) meses de EXPERIENCIA PROFESIONAL RELACIONADA,"Dependencia: VALLE-CENTRO DE GESTIÓN TECNOLÓGICA DE SERVICIOS,  Municipio: Cali, Total vacantes: 2","Título de PROFESIONAL en NBC: ADMINISTRACION
 ,O, NBC:   EDUCACION
 ,O, NBC:   INGENIERIA ADMINISTRATIVA Y AFINES
 ,O, NBC:   INGENIERIA DE SISTEMAS, TELEMATICA Y AFINES
 ,O, NBC:   LENGUAS MODERNAS, LITERATURA, LINGUISTICA Y AFINES.
 ,Y, Certificación internacional de dominio del inglés en nivel B2 según el Marco Común Europeo de Referencia MCER. Las certificaciones deben corresponder a la lista de exámenes aprobados por la NTC5580 (Icontec-Men), y aquellas normas que la modifiquen, actualicen o sustituyan, tener una vigencia de 2 años, corresponder a las 4 habilidades de dominio de lengua (Listening, Reading, Speaking, Writing)"
Profesional,1,229340,8208795,Cincuenta y uno(51) meses de EXPERIENCIA PROFESIONAL RELACIONADA,"Dependencia: DISTRITO CAPITAL- CENTRO DE ELECTRICIDAD, ELECTRONICA Y TELECOMUNICACIONES,  Municipio: Bogotá D.C., Total vacantes: 1","Título de PROFESIONAL en NBC: ADMINISTRACION
 ,O, NBC:   EDUCACION
 ,O, NBC:   INGENIERIA ADMINISTRATIVA Y AFINES
 ,O, NBC:   INGENIERIA DE SISTEMAS, TELEMATICA Y AFINES
 ,O, NBC:   INGENIERIA ELECTRICA Y AFINES
 ,O, NBC:   INGENIERIA ELECTRONICA, TELECOMUNICACIONES Y AFINES
 ,O, NBC:   LENGUAS MODERNAS, LITERATURA, LINGUISTICA Y AFINES.
 ,Y, Certificación internacional de dominio del inglés en nivel B2 según el Marco Común Europeo de Referencia MCER. Las certificaciones deben corresponder a la lista de exámenes aprobados por la NTC5580 (Icontec-Men), y aquellas normas que la modifiquen, actualicen o sustituyan, tener una vigencia de 2 años, corresponder a las 4 habilidades de dominio de lengua (Listening, Reading, Speaking, Writing)"
Instructor,2,229341,4065092,"Doce(12) meses de EXPERIENCIA RELACIONADA, 
 Y, Doce(12) meses de EXPERIENCIA DOCENTE, 
 O, Doce(12) meses de Experiencia relacionada con el ejercicio de confección industrial y acreditar la totalidad de las catorce (14) certificaciones de la ruta formativa en “Competencias Integrales para la Cualificación del Instructor SENA","Dependencia: VALLE-CENTRO DE DISEÑO TECNOLÓGICO INDUSTRIAL,  Municipio: Cali, Total vacantes: 1","Título de PROFESIONAL en NBC: DISENO
 ,O, NBC:   INGENIERIA INDUSTRIAL Y AFINES."
Profesional,2,229343,5848204,Seis(6) meses de EXPERIENCIA PROFESIONAL RELACIONADA,"Dependencia: CAQUETÁ-CENTRO TECNOLÓGICO DE LA AMAZONIA,  Municipio: Florencia, Total vacantes: 1","Título de PROFESIONAL en NBC: ADMINISTRACION
 ,O, NBC:   CIENCIA POLITICA, RELACIONES INTERNACIONALES
 ,O, NBC:   ECONOMIA
 ,O, NBC:   EDUCACION
 ,O, NBC:   INGENIERIA ADMINISTRATIVA Y AFINES
 ,O, NBC:   INGENIERIA DE SISTEMAS, TELEMATICA Y AFINES
 ,O, NBC:   INGENIERIA INDUSTRIAL Y AFINES.

Titulo de postgrado en la modalidad de ESPECIALIZACION EN AREAS RELACIONADAS CON LAS FUNCIONES DEL EMPLEO."
Profesional,3,229344,5848204,Seis(6) meses de EXPERIENCIA PROFESIONAL RELACIONADA,"Dependencia: NORTE DE SANTANDER- CENTRO DE FORMACION PARA EL DESARROLLO RURAL Y MINERO,  Municipio: Cúcuta, Total vacantes: 1","Título de PROFESIONAL en NBC: ADMINISTRACION
 ,O, NBC:   ARQUITECTURA
 ,O, NBC:   BACTERIOLOGIA
 ,O, NBC:   CIENCIA POLITICA, RELACIONES INTERNACIONALES
 ,O, NBC:   COMUNICACION SOCIAL, PERIODISMO Y AFINES
 ,O, NBC:   CONTADURIA PUBLICA
 ,O, NBC:   DERECHO Y AFINES
 ,O, NBC:   ECONOMIA
 ,O, NBC:   EDUCACION
 ,O, NBC:   ENFERMERIA
 ,O, NBC:   INGENIERIA ADMINISTRATIVA Y AFINES
 ,O, NBC:   INGENIERIA AGROINDUSTRIAL, ALIMENTOS Y AFINES
 ,O, NBC:   INGENIERIA AMBIENTAL, SANITARIA Y AFINES
 ,O, NBC:   INGENIERIA CIVIL Y AFINES
 ,O, NBC:   INGENIERIA DE SISTEMAS, TELEMATICA Y AFINES
 ,O, NBC:   INGENIERIA ELECTRONICA, TELECOMUNICACIONES Y AFINES
 ,O, NBC:   INGENIERIA INDUSTRIAL Y AFINES
 ,O, NBC:   INGENIERIA MECANICA Y AFINES
 ,O, NBC:   MEDICINA
 ,O, NBC:   ODONTOLOGIA
 ,O, NBC:   PSICOLOGIA
 ,O, NBC:   SOCIOLOGIA, TRABAJO SOCIAL Y AFINES
 ,O, NBC:   TERAPIAS.

Titulo de postgrado en la modalidad de ESPECIALIZACION EN AREAS RELACIONADAS CON LAS FUNCIONES DEL EMPLEO."
Profesional,1,229345,7477656,Veintiuno(21) meses de EXPERIENCIA PROFESIONAL RELACIONADA,"Dependencia: DISTRITO CAPITAL-CENTRO FORMACIÓN DE TALENTO HUMANO EN SALUD,  Municipio: Bogotá D.C., Total vacantes: 1","Título de PROFESIONAL en NBC: ADMINISTRACION
 ,O, NBC:   AGRONOMIA
 ,O, NBC:   ANTROPOLOGIA Y ARTES LIBERALES
 ,O, NBC:   ARQUITECTURA
 ,O, NBC:   BACTERIOLOGIA
 ,O, NBC:   BIBLIOTECOLOGIA, OTROS DE CIENCIAS SOCIALES Y HUMANAS
 ,O, NBC:   BIOLOGIA, MICROBIOLOGIA Y AFINES
 ,O, NBC:   CIENCIA POLITICA, RELACIONES INTERNACIONALES
 ,O, NBC:   COMUNICACION SOCIAL, PERIODISMO Y AFINES
 ,O, NBC:   CONTADURIA PUBLICA
 ,O, NBC:   DERECHO Y AFINES
 ,O, NBC:   DISENO
 ,O, NBC:   ECONOMIA
 ,O, NBC:   EDUCACION
 ,O, NBC:   ENFERMERIA
 ,O, NBC:   INGENIERIA ADMINISTRATIVA Y AFINES
 ,O, NBC:   INGENIERIA AGRICOLA, FORESTAL Y AFINES
 ,O, NBC:   INGENIERIA AGROINDUSTRIAL, ALIMENTOS Y AFINES
 ,O, NBC:   INGENIERIA AGRONOMICA, PECUARIA Y AFINES
 ,O, NBC:   INGENIERIA AMBIENTAL, SANITARIA Y AFINES
 ,O, NBC:   INGENIERIA BIOMEDICA Y AFINES
 ,O, NBC:   INGENIERIA CIVIL Y AFINES
 ,O, NBC:   INGENIERIA DE MINAS, METALURGIA Y AFINES
 ,O, NBC:   INGENIERIA DE SISTEMAS, TELEMATICA Y AFINES
 ,O, NBC:   INGENIERIA ELECTRICA Y AFINES
 ,O, NBC:   INGENIERIA ELECTRONICA, TELECOMUNICACIONES Y AFINES
 ,O, NBC:   INGENIERIA INDUSTRIAL Y AFINES
 ,O, NBC:   INGENIERIA MECANICA Y AFINES
 ,O, NBC:   INGENIERIA QUIMICA Y AFINES
 ,O, NBC:   MATEMATICAS, ESTADISTICA Y AFINES
 ,O, NBC:   MEDICINA
 ,O, NBC:   ODONTOLOGIA
 ,O, NBC:   OTRAS INGENIERIAS
 ,O, NBC:   QUIMICA Y AFINES
 ,O, NBC:   SOCIOLOGIA, TRABAJO SOCIAL Y AFINES
 ,O, NBC:   TERAPIAS
 ,O, NBC:   ZOOTECNIA.

Titulo de postgrado en la modalidad de ESPECIALIZACION EN AREAS RELACIONADAS CON LAS FUNCIONES DEL EMPLEO."
Instructor,12,229346,4065092,"Doce(12) meses de EXPERIENCIA RELACIONADA, 
 Y, Doce(12) meses de EXPERIENCIA DOCENTE, 
 O, Doce(12) meses de Experiencia relacionada con el ejercicio de gestión ambiental sectorial y urbana y acreditar la totalidad de las catorce (14) certificaciones de la ruta formativa en “Competencias Integrales para la Cualificación del Instructor SENA","Dependencia: CORDOBA- CENTRO AGROPECUARIO Y DE BIOTECNOLOGIA EL PORVENIR,  Municipio: Montería, Total vacantes: 1","Título de PROFESIONAL en NBC: BIOLOGIA, MICROBIOLOGIA Y AFINES
 ,O, NBC:   EDUCACION
 ,O, NBC:   INGENIERIA AGRICOLA, FORESTAL Y AFINES
 ,O, NBC:   INGENIERIA AGRONOMICA, PECUARIA Y AFINES
 ,O, NBC:   INGENIERIA AMBIENTAL, SANITARIA Y AFINES
 ,O, NBC:   INGENIERIA QUIMICA Y AFINES."
Instructor,3,229348,4065092,"Doce(12) meses de EXPERIENCIA RELACIONADA, 
 Y, Doce(12) meses de EXPERIENCIA DOCENTE, 
 O, Doce(12) meses de Experiencia relacionada con el ejercicio de mesa y bar y acreditar la totalidad de las catorce (14) certificaciones de la ruta formativa en “Competencias Integrales para la Cualificación del Instructor SENA","Dependencia: ANTIOQUIA- CENTRO DE LOS RECURSOS NATURALES RENOVABLES - LA SALADA,  Municipio: Caldas, Total vacantes: 1","Título de PROFESIONAL en NBC: ADMINISTRACION.
 ,Y, Hablar los idiomas castellano e inglés, para lo cual deberán acreditar nivel de inglés (B2), de conformidad con la Ley 47 de 1993 o las normas que lo modifiquen, actualicen o sustituyan.
Acreditar el requisito de residencia permanente con la tarjeta de circulación y residencia O.C.C.R.E de conformidad con el Decreto 2767 de 1991 o las normas que lo modifiquen, actualicen o sustituyan.
Nivel de lengua mínimo B2 de acuerdo al MCER. Los exámenes admitidos deben corresponder a la lista de exámenes aprobados por la NTC5580 (Icontec-Men), y aquellas normas que la modifiquen, actualicen o sustituyan, tener una vigencia de 2 años, corresponder a las 4 habilidades de dominio de lengua (Listening, Reading, Speaking, Writing."
Instructor,7,229349,4065092,"Doce(12) meses de EXPERIENCIA RELACIONADA, 
 Y, Doce(12) meses de EXPERIENCIA DOCENTE, 
 O, Doce(12) meses de Experiencia relacionada con el ejercicio de salud pública y acreditar la totalidad de las catorce (14) certificaciones de la ruta formativa en “Competencias Integrales para la Cualificación del Instructor SENA","Dependencia: NARIÑO-CENTRO SUR COLOMBIANO DE LOGÍSTICA INTERNACIONAL,  Municipio: Ipiales, Total vacantes: 1","Título de PROFESIONAL en NBC: ADMINISTRACION
 ,O, NBC:   MEDICINA
 ,O, NBC:   PSICOLOGIA
 ,O, NBC:   SALUD PUBLICA
 ,O, NBC:   SOCIOLOGIA, TRABAJO SOCIAL Y AFINES."
Instructor,1,229350,4065092,"Doce(12) meses de EXPERIENCIA RELACIONADA, 
 Y, Doce(12) meses de EXPERIENCIA DOCENTE, 
 O, Doce(12) meses de Experiencia relacionada con el ejercicio de talento humano y acreditar la totalidad de las catorce (14) certificaciones de la ruta formativa en “Competencias Integrales para la Cualificación del Instructor SENA","Dependencia: CORDOBA- CENTRO DE COMERCIO  INDUSTRIA Y TURISMO DE CORDOBA,  Municipio: Montería, Total vacantes: 1","Título de PROFESIONAL en NBC: ADMINISTRACION
 ,O, NBC:   CONTADURIA PUBLICA
 ,O, NBC:   DERECHO Y AFINES
 ,O, NBC:   EDUCACION
 ,O, NBC:   GEOGRAFIA, HISTORIA
 ,O, NBC:   INGENIERIA ADMINISTRATIVA Y AFINES
 ,O, NBC:   PSICOLOGIA."
Instructor,2,229351,4065092,"Doce(12) meses de EXPERIENCIA RELACIONADA, 
 Y, Doce(12) meses de EXPERIENCIA DOCENTE, 
 O, Doce(12) meses de Experiencia relacionada con el ejercicio de ventas y acreditar la totalidad de las catorce (14) certificaciones de la ruta formativa en “Competencias Integrales para la Cualificación del Instructor SENA","Dependencia: VALLE-CENTRO DE GESTIÓN TECNOLÓGICA DE SERVICIOS,  Municipio: Cali, Total vacantes: 1","Título de PROFESIONAL en NBC: ADMINISTRACION
 ,O, NBC:   ECONOMIA
 ,O, NBC:   EDUCACION
 ,O, NBC:   INGENIERIA INDUSTRIAL Y AFINES
 ,O, NBC:   SIN CLASIFICAR."
Instructor,4,229352,4065092,"Doce(12) meses de EXPERIENCIA RELACIONADA, 
 Y, Doce(12) meses de EXPERIENCIA DOCENTE, 
 O, Doce(12) meses de Experiencia relacionada con el ejercicio de gestión logística y acreditar la totalidad de las catorce (14) certificaciones de la ruta formativa en “Competencias Integrales para la Cualificación del Instructor SENA","Dependencia: DISTRITO CAPITAL- CENTRO DE GESTION DE MERCADOS, LOGISTICA Y TECNOLOGIAS DE LA INFORMACION,  Municipio: Bogotá D.C., Total vacantes: 1","Título de PROFESIONAL en NBC: ADMINISTRACION
 ,O, NBC:   ECONOMIA
 ,O, NBC:   INGENIERIA INDUSTRIAL Y AFINES."
Técnico,2,229353,4637276,Doce(12) meses de EXPERIENCIA RELACIONADA,"Dependencia: DISTRITO CAPITAL CENTRO DE GESTIÓN ADMINISTRATIVA,  Municipio: Bogotá D.C., Total vacantes: 1","Título de TECNOLOGICA en NBC: ADMINISTRACION
 ,O, NBC:   CONTADURIA PUBLICA
 ,O, NBC:   DERECHO Y AFINES
 ,O, NBC:   INGENIERIA ADMINISTRATIVA Y AFINES
 ,O, NBC:   INGENIERIA INDUSTRIAL Y AFINES.

Titulo de postgrado en la modalidad de ESPECIALIZACION TECNOLOGICA en NBC: ADMINISTRACION
 ,O, NBC:   CONTADURIA PUBLICA
 ,O, NBC:   DERECHO Y AFINES
 ,O, NBC:   INGENIERIA ADMINISTRATIVA Y AFINES
 ,O, NBC:   INGENIERIA INDUSTRIAL Y AFINES."
Instructor,2,229354,4065092,"Doce(12) meses de EXPERIENCIA RELACIONADA, 
 Y, Doce(12) meses de EXPERIENCIA DOCENTE, 
 O, Doce(12) meses de Experiencia relacionada con el ejercicio de transporte fluvial y acreditar la totalidad de las catorce (14) certificaciones de la ruta formativa en “Competencias Integrales para la Cualificación del Instructor SENA","Dependencia: ATLANTICO- CENTRO DE COMERCIO Y SERVICIOS,  Municipio: Barranquilla, Total vacantes: 2","Título de PROFESIONAL en NBC: FORMACION RELACIONADA CON EL CAMPO MILITAR O POLICIAL
 ,O, NBC:   INGENIERIA MECANICA Y AFINES."
Instructor,1,229355,4065092,"Doce(12) meses de EXPERIENCIA RELACIONADA, 
 Y, Doce(12) meses de EXPERIENCIA DOCENTE, 
 O, Doce(12) meses de Experiencia relacionada con el ejercicio de mantenimiento maquinaria de confección y acreditar la totalidad de las catorce (14) certificaciones de la ruta formativa en “Competencias Integrales para la Cualificación del Instructor SENA","Dependencia: ATLANTICO- CENTRO INDUSTRIAL Y DE AVIACION,  Municipio: Barranquilla, Total vacantes: 1","Título de PROFESIONAL en NBC: INGENIERIA INDUSTRIAL Y AFINES
 ,O, NBC:   INGENIERIA MECANICA Y AFINES."
Profesional,2,229356,5848204,Seis(6) meses de EXPERIENCIA PROFESIONAL RELACIONADA,"Dependencia: RISARALDA-CENTRO DE COMERCIO Y SERVICIOS,  Municipio: Pereira, Total vacantes: 1","Título de PROFESIONAL en NBC: ADMINISTRACION
 ,O, NBC:   ARQUITECTURA
 ,O, NBC:   CONTADURIA PUBLICA
 ,O, NBC:   DERECHO Y AFINES
 ,O, NBC:   ECONOMIA
 ,O, NBC:   INGENIERIA DE SISTEMAS, TELEMATICA Y AFINES
 ,O, NBC:   INGENIERIA INDUSTRIAL Y AFINES.

Titulo de postgrado en la modalidad de ESPECIALIZACION EN AREAS RELACIONADAS CON LAS FUNCIONES DEL EMPLEO."
Profesional,2,229358,5848204,Seis(6) meses de EXPERIENCIA PROFESIONAL RELACIONADA,"Dependencia: DISTRITO CAPITAL-CENTRO DE GESTIÓN INDUSTRIAL,  Municipio: Bogotá D.C., Total vacantes: 1","Título de PROFESIONAL en NBC: ADMINISTRACION
 ,O, NBC:   CONTADURIA PUBLICA
 ,O, NBC:   DERECHO Y AFINES
 ,O, NBC:   ECONOMIA
 ,O, NBC:   EDUCACION
 ,O, NBC:   FILOSOFIA, TEOLOGIA Y AFINES
 ,O, NBC:   INGENIERIA DE SISTEMAS, TELEMATICA Y AFINES
 ,O, NBC:   INGENIERIA INDUSTRIAL Y AFINES
 ,O, NBC:   PSICOLOGIA
 ,O, NBC:   SOCIOLOGIA, TRABAJO SOCIAL Y AFINES.

Titulo de postgrado en la modalidad de ESPECIALIZACION EN AREAS RELACIONADAS CON LAS FUNCIONES DEL EMPLEO."
Profesional,1,229359,6188097,Doce(12) meses de EXPERIENCIA PROFESIONAL RELACIONADA,"Dependencia: CAUCA- CENTRO DE TELEINFORMÁTICA Y PRODUCCIÓN INDUSTRIAL,  Municipio: Santander De Quilichao, Total vacantes: 1","Título de PROFESIONAL en NBC: ADMINISTRACION
 ,O, NBC:   ARQUITECTURA
 ,O, NBC:   BIBLIOTECOLOGIA, OTROS DE CIENCIAS SOCIALES Y HUMANAS
 ,O, NBC:   CIENCIA POLITICA, RELACIONES INTERNACIONALES
 ,O, NBC:   CONTADURIA PUBLICA
 ,O, NBC:   DERECHO Y AFINES
 ,O, NBC:   ECONOMIA
 ,O, NBC:   EDUCACION
 ,O, NBC:   INGENIERIA ADMINISTRATIVA Y AFINES
 ,O, NBC:   INGENIERIA AGRICOLA, FORESTAL Y AFINES
 ,O, NBC:   INGENIERIA AGRONOMICA, PECUARIA Y AFINES
 ,O, NBC:   INGENIERIA AMBIENTAL, SANITARIA Y AFINES
 ,O, NBC:   INGENIERIA CIVIL Y AFINES
 ,O, NBC:   INGENIERIA DE MINAS, METALURGIA Y AFINES
 ,O, NBC:   INGENIERIA DE SISTEMAS, TELEMATICA Y AFINES
 ,O, NBC:   INGENIERIA ELECTRICA Y AFINES
 ,O, NBC:   INGENIERIA INDUSTRIAL Y AFINES
 ,O, NBC:   INGENIERIA MECANICA Y AFINES
 ,O, NBC:   MATEMATICAS, ESTADISTICA Y AFINES
 ,O, NBC:   PSICOLOGIA
 ,O, NBC:   SOCIOLOGIA, TRABAJO SOCIAL Y AFINES.

Titulo de postgrado en la modalidad de ESPECIALIZACION EN AREAS RELACIONADAS CON LAS FUNCIONES DEL EMPLEO."
Instructor,2,229360,4065092,"Doce(12) meses de EXPERIENCIA RELACIONADA, 
 Y, Doce(12) meses de EXPERIENCIA DOCENTE, 
 O, Doce(12) meses de Experiencia relacionada con el ejercicio de químicos industriales y acreditar la totalidad de las catorce (14) certificaciones de la ruta formativa en “Competencias Integrales para la Cualificación del Instructor SENA","Dependencia: DISTRITO CAPITAL-CENTRO DE GESTIÓN INDUSTRIAL,  Municipio: Bogotá D.C., Total vacantes: 1","Título de PROFESIONAL en NBC: BIOLOGIA, MICROBIOLOGIA Y AFINES
 ,O, NBC:   EDUCACION
 ,O, NBC:   INGENIERIA QUIMICA Y AFINES
 ,O, NBC:   QUIMICA Y AFINES."
Profesional,7,229361,5175240,NO REQUIERE EXPERIENCIA,"Dependencia: DISTRITO CAPITAL-CENTRO DE TECNOLOGÍAS DEL TRANSPORTE,  Municipio: Bogotá D.C., Total vacantes: 1","Título de PROFESIONAL en NBC: ADMINISTRACION
 ,O, NBC:   BIBLIOTECOLOGIA, OTROS DE CIENCIAS SOCIALES Y HUMANAS.

Titulo de postgrado en la modalidad de ESPECIALIZACION EN AREAS RELACIONADAS CON LAS FUNCIONES DEL EMPLEO."
Profesional,1,229362,5175240,NO REQUIERE EXPERIENCIA,"Dependencia: NARIÑO-CENTRO AGROINDUSTRIAL Y PESQUERO DE LA COSTA PACIFICA,  Municipio: Tumaco, Total vacantes: 1","Título de PROFESIONAL en NBC: ADMINISTRACION
 ,O, NBC:   AGRONOMIA
 ,O, NBC:   CONTADURIA PUBLICA
 ,O, NBC:   ECONOMIA
 ,O, NBC:   INGENIERIA ADMINISTRATIVA Y AFINES
 ,O, NBC:   INGENIERIA AGRICOLA, FORESTAL Y AFINES
 ,O, NBC:   INGENIERIA AGROINDUSTRIAL, ALIMENTOS Y AFINES
 ,O, NBC:   INGENIERIA AGRONOMICA, PECUARIA Y AFINES
 ,O, NBC:   INGENIERIA INDUSTRIAL Y AFINES.

Titulo de postgrado en la modalidad de ESPECIALIZACION EN AREAS RELACIONADAS CON LAS FUNCIONES DEL EMPLEO."
Instructor,1,229364,4065092,Treinta y seis(36) meses de experiencia relacionada con la docencia de lengua inglesa,"Dependencia: SAN ANDRES- CENTRO DE FORMACION TURISTICA, GENTE DE MAR Y DE SERVICIOS,  Municipio: San Andrés, Total vacantes: 1","Título de FORMACION TECNICA PROFESIONAL EN CUALQUIER NUCLEO BASICO DEL CONOCIMIENTO.


,Y, Hablar los idiomas castellano e inglés, para lo cual deberán acreditar nivel de inglés (B2), de conformidad con la Ley 47 de 1993 o las normas que lo modifiquen, actualicen o sustituyan.
Acreditar el requisito de residencia permanente con la tarjeta de circulación y residencia O.C.C.R.E de conformidad con el Decreto 2767 de 1991 o las normas que lo modifiquen, actualicen o sustituyan.
Nivel de lengua mínimo B2 de acuerdo al MCER. Los exámenes admitidos deben corresponder a la lista de exámenes aprobados por la NTC5580 (Icontec-Men), y aquellas normas que la modifiquen, actualicen o sustituyan, tener una vigencia de 2 años, corresponder a las 4 habilidades de dominio de lengua (Listening, Reading, Speaking, Writing)"
Instructor,135,229365,4065092,"Doce(12) meses de EXPERIENCIA DOCENTE, 
 Y, Seis(6) meses de experiencia relacionados con el ejercicio de la profesión u oficio objeto de la formación profesional, 
 Y, Doce(12) meses de experiencia relacionados con asistencia técnica o extensión rural o formulación, implementación, desarrollo y seguimiento a proyectos productivos  agropecuarios, agroindustriales y/o formación profesiona","Dependencia: BOYACA- CENTRO DE DESARROLLO AGROPECUARIO Y AGROINDUSTRIAL,  Municipio: Duitama, Total vacantes: 4","Título de TECNOLOGICA en NBC: AGRONOMIA
 ,O, NBC:   BIOLOGIA, MICROBIOLOGIA Y AFINES
 ,O, NBC:   INGENIERIA AGRICOLA, FORESTAL Y AFINES
 ,O, NBC:   INGENIERIA AGROINDUSTRIAL, ALIMENTOS Y AFINES
 ,O, NBC:   INGENIERIA AGRONOMICA, PECUARIA Y AFINES
 ,O, NBC:   MEDICINA VETERINARIA
 ,O, NBC:   ZOOTECNIA.
 ,Y, Acreditar una (1) certificación, de entre las siguientes opciones: o (1) Extensión Rural, o (2) Asistencia Técnica o (3) Formulación y Evaluación de Proyectos."
Profesional,7,229366,8208795,Cincuenta y uno(51) meses de EXPERIENCIA PROFESIONAL RELACIONADA,"Dependencia: HUILA- CENTRO DE DESARROLLO AGROEMPRESARIAL Y TURISTICO DEL HUILA,  Municipio: La Plata, Total vacantes: 1","Título de PROFESIONAL en NBC: ADMINISTRACION
 ,O, NBC:   AGRONOMIA
 ,O, NBC:   EDUCACION
 ,O, NBC:   INGENIERIA ADMINISTRATIVA Y AFINES
 ,O, NBC:   INGENIERIA AGRICOLA, FORESTAL Y AFINES
 ,O, NBC:   INGENIERIA AGROINDUSTRIAL, ALIMENTOS Y AFINES
 ,O, NBC:   INGENIERIA AGRONOMICA, PECUARIA Y AFINES
 ,O, NBC:   LENGUAS MODERNAS, LITERATURA, LINGUISTICA Y AFINES.
 ,Y, Certificación internacional de dominio del inglés en nivel B2 según el Marco Común Europeo de Referencia MCER. Las certificaciones deben corresponder a la lista de exámenes aprobados por la NTC5580 (Icontec-Men), y aquellas normas que la modifiquen, actualicen o sustituyan, tener una vigencia de 2 años, corresponder a las 4 habilidades de dominio de lengua (Listening, Reading, Speaking, Writing)"
Profesional,1,229367,8208795,Cincuenta y uno(51) meses de EXPERIENCIA PROFESIONAL RELACIONADA,"Dependencia: NORTE DE SANTANDER- CENTRO DE FORMACION PARA EL DESARROLLO RURAL Y MINERO,  Municipio: Cúcuta, Total vacantes: 1","Título de PROFESIONAL en NBC: ADMINISTRACION
 ,O, NBC:   AGRONOMIA
 ,O, NBC:   CIENCIA POLITICA, RELACIONES INTERNACIONALES
 ,O, NBC:   EDUCACION
 ,O, NBC:   INGENIERIA ADMINISTRATIVA Y AFINES
 ,O, NBC:   INGENIERIA AGRICOLA, FORESTAL Y AFINES
 ,O, NBC:   INGENIERIA AGRONOMICA, PECUARIA Y AFINES
 ,O, NBC:   INGENIERIA AMBIENTAL, SANITARIA Y AFINES
 ,O, NBC:   INGENIERIA DE MINAS, METALURGIA Y AFINES
 ,O, NBC:   LENGUAS MODERNAS, LITERATURA, LINGUISTICA Y AFINES.
 ,Y, Certificación internacional de dominio del inglés en nivel B2 según el Marco Común Europeo de Referencia MCER. Las certificaciones deben corresponder a la lista de exámenes aprobados por la NTC5580 (Icontec-Men), y aquellas normas que la modifiquen, actualicen o sustituyan, tener una vigencia de 2 años, corresponder a las 4 habilidades de dominio de lengua (Listening, Reading, Speaking, Writing)"
Profesional,23,229369,9095760,Diez y ocho(18) meses de EXPERIENCIA PROFESIONAL RELACIONADA,"Dependencia: AMAZONAS- CENTRO PARA LA BIODIVERSIDAD Y EL TURISMO DEL AMAZONAS,  Municipio: Leticia, Total vacantes: 1","Título de PROFESIONAL en NBC: AGRONOMIA
 ,O, NBC:   BIOLOGIA, MICROBIOLOGIA Y AFINES
 ,O, NBC:   INGENIERIA AGRICOLA, FORESTAL Y AFINES
 ,O, NBC:   INGENIERIA AGROINDUSTRIAL, ALIMENTOS Y AFINES
 ,O, NBC:   INGENIERIA AGRONOMICA, PECUARIA Y AFINES
 ,O, NBC:   MEDICINA VETERINARIA
 ,O, NBC:   ZOOTECNIA.

Titulo de postgrado en la modalidad de MAESTRIA EN AREAS RELACIONADAS CON LAS FUNCIONES DEL EMPLEO."
Profesional,1,229370,8208795,Cincuenta y uno(51) meses de EXPERIENCIA PROFESIONAL RELACIONADA,"Dependencia: ANTIOQUIA- COMPLEJO TECNOLÓGICO MINERO AGROEMPRESARIAL,  Municipio: Puerto Berrío, Total vacantes: 1","Título de PROFESIONAL en NBC: ADMINISTRACION
 ,O, NBC:   AGRONOMIA
 ,O, NBC:   CONTADURIA PUBLICA
 ,O, NBC:   ECONOMIA
 ,O, NBC:   EDUCACION
 ,O, NBC:   INGENIERIA ADMINISTRATIVA Y AFINES
 ,O, NBC:   INGENIERIA AGRICOLA, FORESTAL Y AFINES
 ,O, NBC:   INGENIERIA AGROINDUSTRIAL, ALIMENTOS Y AFINES
 ,O, NBC:   INGENIERIA AGRONOMICA, PECUARIA Y AFINES
 ,O, NBC:   INGENIERIA DE MINAS, METALURGIA Y AFINES
 ,O, NBC:   INGENIERIA DE SISTEMAS, TELEMATICA Y AFINES
 ,O, NBC:   LENGUAS MODERNAS, LITERATURA, LINGUISTICA Y AFINES.
 ,Y, Certificación internacional de dominio del inglés en nivel B2 según el Marco Común Europeo de Referencia MCER. Las certificaciones deben corresponder a la lista de exámenes aprobados por la NTC5580 (Icontec-Men), y aquellas normas que la modifiquen, actualicen o sustituyan, tener una vigencia de 2 años, corresponder a las 4 habilidades de dominio de lengua (Listening, Reading, Speaking, Writing)"
Profesional,1,229371,8208795,Cincuenta y uno(51) meses de EXPERIENCIA PROFESIONAL RELACIONADA,"Dependencia: ANTIOQUIA- CENTRO DEL DISEÑO Y MANUFACTURA DEL CUERO,  Municipio: Itagüí, Total vacantes: 1","Título de PROFESIONAL en NBC: ADMINISTRACION
 ,O, NBC:   DISENO
 ,O, NBC:   EDUCACION
 ,O, NBC:   LENGUAS MODERNAS, LITERATURA, LINGUISTICA Y AFINES.
 ,Y, Certificación internacional de dominio del inglés en nivel B2 según el Marco Común Europeo de Referencia MCER. Las certificaciones deben corresponder a la lista de exámenes aprobados por la NTC5580 (Icontec-Men), y aquellas normas que la modifiquen, actualicen o sustituyan, tener una vigencia de 2 años, corresponder a las 4 habilidades de dominio de lengua (Listening, Reading, Speaking, Writing)"
Profesional,1,229372,8208795,Cincuenta y uno(51) meses de EXPERIENCIA PROFESIONAL RELACIONADA,"Dependencia: ANTIOQUIA-CENTRO TECNOLÓGICO DEL MOBILIARIO,  Municipio: Itagüí, Total vacantes: 1","Título de PROFESIONAL en NBC: ADMINISTRACION
 ,O, NBC:   DISENO
 ,O, NBC:   EDUCACION
 ,O, NBC:   INGENIERIA ADMINISTRATIVA Y AFINES
 ,O, NBC:   INGENIERIA DE SISTEMAS, TELEMATICA Y AFINES
 ,O, NBC:   LENGUAS MODERNAS, LITERATURA, LINGUISTICA Y AFINES.
 ,Y, Certificación internacional de dominio del inglés en nivel B2 según el Marco Común Europeo de Referencia MCER. Las certificaciones deben corresponder a la lista de exámenes aprobados por la NTC5580 (Icontec-Men), y aquellas normas que la modifiquen, actualicen o sustituyan, tener una vigencia de 2 años, corresponder a las 4 habilidades de dominio de lengua (Listening, Reading, Speaking, Writing)"
Profesional,2,229373,8208795,Cincuenta y uno(51) meses de EXPERIENCIA PROFESIONAL RELACIONADA,"Dependencia: VALLE-CENTRO DE DISEÑO TECNOLÓGICO INDUSTRIAL,  Municipio: Cali, Total vacantes: 1","Título de PROFESIONAL en NBC: ADMINISTRACION
 ,O, NBC:   DISENO
 ,O, NBC:   EDUCACION
 ,O, NBC:   INGENIERIA ADMINISTRATIVA Y AFINES
 ,O, NBC:   INGENIERIA DE SISTEMAS, TELEMATICA Y AFINES
 ,O, NBC:   INGENIERIA INDUSTRIAL Y AFINES
 ,O, NBC:   LENGUAS MODERNAS, LITERATURA, LINGUISTICA Y AFINES.
 ,Y, Certificación internacional de dominio del inglés en nivel B2 según el Marco Común Europeo de Referencia MCER. Las certificaciones deben corresponder a la lista de exámenes aprobados por la NTC5580 (Icontec-Men), y aquellas normas que la modifiquen, actualicen o sustituyan, tener una vigencia de 2 años, corresponder a las 4 habilidades de dominio de lengua (Listening, Reading, Speaking, Writing)"
Profesional,6,229374,8208795,Cincuenta y uno(51) meses de EXPERIENCIA PROFESIONAL RELACIONADA,"Dependencia: BOYACA- CENTRO DE DESARROLLO AGROPECUARIO Y AGROINDUSTRIAL,  Municipio: Duitama, Total vacantes: 1","Título de PROFESIONAL en NBC: ADMINISTRACION
 ,O, NBC:   AGRONOMIA
 ,O, NBC:   EDUCACION
 ,O, NBC:   INGENIERIA ADMINISTRATIVA Y AFINES
 ,O, NBC:   INGENIERIA AGRICOLA, FORESTAL Y AFINES
 ,O, NBC:   INGENIERIA AGROINDUSTRIAL, ALIMENTOS Y AFINES
 ,O, NBC:   INGENIERIA AGRONOMICA, PECUARIA Y AFINES
 ,O, NBC:   INGENIERIA INDUSTRIAL Y AFINES
 ,O, NBC:   LENGUAS MODERNAS, LITERATURA, LINGUISTICA Y AFINES.
 ,Y, Certificación internacional de dominio del inglés en nivel B2 según el Marco Común Europeo de Referencia MCER. Las certificaciones deben corresponder a la lista de exámenes aprobados por la NTC5580 (Icontec-Men), y aquellas normas que la modifiquen, actualicen o sustituyan, tener una vigencia de 2 años, corresponder a las 4 habilidades de dominio de lengua (Listening, Reading, Speaking, Writing)"
Profesional,2,229375,8208795,Cincuenta y uno(51) meses de EXPERIENCIA PROFESIONAL RELACIONADA,"Dependencia: CUNDINAMARCA- CENTRO DE LA TECNOLOGIA DEL DISEÑO Y LA PRODUCTIVIDAD EMPRESARIAL,  Municipio: Girardot, Total vacantes: 1","Título de PROFESIONAL en NBC: ADMINISTRACION
 ,O, NBC:   CONTADURIA PUBLICA
 ,O, NBC:   ECONOMIA
 ,O, NBC:   EDUCACION
 ,O, NBC:   INGENIERIA ADMINISTRATIVA Y AFINES
 ,O, NBC:   INGENIERIA DE SISTEMAS, TELEMATICA Y AFINES
 ,O, NBC:   LENGUAS MODERNAS, LITERATURA, LINGUISTICA Y AFINES.
 ,Y, Certificación internacional de dominio del inglés en nivel B2 según el Marco Común Europeo de Referencia MCER. Las certificaciones deben corresponder a la lista de exámenes aprobados por la NTC5580 (Icontec-Men), y aquellas normas que la modifiquen, actualicen o sustituyan, tener una vigencia de 2 años, corresponder a las 4 habilidades de dominio de lengua (Listening, Reading, Speaking, Writing)"
Profesional,2,229376,8208795,Cincuenta y uno(51) meses de EXPERIENCIA PROFESIONAL RELACIONADA,"Dependencia: TOLIMA-CENTRO DE INDUSTRIA Y CONSTRUCCIÓN,  Municipio: Ibagué, Total vacantes: 1","Título de PROFESIONAL en NBC: ADMINISTRACION
 ,O, NBC:   ARQUITECTURA
 ,O, NBC:   EDUCACION
 ,O, NBC:   INGENIERIA ADMINISTRATIVA Y AFINES
 ,O, NBC:   INGENIERIA CIVIL Y AFINES
 ,O, NBC:   INGENIERIA INDUSTRIAL Y AFINES
 ,O, NBC:   LENGUAS MODERNAS, LITERATURA, LINGUISTICA Y AFINES.
 ,Y, Certificación internacional de dominio del inglés en nivel B2 según el Marco Común Europeo de Referencia MCER. Las certificaciones deben corresponder a la lista de exámenes aprobados por la NTC5580 (Icontec-Men), y aquellas normas que la modifiquen, actualicen o sustituyan, tener una vigencia de 2 años, corresponder a las 4 habilidades de dominio de lengua (Listening, Reading, Speaking, Writing)"
Profesional,2,229377,8208795,Cincuenta y uno(51) meses de EXPERIENCIA PROFESIONAL RELACIONADA,"Dependencia: CUNDINAMARCA- CENTRO INDUSTRIAL Y DE DESARROLLO EMPRESARIAL DE SOACHA,  Municipio: Soacha, Total vacantes: 1","Título de PROFESIONAL en NBC: ADMINISTRACION
 ,O, NBC:   CONTADURIA PUBLICA
 ,O, NBC:   ECONOMIA
 ,O, NBC:   EDUCACION
 ,O, NBC:   INGENIERIA ADMINISTRATIVA Y AFINES
 ,O, NBC:   INGENIERIA INDUSTRIAL Y AFINES
 ,O, NBC:   LENGUAS MODERNAS, LITERATURA, LINGUISTICA Y AFINES.
 ,Y, Certificación internacional de dominio del inglés en nivel B2 según el Marco Común Europeo de Referencia MCER. Las certificaciones deben corresponder a la lista de exámenes aprobados por la NTC5580 (Icontec-Men), y aquellas normas que la modifiquen, actualicen o sustituyan, tener una vigencia de 2 años, corresponder a las 4 habilidades de dominio de lengua (Listening, Reading, Speaking, Writing)"
Profesional,1,229378,8208795,Cincuenta y uno(51) meses de EXPERIENCIA PROFESIONAL RELACIONADA,"Dependencia: NARIÑO-CENTRO SUR COLOMBIANO DE LOGÍSTICA INTERNACIONAL,  Municipio: Ipiales, Total vacantes: 1","Título de PROFESIONAL en NBC: ADMINISTRACION
 ,O, NBC:   CIENCIA POLITICA, RELACIONES INTERNACIONALES
 ,O, NBC:   CONTADURIA PUBLICA
 ,O, NBC:   ECONOMIA
 ,O, NBC:   EDUCACION
 ,O, NBC:   INGENIERIA ADMINISTRATIVA Y AFINES
 ,O, NBC:   LENGUAS MODERNAS, LITERATURA, LINGUISTICA Y AFINES.
 ,Y, Certificación internacional de dominio del inglés en nivel B2 según el Marco Común Europeo de Referencia MCER. Las certificaciones deben corresponder a la lista de exámenes aprobados por la NTC5580 (Icontec-Men), y aquellas normas que la modifiquen, actualicen o sustituyan, tener una vigencia de 2 años, corresponder a las 4 habilidades de dominio de lengua (Listening, Reading, Speaking, Writing)"
Profesional,16,229379,8208795,Cincuenta y uno(51) meses de EXPERIENCIA PROFESIONAL RELACIONADA,"Dependencia: ANTIOQUIA- CENTRO DE SERVICIOS Y GESTIÓN EMPRESARIAL,  Municipio: Medellín, Total vacantes: 2","Título de PROFESIONAL en NBC: ADMINISTRACION
 ,O, NBC:   CONTADURIA PUBLICA
 ,O, NBC:   ECONOMIA
 ,O, NBC:   EDUCACION
 ,O, NBC:   INGENIERIA ADMINISTRATIVA Y AFINES
 ,O, NBC:   LENGUAS MODERNAS, LITERATURA, LINGUISTICA Y AFINES.
 ,Y, Certificación internacional de dominio del inglés en nivel B2 según el Marco Común Europeo de Referencia MCER. Las certificaciones deben corresponder a la lista de exámenes aprobados por la NTC5580 (Icontec-Men), y aquellas normas que la modifiquen, actualicen o sustituyan, tener una vigencia de 2 años, corresponder a las 4 habilidades de dominio de lengua (Listening, Reading, Speaking, Writing)"
Profesional,1,229380,8208795,Cincuenta y uno(51) meses de EXPERIENCIA PROFESIONAL RELACIONADA,"Dependencia: DISTRITO CAPITAL- CENTRO DE TECNOLOGIAS PARA LA CONSTRUCCION Y LA MADERA,  Municipio: Soacha, Total vacantes: 1","Título de PROFESIONAL en NBC: ADMINISTRACION
 ,O, NBC:   ARQUITECTURA
 ,O, NBC:   EDUCACION
 ,O, NBC:   INGENIERIA ADMINISTRATIVA Y AFINES
 ,O, NBC:   INGENIERIA CIVIL Y AFINES
 ,O, NBC:   INGENIERIA DE SISTEMAS, TELEMATICA Y AFINES
 ,O, NBC:   LENGUAS MODERNAS, LITERATURA, LINGUISTICA Y AFINES.
 ,Y, Certificación internacional de dominio del inglés en nivel B2 según el Marco Común Europeo de Referencia MCER. Las certificaciones deben corresponder a la lista de exámenes aprobados por la NTC5580 (Icontec-Men), y aquellas normas que la modifiquen, actualicen o sustituyan, tener una vigencia de 2 años, corresponder a las 4 habilidades de dominio de lengua (Listening, Reading, Speaking, Writing)"
Profesional,2,229381,8208795,Cincuenta y uno(51) meses de EXPERIENCIA PROFESIONAL RELACIONADA,"Dependencia: ANTIOQUIA- CENTRO PARA EL DESARROLLO DEL HABITAT Y LA CONSTRUCCION,  Municipio: Medellín, Total vacantes: 1","Título de PROFESIONAL en NBC: ADMINISTRACION
 ,O, NBC:   ARQUITECTURA
 ,O, NBC:   EDUCACION
 ,O, NBC:   INGENIERIA ADMINISTRATIVA Y AFINES
 ,O, NBC:   INGENIERIA CIVIL Y AFINES
 ,O, NBC:   LENGUAS MODERNAS, LITERATURA, LINGUISTICA Y AFINES..
 ,Y, Certificación internacional de dominio del inglés en nivel B2 según el Marco Común Europeo de Referencia MCER. Las certificaciones deben corresponder a la lista de exámenes aprobados por la NTC5580 (Icontec-Men), y aquellas normas que la modifiquen, actualicen o sustituyan, tener una vigencia de 2 años, corresponder a las 4 habilidades de dominio de lengua (Listening, Reading, Speaking, Writing)"
Profesional,2,229382,8208795,Cincuenta y uno(51) meses de EXPERIENCIA PROFESIONAL RELACIONADA,"Dependencia: VALLE-CENTRO LATINOAMERICANO DE  ESPECIES MENORES,  Municipio: Tuluá, Total vacantes: 1","Título de PROFESIONAL en NBC: ADMINISTRACION
 ,O, NBC:   EDUCACION
 ,O, NBC:   INGENIERIA ADMINISTRATIVA Y AFINES
 ,O, NBC:   INGENIERIA AGRONOMICA, PECUARIA Y AFINES
 ,O, NBC:   LENGUAS MODERNAS, LITERATURA, LINGUISTICA Y AFINES.
 ,Y, Certificación internacional de dominio del inglés en nivel B2 según el Marco Común Europeo de Referencia MCER. Las certificaciones deben corresponder a la lista de exámenes aprobados por la NTC5580 (Icontec-Men), y aquellas normas que la modifiquen, actualicen o sustituyan, tener una vigencia de 2 años, corresponder a las 4 habilidades de dominio de lengua (Listening, Reading, Speaking, Writing)"
Profesional,1,229383,8208795,Cincuenta y uno(51) meses de EXPERIENCIA PROFESIONAL RELACIONADA,"Dependencia: CUNDINAMARCA- CENTRO DE DESARROLLO AGROINDUSTRIAL Y EMPRESARIAL,  Municipio: Villeta, Total vacantes: 1","Título de PROFESIONAL en NBC: ADMINISTRACION
 ,O, NBC:   AGRONOMIA
 ,O, NBC:   CONTADURIA PUBLICA
 ,O, NBC:   ECONOMIA
 ,O, NBC:   EDUCACION
 ,O, NBC:   INGENIERIA ADMINISTRATIVA Y AFINES
 ,O, NBC:   INGENIERIA AGRICOLA, FORESTAL Y AFINES
 ,O, NBC:   INGENIERIA AGROINDUSTRIAL, ALIMENTOS Y AFINES
 ,O, NBC:   INGENIERIA AGRONOMICA, PECUARIA Y AFINES
 ,O, NBC:   INGENIERIA INDUSTRIAL Y AFINES
 ,O, NBC:   LENGUAS MODERNAS, LITERATURA, LINGUISTICA Y AFINES.
 ,Y, Certificación internacional de dominio del inglés en nivel B2 según el Marco Común Europeo de Referencia MCER. Las certificaciones deben corresponder a la lista de exámenes aprobados por la NTC5580 (Icontec-Men), y aquellas normas que la modifiquen, actualicen o sustituyan, tener una vigencia de 2 años, corresponder a las 4 habilidades de dominio de lengua (Listening, Reading, Speaking, Writing)"
Profesional,6,229384,8208795,Cincuenta y uno(51) meses de EXPERIENCIA PROFESIONAL RELACIONADA,"Dependencia: DISTRITO CAPITAL- CENTRO NACIONAL DE HOTELERIA, TURISMO Y ALIMENTOS,  Municipio: Bogotá D.C., Total vacantes: 1","Título de PROFESIONAL en NBC: ADMINISTRACION
 ,O, NBC:   EDUCACION
 ,O, NBC:   INGENIERIA ADMINISTRATIVA Y AFINES
 ,O, NBC:   LENGUAS MODERNAS, LITERATURA, LINGUISTICA Y AFINES.
 ,Y, Certificación internacional de dominio del inglés en nivel B2 según el Marco Común Europeo de Referencia MCER. Las certificaciones deben corresponder a la lista de exámenes aprobados por la NTC5580 (Icontec-Men), y aquellas normas que la modifiquen, actualicen o sustituyan, tener una vigencia de 2 años, corresponder a las 4 habilidades de dominio de lengua (Listening, Reading, Speaking, Writing)"
Profesional,9,229385,8208795,Cincuenta y uno(51) meses de EXPERIENCIA PROFESIONAL RELACIONADA,"Dependencia: SANTANDER-CENTRO INDUSTRIAL DE MANTENIMIENTO INTEGRAL,  Municipio: Girón, Total vacantes: 1","Título de PROFESIONAL en NBC: ADMINISTRACION
 ,O, NBC:   EDUCACION
 ,O, NBC:   INGENIERIA ADMINISTRATIVA Y AFINES
 ,O, NBC:   INGENIERIA INDUSTRIAL Y AFINES
 ,O, NBC:   LENGUAS MODERNAS, LITERATURA, LINGUISTICA Y AFINES.
 ,Y, Certificación internacional de dominio del inglés en nivel B2 según el Marco Común Europeo de Referencia MCER. Las certificaciones deben corresponder a la lista de exámenes aprobados por la NTC5580 (Icontec-Men), y aquellas normas que la modifiquen, actualicen o sustituyan, tener una vigencia de 2 años, corresponder a las 4 habilidades de dominio de lengua (Listening, Reading, Speaking, Writing)"
Profesional,1,229386,8208795,Cincuenta y uno(51) meses de EXPERIENCIA PROFESIONAL RELACIONADA,"Dependencia: RISARALDA-CENTRO DE COMERCIO Y SERVICIOS,  Municipio: Pereira, Total vacantes: 1","Título de PROFESIONAL en NBC: ADMINISTRACION
 ,O, NBC:   CONTADURIA PUBLICA
 ,O, NBC:   ECONOMIA
 ,O, NBC:   EDUCACION
 ,O, NBC:   INGENIERIA ADMINISTRATIVA Y AFINES
 ,O, NBC:   INGENIERIA DE SISTEMAS, TELEMATICA Y AFINES
 ,O, NBC:   LENGUAS MODERNAS, LITERATURA, LINGUISTICA Y AFINES.
 ,Y, Certificación internacional de dominio del inglés en nivel B2 según el Marco Común Europeo de Referencia MCER. Las certificaciones deben corresponder a la lista de exámenes aprobados por la NTC5580 (Icontec-Men), y aquellas normas que la modifiquen, actualicen o sustituyan, tener una vigencia de 2 años, corresponder a las 4 habilidades de dominio de lengua (Listening, Reading, Speaking, Writing)"
Profesional,1,229387,6500596,Quince(15) meses de EXPERIENCIA PROFESIONAL RELACIONADA,"Dependencia: CALDAS-CENTRO DE AUTOMATIZACIÓN INDUSTRIAL,  Municipio: Manizales, Total vacantes: 1","Título de PROFESIONAL en NBC: ADMINISTRACION
 ,O, NBC:   BIBLIOTECOLOGIA, OTROS DE CIENCIAS SOCIALES Y HUMANAS.

Titulo de postgrado en la modalidad de ESPECIALIZACION EN AREAS RELACIONADAS CON LAS FUNCIONES DEL EMPLEO."
Profesional,2,229388,8208795,Cincuenta y uno(51) meses de EXPERIENCIA PROFESIONAL RELACIONADA,"Dependencia: BOYACA- CENTRO DE GESTION ADMINISTRATIVA Y FORTALECIMIENTO EMPRESARIAL,  Municipio: Tunja, Total vacantes: 2","Título de PROFESIONAL en NBC: ADMINISTRACION
 ,O, NBC:   CONTADURIA PUBLICA
 ,O, NBC:   EDUCACION
 ,O, NBC:   INGENIERIA ADMINISTRATIVA Y AFINES
 ,O, NBC:   LENGUAS MODERNAS, LITERATURA, LINGUISTICA Y AFINES.
 ,Y, Certificación internacional de dominio del inglés en nivel B2 según el Marco Común Europeo de Referencia MCER. Las certificaciones deben corresponder a la lista de exámenes aprobados por la NTC5580 (Icontec-Men), y aquellas normas que la modifiquen, actualicen o sustituyan, tener una vigencia de 2 años, corresponder a las 4 habilidades de dominio de lengua (Listening, Reading, Speaking, Writing)"
Profesional,4,229389,8208795,Cincuenta y uno(51) meses de EXPERIENCIA PROFESIONAL RELACIONADA,"Dependencia: VALLE-CENTRO DE TECNOLOGÍAS AGROINDUSTRIALES,  Municipio: Cartago, Total vacantes: 1","Título de PROFESIONAL en NBC: ADMINISTRACION
 ,O, NBC:   AGRONOMIA
 ,O, NBC:   EDUCACION
 ,O, NBC:   INGENIERIA ADMINISTRATIVA Y AFINES
 ,O, NBC:   INGENIERIA AGRICOLA, FORESTAL Y AFINES
 ,O, NBC:   INGENIERIA AGROINDUSTRIAL, ALIMENTOS Y AFINES
 ,O, NBC:   INGENIERIA AGRONOMICA, PECUARIA Y AFINES
 ,O, NBC:   INGENIERIA DE SISTEMAS, TELEMATICA Y AFINES
 ,O, NBC:   INGENIERIA INDUSTRIAL Y AFINES
 ,O, NBC:   LENGUAS MODERNAS, LITERATURA, LINGUISTICA Y AFINES.
 ,Y, Certificación internacional de dominio del inglés en nivel B2 según el Marco Común Europeo de Referencia MCER. Las certificaciones deben corresponder a la lista de exámenes aprobados por la NTC5580 (Icontec-Men), y aquellas normas que la modifiquen, actualicen o sustituyan, tener una vigencia de 2 años, corresponder a las 4 habilidades de dominio de lengua (Listening, Reading, Speaking, Writing)"
Profesional,1,229390,8208795,Cincuenta y uno(51) meses de EXPERIENCIA PROFESIONAL RELACIONADA,"Dependencia: ANTIOQUIA- COMPLEJO TECNOLOGICO PARA LA GESTION AGROEMPRESARIAL,  Municipio: Caucasia, Total vacantes: 1","Título de PROFESIONAL en NBC: ADMINISTRACION
 ,O, NBC:   AGRONOMIA
 ,O, NBC:   CONTADURIA PUBLICA
 ,O, NBC:   ECONOMIA
 ,O, NBC:   EDUCACION
 ,O, NBC:   INGENIERIA ADMINISTRATIVA Y AFINES
 ,O, NBC:   INGENIERIA AGRICOLA, FORESTAL Y AFINES
 ,O, NBC:   INGENIERIA AGROINDUSTRIAL, ALIMENTOS Y AFINES
 ,O, NBC:   INGENIERIA AGRONOMICA, PECUARIA Y AFINES
 ,O, NBC:   INGENIERIA DE SISTEMAS, TELEMATICA Y AFINES
 ,O, NBC:   LENGUAS MODERNAS, LITERATURA, LINGUISTICA Y AFINES.
 ,Y, Certificación internacional de dominio del inglés en nivel B2 según el Marco Común Europeo de Referencia MCER. Las certificaciones deben corresponder a la lista de exámenes aprobados por la NTC5580 (Icontec-Men), y aquellas normas que la modifiquen, actualicen o sustituyan, tener una vigencia de 2 años, corresponder a las 4 habilidades de dominio de lengua (Listening, Reading, Speaking, Writing)"
Profesional,1,229392,8208795,Cincuenta y uno(51) meses de EXPERIENCIA PROFESIONAL RELACIONADA,"Dependencia: ATLANTICO- CENTRO PARA EL DESARROLLO AGROECOLOGICO Y AGROINDUSTRIAL,  Municipio: Sabanalarga, Total vacantes: 1","Título de PROFESIONAL en NBC: ADMINISTRACION
 ,O, NBC:   AGRONOMIA
 ,O, NBC:   EDUCACION
 ,O, NBC:   INGENIERIA ADMINISTRATIVA Y AFINES
 ,O, NBC:   INGENIERIA AGRICOLA, FORESTAL Y AFINES
 ,O, NBC:   INGENIERIA AGROINDUSTRIAL, ALIMENTOS Y AFINES
 ,O, NBC:   INGENIERIA AGRONOMICA, PECUARIA Y AFINES
 ,O, NBC:   INGENIERIA AMBIENTAL, SANITARIA Y AFINES
 ,O, NBC:   INGENIERIA INDUSTRIAL Y AFINES
 ,O, NBC:   LENGUAS MODERNAS, LITERATURA, LINGUISTICA Y AFINES.
 ,Y, Certificación internacional de dominio del inglés en nivel B2 según el Marco Común Europeo de Referencia MCER. Las certificaciones deben corresponder a la lista de exámenes aprobados por la NTC5580 (Icontec-Men), y aquellas normas que la modifiquen, actualicen o sustituyan, tener una vigencia de 2 años, corresponder a las 4 habilidades de dominio de lengua (Listening, Reading, Speaking, Writing)"
Profesional,1,229393,8208795,Cincuenta y uno(51) meses de EXPERIENCIA PROFESIONAL RELACIONADA,"Dependencia: DISTRITO CAPITAL- CENTRO PARA LA INDUSTRIA DE LA COMUNICACION GRAFICA,  Municipio: Bogotá D.C., Total vacantes: 1","Título de PROFESIONAL en NBC: ADMINISTRACION
 ,O, NBC:   ARTES PLASTICAS, VISUALES Y AFINES
 ,O, NBC:   EDUCACION
 ,O, NBC:   INGENIERIA ADMINISTRATIVA Y AFINES
 ,O, NBC:   INGENIERIA INDUSTRIAL Y AFINES
 ,O, NBC:   LENGUAS MODERNAS, LITERATURA, LINGUISTICA Y AFINES.
 ,Y, Certificación internacional de dominio del inglés en nivel B2 según el Marco Común Europeo de Referencia MCER. Las certificaciones deben corresponder a la lista de exámenes aprobados por la NTC5580 (Icontec-Men), y aquellas normas que la modifiquen, actualicen o sustituyan, tener una vigencia de 2 años, corresponder a las 4 habilidades de dominio de lengua (Listening, Reading, Speaking, Writing)"
Profesional,1,229394,8208795,Cincuenta y uno(51) meses de EXPERIENCIA PROFESIONAL RELACIONADA,"Dependencia: ANTIOQUIA-CENTRO DE FORMACIÓN MINERO AMBIENTAL,  Municipio: El Bagre, Total vacantes: 1","Título de PROFESIONAL en NBC: ADMINISTRACION
 ,O, NBC:   EDUCACION
 ,O, NBC:   INGENIERIA ADMINISTRATIVA Y AFINES
 ,O, NBC:   INGENIERIA AGRICOLA, FORESTAL Y AFINES
 ,O, NBC:   INGENIERIA AMBIENTAL, SANITARIA Y AFINES
 ,O, NBC:   INGENIERIA DE MINAS, METALURGIA Y AFINES
 ,O, NBC:   LENGUAS MODERNAS, LITERATURA, LINGUISTICA Y AFINES.
 ,Y, Certificación internacional de dominio del inglés en nivel B2 según el Marco Común Europeo de Referencia MCER. Las certificaciones deben corresponder a la lista de exámenes aprobados por la NTC5580 (Icontec-Men), y aquellas normas que la modifiquen, actualicen o sustituyan, tener una vigencia de 2 años, corresponder a las 4 habilidades de dominio de lengua (Listening, Reading, Speaking, Writing)"
Profesional,7,229395,8208795,Cincuenta y uno(51) meses de EXPERIENCIA PROFESIONAL RELACIONADA,"Dependencia: SANTANDER-CENTRO DE GESTIÓN AGROEMPRESARIAL DEL ORIENTE,  Municipio: Vélez, Total vacantes: 1","Título de PROFESIONAL en NBC: ADMINISTRACION
 ,O, NBC:   AGRONOMIA
 ,O, NBC:   CONTADURIA PUBLICA
 ,O, NBC:   ECONOMIA
 ,O, NBC:   EDUCACION
 ,O, NBC:   INGENIERIA ADMINISTRATIVA Y AFINES
 ,O, NBC:   INGENIERIA AGRICOLA, FORESTAL Y AFINES
 ,O, NBC:   INGENIERIA AGROINDUSTRIAL, ALIMENTOS Y AFINES
 ,O, NBC:   INGENIERIA AGRONOMICA, PECUARIA Y AFINES
 ,O, NBC:   LENGUAS MODERNAS, LITERATURA, LINGUISTICA Y AFINES.
 ,Y, Certificación internacional de dominio del inglés en nivel B2 según el Marco Común Europeo de Referencia MCER.
 Las certificaciones deben corresponder a la lista de exámenes aprobados por la NTC5580 (Icontec-Men), y aquellas normas que la modifiquen, actualicen o sustituyan, tener una vigencia de 2 años, corresponder a las 4 habilidades de dominio de lengua (Listening, Reading, Speaking, Writing)"
Instructor,5,229396,4065092,Veinticuatro(24) meses de EXPERIENCIA RELACIONADA,"Dependencia: VALLE-CENTRO DE TECNOLOGÍAS AGROINDUSTRIALES,  Municipio: Cartago, Total vacantes: 1","Título de PROFESIONAL en NBC: ADMINISTRACION
 ,O, NBC:   AGRONOMIA
 ,O, NBC:   ANTROPOLOGIA Y ARTES LIBERALES
 ,O, NBC:   ARQUITECTURA
 ,O, NBC:   ARTES PLASTICAS, VISUALES Y AFINES
 ,O, NBC:   ARTES REPRESENTATIVAS
 ,O, NBC:   BACTERIOLOGIA
 ,O, NBC:   BIBLIOTECOLOGIA, OTROS DE CIENCIAS SOCIALES Y HUMANAS
 ,O, NBC:   BIOLOGIA, MICROBIOLOGIA Y AFINES
 ,O, NBC:   CIENCIA POLITICA, RELACIONES INTERNACIONALES
 ,O, NBC:   COMUNICACION SOCIAL, PERIODISMO Y AFINES
 ,O, NBC:   CONTADURIA PUBLICA
 ,O, NBC:   DEPORTES, EDUCACION FISICA Y RECREACION
 ,O, NBC:   DERECHO Y AFINES
 ,O, NBC:   DISENO
 ,O, NBC:   ECONOMIA
 ,O, NBC:   EDUCACION
 ,O, NBC:   ENFERMERIA
 ,O, NBC:   FILOSOFIA, TEOLOGIA Y AFINES
 ,O, NBC:   FISICA
 ,O, NBC:   FORMACION RELACIONADA CON EL CAMPO MILITAR O POLICIAL
 ,O, NBC:   GEOGRAFIA, HISTORIA
 ,O, NBC:   GEOLOGIA, OTROS PROGRAMAS DE CIENCIAS NATURALES
 ,O, NBC:   INGENIERIA ADMINISTRATIVA Y AFINES
 ,O, NBC:   INGENIERIA AGRICOLA, FORESTAL Y AFINES
 ,O, NBC:   INGENIERIA AGROINDUSTRIAL, ALIMENTOS Y AFINES
 ,O, NBC:   INGENIERIA AGRONOMICA, PECUARIA Y AFINES
 ,O, NBC:   INGENIERIA AMBIENTAL, SANITARIA Y AFINES
 ,O, NBC:   INGENIERIA BIOMEDICA Y AFINES
 ,O, NBC:   INGENIERIA CIVIL Y AFINES
 ,O, NBC:   INGENIERIA DE MINAS, METALURGIA Y AFINES
 ,O, NBC:   INGENIERIA DE SISTEMAS, TELEMATICA Y AFINES
 ,O, NBC:   INGENIERIA ELECTRICA Y AFINES
 ,O, NBC:   INGENIERIA ELECTRONICA, TELECOMUNICACIONES Y AFINES
 ,O, NBC:   INGENIERIA INDUSTRIAL Y AFINES
 ,O, NBC:   INGENIERIA MECANICA Y AFINES
 ,O, NBC:   INGENIERIA QUIMICA Y AFINES
 ,O, NBC:   INSTRUMENTACION QUIRURGICA
 ,O, NBC:   LENGUAS MODERNAS, LITERATURA, LINGUISTICA Y AFINES
 ,O, NBC:   MATEMATICAS, ESTADISTICA Y AFINES
 ,O, NBC:   MEDICINA
 ,O, NBC:   MEDICINA VETERINARIA
 ,O, NBC:   MUSICA
 ,O, NBC:   NUTRICION Y DIETETICA
 ,O, NBC:   ODONTOLOGIA
 ,O, NBC:   OPTOMETRIA, OTROS PROGRAMAS DE CIENCIAS DE LA SALUD
 ,O, NBC:   OTRAS INGENIERIAS
 ,O, NBC:   OTROS PROGRAMAS ASOCIADOS A BELLAS ARTES
 ,O, NBC:   PSICOLOGIA
 ,O, NBC:   PUBLICIDAD Y AFINES
 ,O, NBC:   QUIMICA Y AFINES
 ,O, NBC:   SALUD PUBLICA
 ,O, NBC:   SOCIOLOGIA, TRABAJO SOCIAL Y AFINES
 ,O, NBC:   TERAPIAS
 ,O, NBC:   ZOOTECNIA."
Profesional,1,229577,8208795,Cincuenta y uno(51) meses de EXPERIENCIA PROFESIONAL RELACIONADA,"Dependencia: SANTANDER-CENTRO INDUSTRIAL DEL DISEÑO Y LA MANUFACTURA,  Municipio: Floridablanca, Total vacantes: 1","Título de PROFESIONAL en NBC: ADMINISTRACION
 ,O, NBC:   DISENO
 ,O, NBC:   EDUCACION
 ,O, NBC:   INGENIERIA ADMINISTRATIVA Y AFINES
 ,O, NBC:   INGENIERIA INDUSTRIAL Y AFINES
 ,O, NBC:   LENGUAS MODERNAS, LITERATURA, LINGUISTICA Y AFINES.
 ,Y, Certificación internacional de dominio del inglés en nivel B2 según el Marco Común Europeo de Referencia MCER. Las certificaciones deben corresponder a la lista de exámenes aprobados por la NTC5580 (Icontec-Men), y aquellas normas que la modifiquen, actualicen o sustituyan, tener una vigencia de 2 años, corresponder a las 4 habilidades de dominio de lengua (Listening, Reading, Speaking, Writing)"
Profesional,1,229579,8208795,Cincuenta y uno(51) meses de EXPERIENCIA PROFESIONAL RELACIONADA,"Dependencia: VALLE-CENTRO DE BIOTECNOLOGÍA INDUSTRIAL,  Municipio: Palmira, Total vacantes: 1","Título de PROFESIONAL en NBC: ADMINISTRACION
 ,O, NBC:   BIOLOGIA, MICROBIOLOGIA Y AFINES
 ,O, NBC:   EDUCACION
 ,O, NBC:   INGENIERIA ADMINISTRATIVA Y AFINES
 ,O, NBC:   INGENIERIA INDUSTRIAL Y AFINES
 ,O, NBC:   LENGUAS MODERNAS, LITERATURA, LINGUISTICA Y AFINES.
 ,Y, Certificación internacional de dominio del inglés en nivel B2 según el Marco Común Europeo de Referencia MCER. Las certificaciones deben corresponder a la lista de exámenes aprobados por la NTC5580 (Icontec-Men), y aquellas normas que la modifiquen, actualicen o sustituyan, tener una vigencia de 2 años, corresponder a las 4 habilidades de dominio de lengua (Listening, Reading, Speaking, Writing)"
Profesional,2,229580,8208795,Cincuenta y uno(51) meses de EXPERIENCIA PROFESIONAL RELACIONADA,"Dependencia: ANTIOQUIA- CENTRO DE SERVICIOS DE SALUD,  Municipio: Medellín, Total vacantes: 1","Título de PROFESIONAL en NBC: ADMINISTRACION
 ,O, NBC:   EDUCACION
 ,O, NBC:   ENFERMERIA
 ,O, NBC:   INGENIERIA ADMINISTRATIVA Y AFINES
 ,O, NBC:   INSTRUMENTACION QUIRURGICA
 ,O, NBC:   LENGUAS MODERNAS, LITERATURA, LINGUISTICA Y AFINES
 ,O, NBC:   MEDICINA
 ,O, NBC:   NUTRICION Y DIETETICA
 ,O, NBC:   ODONTOLOGIA
 ,O, NBC:   OPTOMETRIA, OTROS PROGRAMAS DE CIENCIAS DE LA SALUD
 ,O, NBC:   SALUD PUBLICA
 ,O, NBC:   SOCIOLOGIA, TRABAJO SOCIAL Y AFINES
 ,O, NBC:   TERAPIAS.
 ,Y, Certificación internacional de dominio del inglés en nivel B2 según el Marco Común Europeo de Referencia MCER. Las certificaciones deben corresponder a la lista de exámenes aprobados por la NTC5580 (Icontec-Men), y aquellas normas que la modifiquen, actualicen o sustituyan, tener una vigencia de 2 años, corresponder a las 4 habilidades de dominio de lengua (Listening, Reading, Speaking, Writing)"
Profesional,1,229581,8208795,Cincuenta y uno(51) meses de EXPERIENCIA PROFESIONAL RELACIONADA,"Dependencia: BOLIVAR- CENTRO AGROEMPRESARIAL Y MINERO,  Municipio: Cartagena De Indias, Total vacantes: 1","Título de PROFESIONAL en NBC: ADMINISTRACION
 ,O, NBC:   AGRONOMIA
 ,O, NBC:   CONTADURIA PUBLICA
 ,O, NBC:   ECONOMIA
 ,O, NBC:   EDUCACION
 ,O, NBC:   INGENIERIA ADMINISTRATIVA Y AFINES
 ,O, NBC:   INGENIERIA AGRICOLA, FORESTAL Y AFINES
 ,O, NBC:   INGENIERIA AGROINDUSTRIAL, ALIMENTOS Y AFINES
 ,O, NBC:   INGENIERIA AGRONOMICA, PECUARIA Y AFINES
 ,O, NBC:   INGENIERIA DE MINAS, METALURGIA Y AFINES
 ,O, NBC:   LENGUAS MODERNAS, LITERATURA, LINGUISTICA Y AFINES.
 ,Y, Certificación internacional de dominio del inglés en nivel B2 según el Marco Común Europeo de Referencia MCER. Las certificaciones deben corresponder a la lista de exámenes aprobados por la NTC5580 (Icontec-Men), y aquellas normas que la modifiquen, actualicen o sustituyan, tener una vigencia de 2 años, corresponder a las 4 habilidades de dominio de lengua (Listening, Reading, Speaking, Writing)"
Técnico,1,232185,3914015,Seis(6) meses de EXPERIENCIA RELACIONADA,"Dependencia: HUILA-CENTRO DE LA INDUSTRIA, LA EMPRESA Y LOS SERVICIOS,  Municipio: Neiva, Total vacantes: 1","Título de FORMACION TECNICA PROFESIONAL en NBC: ADMINISTRACION
 ,O, NBC:   CONTADURIA PUBLICA
 ,O, NBC:   DERECHO Y AFINES
 ,O, NBC:   INGENIERIA ADMINISTRATIVA Y AFINES
 ,O, NBC:   INGENIERIA INDUSTRIAL Y AFINES."
Instructor,140,232187,4065092,Treinta y seis(36) meses de experiencia relacionada con la docencia de lengua inglesa,"Dependencia: DISTRITO CAPITAL-CENTRO DE MANUFACTURA EN TEXTIL Y CUERO,  Municipio: Bogotá D.C., Total vacantes: 1","Título de FORMACION TECNICA PROFESIONAL EN CUALQUIER NUCLEO BASICO DEL CONOCIMIENTO.
 ,Y, Nivel de lengua mínimo B2 de acuerdo al MCER. Los exámenes admitidos deben corresponder a la lista de exámenes aprobados por la NTC5580 (Icontec-Men), y aquellas normas que la modifiquen, actualicen o sustituyan, tener una vigencia de 2 años, corresponder a las 4 habilidades de dominio de lengua (Listening, Reading, Speaking, Writing)"
Instructor,9,232188,4065092,"Doce(12) meses de EXPERIENCIA RELACIONADA, 
 Y, Doce(12) meses de EXPERIENCIA DOCENTE, 
 O, Doce(12) meses de Experiencia relacionada con el ejercicio de apoyo terapéutico y rehabilitación y acreditar la totalidad de las catorce (14) certificaciones de la ruta formativa en “Competencias Integrales para la Cualificación del Instructor SENA","Dependencia: META-CENTRO DE INDUSTRIA Y SERVICIOS DEL META,  Municipio: Villavicencio, Total vacantes: 1","Título de PROFESIONAL en NBC: BACTERIOLOGIA
 ,O, NBC:   ENFERMERIA
 ,O, NBC:   INSTRUMENTACION QUIRURGICA
 ,O, NBC:   MEDICINA
 ,O, NBC:   TERAPIAS."
Profesional,6,232193,5848204,Seis(6) meses de EXPERIENCIA PROFESIONAL RELACIONADA,"Dependencia: CAQUETÁ-CENTRO TECNOLÓGICO DE LA AMAZONIA,  Municipio: Florencia, Total vacantes: 1","Título de PROFESIONAL en NBC: FILOSOFIA, TEOLOGIA Y AFINES
 ,O, NBC:   PSICOLOGIA
 ,O, NBC:   SOCIOLOGIA, TRABAJO SOCIAL Y AFINES.

Titulo de postgrado en la modalidad de ESPECIALIZACION EN AREAS RELACIONADAS CON LAS FUNCIONES DEL EMPLEO."
Instructor,4,237455,4065092,"Seis(6) meses de EXPERIENCIA DOCENTE, 
 Y, Seis(6) meses de experiencia relacionada con la participación en grupos de investigación registrados en COLCIENCIAS y en la gestión de semilleros de investigación desarrollando proyectos en una de las líneas de investigación avaladas institucionalmente por el SENA y en labores de Formación Profesional","Dependencia: DISTRITO CAPITAL-CENTRO METALMECÁNICO,  Municipio: Bogotá D.C., Total vacantes: 4","Título de MAESTRIA en NBC: EDUCACION
 ,O, NBC:   INGENIERIA DE SISTEMAS, TELEMATICA Y AFINES
 ,O, NBC:   INGENIERIA ELECTRONICA, TELECOMUNICACIONES Y AFINES
 ,O, NBC:   INGENIERIA MECANICA Y AFINES
 ,O, NBC:   OTRAS INGENIERIAS
 ,Y, Título de PROFESIONAL en NBC: EDUCACION
 ,O, NBC:   INGENIERIA DE SISTEMAS, TELEMATICA Y AFINES
 ,O, NBC:   INGENIERIA ELECTRONICA, TELECOMUNICACIONES Y AFINES
 ,O, NBC:   INGENIERIA MECANICA Y AFINES
 ,O, NBC:   OTRAS INGENIERIAS."
Técnico,1,243489,4161378,Nueve(9) meses de EXPERIENCIA RELACIONADA,"Dependencia: CALDAS- CENTRO PARA LA FORMACIÓN CAFETERA,  Municipio: Manizales, Total vacantes: 1","Título de TECNOLOGICA en NBC: ADMINISTRACION
 ,O, NBC:   ARTES PLASTICAS, VISUALES Y AFINES
 ,O, NBC:   COMUNICACION SOCIAL, PERIODISMO Y AFINES
 ,O, NBC:   PUBLICIDAD Y AFINES."
Profesional,1,243490,5175240,NO REQUIERE EXPERIENCIA,"Dependencia: DIRECCION GENERAL-DIRECCION DE PROMOCION Y RELACIONES CORPORATIVAS,  Municipio: Bogotá D.C., Total vacantes: 1","Título de PROFESIONAL en NBC: DERECHO Y AFINES.

Titulo de postgrado en la modalidad de ESPECIALIZACION EN AREAS RELACIONADAS CON LAS FUNCIONES DEL EMPLEO."
Profesional,1,243491,5175240,NO REQUIERE EXPERIENCIA,"Dependencia: DIRECCIÓN GENERAL-DIRECCIÓN JURÍDICA,  Municipio: Bogotá D.C., Total vacantes: 1","Título de PROFESIONAL en NBC: DERECHO Y AFINES.

Titulo de postgrado en la modalidad de ESPECIALIZACION EN AREAS RELACIONADAS CON LAS FUNCIONES DEL EMPLEO."
Instructor,1,243492,4065092,"Doce(12) meses de EXPERIENCIA RELACIONADA, 
 Y, Doce(12) meses de EXPERIENCIA DOCENTE, 
 O, Doce(12) meses de Experiencia relacionada con el ejercicio de convergencia de redes y servicios y acreditar la totalidad de las catorce (14) certificaciones de la ruta formativa en “Competencias Integrales para la Cualificación del Instructor SENA","Dependencia: VALLE-CENTRO DE DISEÑO TECNOLÓGICO INDUSTRIAL,  Municipio: Cali, Total vacantes: 1","Título de PROFESIONAL en NBC: INGENIERIA DE SISTEMAS, TELEMATICA Y AFINES
 ,O, NBC:   INGENIERIA ELECTRICA Y AFINES
 ,O, NBC:   INGENIERIA ELECTRONICA, TELECOMUNICACIONES Y AFINES."
Profesional,1,243493,5848204,Seis(6) meses de EXPERIENCIA PROFESIONAL RELACIONADA,"Dependencia: DISTRITO CAPITAL-DESPACHO DIRECCIÓN,  Municipio: Bogotá D.C., Total vacantes: 1","Título de PROFESIONAL en NBC: DERECHO Y AFINES.

Titulo de postgrado en la modalidad de ESPECIALIZACION EN AREAS RELACIONADAS CON LAS FUNCIONES DEL EMPLEO."
Instructor,1,243494,4065092,"Doce(12) meses de EXPERIENCIA RELACIONADA, 
 Y, Doce(12) meses de EXPERIENCIA DOCENTE, 
 O, Doce(12) meses de Experiencia relacionada con el ejercicio de producción ambiental, seguridad y salud en el trabajo y acreditar la totalidad de las catorce (14) certificaciones de la ruta formativa en “Competencias Integrales para la Cualificación del Instructor SENA","Dependencia: CUNDINAMARCA-CENTRO DE BIOTECNOLOGÍA AGROPECUARIA,  Municipio: Mosquera, Total vacantes: 1","Título de PROFESIONAL en NBC: BIOLOGIA, MICROBIOLOGIA Y AFINES
 ,O, NBC:   EDUCACION
 ,O, NBC:   INGENIERIA AMBIENTAL, SANITARIA Y AFINES
 ,O, NBC:   INGENIERIA INDUSTRIAL Y AFINES."
